0,h,tjc
3,h,t5q
5,h,1297
6,h,pez
d,h,j2h
e,h,48d
h,h,1ecq
i,h,7oh
j,h,ltt
l,h,ffb
o,h,tba
p,s,1hvb
q,s,1hvc
r,h,19y9
s,h,168u
t,h,fpr
u,h,p8u
w,h,his
x,h,e42
y,h,wuk
10,h,75x
12,h,s6r
13,h,18
14,h,1dst
15,h,9qb
16,h,by4
17,h,wyz
18,h,1dst
19,h,15x7
1a,s,1a27
1b,s,1a26
1c,h,kvb
1d,h,1a2v
1e,h,1ile
1f,h,16og
1g,h,16oh
1h,m,phq
1h,m,1j
1h,m,1l
1h,m,r9b
1h,m,xzd
1l,h,8pd
1n,s,jfb
1q,h,14gk
1r,h,848
1s,h,xak
1v,h,ytl
1w,h,192o
1x,s,1l7
21,h,1a64
26,h,4vj
28,h,3p
29,h,26r
2a,s,3l
2b,h,w0y
2d,h,38w
2e,h,hpk
2f,h,bl
2g,h,q2l
2h,s,q2s
2i,h,nua
2j,h,nu9
2j,h,fk7
2k,s,z7s
2l,s,11hx
2n,m,k0u
2q,h,14te
2r,h,aj8
2t,s,bsw
2u,s,1hry
2v,s,oxq
2w,s,1dgm
2y,h,fo1
30,h,1jtv
31,h,16ed
32,h,zig
33,h,i7i
35,h,z0r
36,s,1dju
37,h,1jdw
38,s,10ws
39,s,ts0
3a,s,aqp
3b,s,tr6
3d,s,b2h
3e,s,80e
3f,s,k4h
3g,s,vnz
3h,h,1jmh
3h,h,17bz
3i,s,14lf
3j,h,ei0
3k,h,16g1
3k,h,198i
3l,s,e6n
3l,s,3j9
3l,s,26o
3l,s,siu
3l,s,l4t
3l,s,1dgw
3l,s,1j1d
3l,s,2a
3l,s,1dte
3m,s,ilc
3n,s,psu
3o,h,14ck
3q,h,16uf
3r,h,1hql
3s,h,wn8
3z,h,1f27
40,h,g0s
41,h,1620
42,h,1cwc
43,s,nub
45,h,11k5
46,h,1gbw
49,s,gxx
4a,h,idb
4a,h,3mp
4b,h,1f27
4c,h,hqf
4d,h,f32
4e,h,ioy
4g,h,gmz
4h,s,8nz
4i,h,1f27
4j,h,g0a
4k,s,1hsc
4l,h,jqj
4m,h,4pe
4n,h,nv9
4o,s,8h
4p,h,91n
4w,s,jy
4x,h,192t
50,s,13ck
51,s,1d00
52,s,1dwt
53,h,m5r
56,h,1koa
57,h,i7i
58,h,vlw
59,s,17mx
5b,s,qny
5c,h,e43
5d,h,16sp
5e,s,137o
5e,s,df5
5f,s,1eml
5h,s,ksw
5i,h,3y
5j,h,7w0
5k,s,1cb9
5l,s,1dlp
5m,s,1cml
5n,s,fhv
5p,h,fhx
5q,h,mp9
5r,h,nte
5s,m,2o7
5t,h,1e8c
5t,m,nxl
5u,s,19ep
5w,h,19u0
5x,h,16ea
5y,h,kbe
5z,h,lej
60,h,ssd
61,h,yjr
62,h,1fom
63,h,197r
64,s,3t3
64,s,1gru
65,s,q3r
66,h,fdz
67,h,1ggj
68,h,61
6a,h,u06
6b,s,qlv
6b,s,fbv
6b,s,u4x
6b,s,pxv
6c,h,7w
6d,s,b3m
6e,s,2ps
6f,s,1hpg
6g,s,q36
6k,h,bc2
6l,h,15vs
6m,h,g46
6n,h,12s2
6o,h,g0s
6q,h,ffw
6r,h,kuv
6s,s,qsl
6t,h,10ot
6u,s,in4
6v,h,1bit
6w,h,tag
6x,h,lh2
6z,h,5qo
71,h,15nu
72,h,r42
75,h,11i2
76,s,1fdw
76,s,15om
76,s,pf7
76,s,1c2p
76,s,38o
77,h,1biv
78,h,77
79,s,r44
7a,h,1bjc
7b,h,xxy
7d,h,162c
7g,h,11k5
7h,s,33a
7h,s,7o
7i,s,1ex8
7k,h,vql
7l,h,1ex5
7o,s,7h
7p,s,b8v
7p,s,pli
7p,s,b8t
7p,s,pml
7r,s,1f96
7s,h,1951
7t,h,bmx
7u,h,1dp8
7v,h,13ib
7w,h,b8r
7x,h,16ea
7y,h,1f9a
7z,h,10dd
80,h,hyj
81,h,lzz
82,h,16jd
83,h,10d9
85,h,prq
86,s,iab
87,h,1akt
88,s,ppw
89,s,kpe
8a,h,ymm
8b,h,kok
8e,h,14tw
8f,h,15ee
8g,h,15ee
8h,s,100h
8h,s,h0s
8h,s,1drr
8h,s,c3o
8h,s,j0w
8h,s,1eue
8h,s,15be
8h,s,15a2
8h,s,12i4
8h,s,1fbi
8h,s,1g15
8h,s,1iwr
8h,s,1tv
8h,s,ubi
8h,s,4o
8j,h,fqu
8k,h,3gs
8l,h,1ij4
8m,s,4nm
8n,s,wrb
8o,h,1kqy
8p,s,z7r
8q,s,nq6
8t,h,12of
8u,h,1dv2
8v,h,sxx
8w,s,yit
8x,s,prv
8y,s,e58
8z,h,97q
92,h,1gi7
93,h,1kmd
93,m,ant
93,m,1hy9
95,s,1f96
96,s,18my
97,h,3so
99,h,ov6
9a,h,18mw
9b,h,h67
9c,h,191r
9d,h,qyf
9d,m,99
9e,h,18n9
9f,h,ibb
9g,h,3so
9k,h,11un
9l,s,12p4
9n,h,oav
9p,h,11mg
9q,m,wri
9q,m,9r
9q,m,rp7
9q,m,1fl1
9r,h,wri
9t,h,1dk7
9u,h,1exl
9w,s,q9u
9x,h,r28
9y,h,91u
9z,s,jel
a0,h,91l
a1,h,1buk
a2,h,15dx
a3,s,q9t
a4,h,115w
a5,h,1ioa
a8,h,1427
a9,h,ez7
ad,h,1d4k
ae,h,igf
af,h,m40
ag,h,15hj
ah,h,15hj
ai,h,af
aj,h,f5e
ak,h,4pe
al,h,15ns
am,h,15hj
ao,s,4as
ao,s,1i1i
ao,s,1hpu
ap,s,1cfk
aq,s,k4g
as,h,1akt
at,h,37j
au,h,gcr
av,h,hh
aw,h,as
ax,s,gm
az,h,b5l
b0,h,gg1
b1,h,177u
b2,h,1jsb
b3,h,ahi
b4,h,zie
b5,h,2lv
b6,h,15sx
b7,h,15hc
b8,s,1dvc
b9,s,nln
b9,s,2m6
ba,s,b5u
bb,s,3qe
bc,s,2m5
bd,h,q9n
bf,h,hi
bg,h,16a
bh,h,3h0
bi,h,15sg
bj,h,aao
bk,h,b4x
bl,h,cvw
bm,s,1dvc
bn,h,woi
bo,h,nne
bq,s,1hvo
br,m,mmc
bs,h,2ml
bt,h,2jg
bu,h,mg
bv,h,q0
bw,s,331
bx,h,1493
bz,h,nqv
c0,s,b37
c1,s,o7r
c2,h,19ks
c4,h,u50
c5,h,177
c6,h,1m3
c7,s,yk5
c8,s,mk
cb,h,nne
cc,h,10sk
cd,h,xmc
ce,h,1gg6
cf,h,38x
cg,s,1342
ch,s,1anp
ci,s,b3m
cj,s,19kp
ck,h,j9
cl,h,16a
cm,h,b1w
cn,h,m8h
co,h,m9l
cp,s,cr
cp,s,161
cp,s,bm0
cp,s,bag
cp,s,bm3
cq,s,bnm
cr,s,cp
cs,s,16ip
cu,m,11vx
cv,h,xmc
cw,h,169q
cx,h,pyg
cy,h,1cjk
cy,m,44h
cz,h,13xn
d0,h,4pe
d2,h,e21
d3,h,qb3
d4,h,16r2
d5,s,16r3
d6,h,z4a
d7,h,7fe
d8,h,itk
d9,h,1ebh
da,h,164q
dc,h,tnv
dd,h,2ke
de,h,q20
df,h,8ww
dg,s,3nt
dh,h,5qo
di,h,dz
dj,h,q9n
dk,h,n7
dl,h,q9n
dm,h,q9n
dn,h,q9n
do,h,qpu
dp,s,q9t
dq,s,q9t
dr,h,q9q
dt,s,q9s
du,h,38k
dv,h,bt4
dw,h,h5z
dz,h,q9q
e0,h,q9p
e1,h,y7h
e2,s,na
e3,s,hj
e4,h,164r
e5,h,14te
e6,h,14te
e7,s,1d06
e7,s,1dxh
e7,s,a8x
e7,s,1iw2
e7,s,1gs7
e8,s,c9r
eb,h,ell
ec,s,dct
ed,h,94v
ee,h,37p
ef,h,z0r
eg,s,qaf
eh,h,954
ei,h,e6v
ej,h,fq8
em,s,1ijk
eo,h,it9
ep,h,19hm
eq,s,1dsp
er,h,18qj
es,h,12f0
et,h,19hz
eu,m,v9z
ev,s,1af9
ex,s,1blf
ey,s,1i32
ez,h,5kb
f0,h,1bly
f1,s,b7m
f2,h,1ban
f4,h,1cq
f5,h,1rl
f6,h,1vy
f7,h,185n
f8,h,15gz
fa,h,1bfy
fa,h,sd4
fb,h,1vy
fc,s,1blf
fd,h,ln
fe,h,lo
ff,h,y94
fi,h,mwk
fj,h,9vi
fk,h,10cg
fl,h,nml
fn,h,lcy
fp,s,dq1
fr,h,1340
fs,h,1dk6
ft,h,11k5
fu,h,oav
fw,s,10cn
fx,h,7xg
fy,h,17es
g0,s,17yz
g0,s,1k5u
g0,s,2t4
g0,s,94n
g0,s,114y
g0,s,33w
g0,s,1b6p
g0,s,h1c
g0,s,qrj
g0,s,mys
g0,s,1ark
g0,s,5mc
g0,s,ade
g0,s,8zj
g1,h,b5l
g2,h,upk
g3,s,g5
g5,s,g3
g6,s,1blf
g7,h,xxy
g8,h,924
g9,h,1blh
ga,h,11ny
gc,h,1104
gg,m,518
gi,h,azb
gj,h,1f74
gk,h,ae
gl,h,ae
gm,s,3a7
gm,s,14o8
gm,s,ax
gm,s,m9i
gn,s,1i4i
go,h,w52
gp,h,ead
gr,s,5qh
gs,h,oqf
gs,h,a4l
gu,m,gt
gv,h,lcy
gv,m,dac
gw,m,1e37
gy,h,16d7
h0,h,11v1
h1,h,11v4
h2,h,qnf
h3,h,qnp
h4,h,169q
h5,h,11k5
h6,s,ja5
h7,h,as
h8,s,yzh
h9,s,3qe
ha,h,1akr
hb,h,m40
hd,h,11k5
he,h,em7
hg,h,ii
hh,h,hg
hj,s,12l4
hj,s,13e3
hj,s,e3
hj,s,3qo
hj,s,133u
hj,s,15c5
hj,s,1bj2
hk,h,mwe
hl,h,1424
hn,h,tdt
ho,s,qsl
hs,h,2sk
ht,m,vx5
ht,m,u8o
hu,s,16mx
hv,h,3e6
hw,s,jy
hx,h,nbl
hy,h,kcz
i1,h,pgz
i2,h,13uc
i3,h,kvb
i5,h,4lv
i7,h,13uc
i8,s,b5w
id,h,10cv
ie,h,j2h
ig,h,12d3
ih,h,tdt
ii,h,ii1
ij,m,18l6
ik,h,11fi
il,h,iwc
ip,h,19ho
iq,h,in
ir,h,4pe
it,h,11fh
iu,m,49g
iw,h,kh
ix,s,pwf
iz,h,18xc
j1,m,9hm
j2,h,9c7
j3,h,1tk
j7,h,2aj
j8,h,1l29
j9,h,ii
ja,h,1cj7
jb,h,12j6
jc,h,gjx
jd,h,vso
jd,m,sdm
jf,h,1kkw
jg,h,8zr
jh,s,1hye
jk,h,91u
jl,h,91u
jm,h,91u
jn,h,91u
jo,s,1ghy
jp,s,15hy
jq,s,jz
jr,s,k6
js,s,8nz
jt,h,1ct1
ju,h,4xa
jv,h,1dik
jw,s,13yv
jx,s,13t0
jx,s,kg
jy,s,pfs
jy,s,p2t
jy,s,142
jy,s,1c3x
jy,s,hw
jy,s,4w
jz,s,jq
jz,s,cfx
k0,s,mif
k0,s,1c60
k0,s,7fx
k0,s,6v4
k0,s,zh0
k0,s,7fu
k4,s,1fr
k5,s,i8o
k6,s,jr
k7,h,11k5
k8,s,zil
k9,s,rfp
ka,s,ipy
kc,h,1jau
ke,h,1g8v
kf,h,12ra
kg,s,jx
kh,h,ii
ki,h,80c
kj,h,147f
kk,h,twn
kl,h,11fm
km,h,11k5
kn,h,kl
kp,s,h7a
kq,s,15j9
kr,s,1gs4
ks,s,15j9
kt,s,dcc
ku,h,4yc
kv,h,16ja
l1,s,xas
l2,h,vso
l3,s,12p4
l4,h,1aai
l6,s,1af9
l7,h,19s0
l8,h,1gi1
l9,h,1gi1
la,s,1ddo
lc,s,19rn
ld,s,11dk
le,s,cxk
lf,h,a9
li,h,19cg
lj,h,r1c
lk,h,19sa
lm,s,1fl
ln,h,n3c
lp,s,1i3m
lq,s,1i7e
lr,h,1415
lv,h,10w0
lv,h,xm7
lw,h,doo
ly,s,1axf
m1,h,w8d
m2,h,16p9
m3,s,qmw
m5,s,noa
mb,m,4bz
mc,h,91w
md,h,2q
me,s,1iq7
me,s,bzt
me,s,q3
me,s,1hxz
me,s,hb9
mf,h,1kqj
mh,h,1m3
mi,s,wvf
mj,h,ews
mk,s,qa
mk,s,c8
ml,m,14lg
mn,h,q9q
mo,h,1cjb
mp,h,7o8
mq,h,kvl
mr,h,28w
ms,h,yvk
mt,h,vnp
mu,h,7og
mv,h,7oh
mw,h,1j5e
mx,h,hy5
my,h,gn5
mz,h,ncm
n0,s,el1
n0,s,1cj
n2,h,cqq
n3,h,3sn
n5,h,b4x
n6,h,q9p
n8,h,1djx
na,s,b3g
na,s,e2
na,s,qa2
na,s,r2w
na,s,iyz
na,s,1dum
na,s,1dpo
nb,h,n5
nc,h,wob
nd,h,s4t
ne,h,1c1y
nf,s,bgy
ng,s,1cdf
nh,s,bgy
ni,h,ahj
nk,m,613
nk,m,rb6
nk,m,ba3
nl,h,v7n
nn,h,fc7
nn,m,1l1c
no,h,1cex
np,h,azc
nr,h,sr2
ns,h,1enf
nt,h,1ij2
nu,h,np
nv,h,b6
nw,h,ato
nx,h,1f7
nz,h,15pa
o0,h,1f4l
o1,h,b5l
o2,h,14gk
o3,h,xak
o7,h,14lh
o8,h,86h
ob,s,ogp
oe,h,yup
of,h,i0h
og,h,yuq
oh,h,yuq
oi,h,yuq
oj,s,1anp
ok,h,1anr
om,s,op
om,s,b2j
on,s,1dmi
oo,s,18dj
op,s,om
or,h,vl2
os,h,koc
ot,h,s8
ou,h,3g6
ov,s,oy
ow,h,1104
oy,s,ov
oy,s,mev
oy,s,ml3
oy,s,130
oy,s,n98
oy,s,ajr
oy,s,ajn
oy,s,1277
oy,s,1cre
oz,h,vlw
p0,h,1cr8
p3,m,uw0
p4,h,jcp
p5,s,jgo
p7,h,jgj
p9,h,10vy
pc,h,y0l
pd,s,a8t
pe,s,bke
pf,s,y0d
pj,h,wvg
pj,m,pk
pl,h,mn
pm,h,hqe
pn,h,a9l
po,h,1f27
pp,h,135u
pq,h,s32
ps,h,11k5
pt,h,qj9
pu,h,393
pv,h,bqf
pw,s,1dh0
px,s,bke
py,h,95e
pz,h,91u
q0,h,91v
q1,h,mc
q2,h,e0l
q3,s,me
q4,s,925
q5,s,km9
q5,s,1jws
q7,s,zq0
q8,s,1m4
q9,h,rea
qa,s,mk
qb,h,q15
qc,h,7pb
qd,h,wev
qe,h,1cym
qf,h,nb
qg,s,o7r
qh,h,v3u
qi,h,m8s
qj,h,1ghu
qk,h,fby
ql,h,v3x
qm,h,60z
qm,m,oga
qn,h,vu5
qo,h,s74
qr,h,nxg
qs,h,jsk
qt,h,nxg
qu,h,il2
qv,s,ibq
qw,s,12hc
r1,h,132u
r2,h,tto
r3,h,5r4
r4,h,16q9
r5,h,ucf
r6,s,ugv
r7,h,11k5
r8,h,uh1
ra,h,an
rb,s,1iv
rb,s,11ib
rc,h,hyq
rd,h,go
re,h,e23
rf,h,11ij
rg,h,11ij
rj,h,19hu
rk,h,5qo
rl,h,q1x
rm,h,qp1
rn,h,smf
ro,h,e6w
rp,h,vp
rq,h,15mn
rr,s,fsp
rs,s,1hqt
rv,h,a10
rw,h,6s6
rx,h,fkh
ry,m,14dk
rz,h,pru
s1,h,s7r
s2,s,1kxh
s3,s,prr
s4,s,prs
s5,h,v3k
s7,h,dll
s8,h,9m3
s9,h,af
sa,h,1eg7
sd,h,11k5
se,h,5r4
sf,h,13u9
sg,s,kze
sh,h,10oz
si,h,3iv
sj,s,ugi
sl,h,r3
sm,h,1kni
sn,h,ugp
so,s,ugv
sp,s,16z6
sq,s,uh6
ss,s,cuu
ss,s,cye
ss,s,l9z
ss,s,1dai
ss,s,6x4
ss,s,10ih
ss,s,cuv
ss,s,qmb
ss,s,1gw5
ss,s,4qa
ss,s,cut
ss,s,90w
ss,s,qru
ss,s,xcf
ss,s,1f3s
ss,s,jj9
ss,s,56d
ss,s,la7
st,h,e3i
su,h,e3k
sx,h,hr9
sy,h,32
t0,h,1irm
t2,s,1ct2
t3,h,oys
t8,s,14mc
t9,s,106
ta,s,nlp
ta,s,a1n
ta,s,a4x
ta,s,c2z
ta,s,e9r
tc,h,1bit
te,h,1biu
tg,h,1biv
th,h,1bjc
ti,h,kaf
tj,s,kae
tk,h,11k5
tl,h,239
tm,s,vnz
to,h,1dim
tp,s,q1u
tq,s,izj
tr,h,q1x
ts,h,91n
tt,h,tn4
tu,h,tt
tv,s,ppk
tw,s,1hqh
ty,m,1h2q
ty,m,1euf
ty,m,kxt
ty,m,1fe1
ty,m,ju3
ty,m,uy2
tz,h,vo5
u0,s,143v
u1,s,go0
u2,h,1dp4
u3,h,q9p
u4,s,gxx
u5,s,lb7
u6,h,1gg6
u7,h,144j
u8,h,xds
u9,h,57w
ua,h,tge
ub,h,19jm
uc,h,1jrz
ud,s,13dm
ue,s,t2r
uf,s,13yp
ug,s,ogn
ui,s,t2p
uj,s,9wk
uk,h,12g
ul,h,ewb
um,h,xea
un,s,13yp
uo,h,380
up,h,12ol
uq,h,52l
ur,h,13g3
us,s,52g
us,s,12lt
us,s,fiz
ut,s,is2
uw,h,2z0
ux,h,18zi
uy,h,9nz
uz,h,9ny
v0,s,j0m
v1,s,ksx
v2,h,1hm5
v3,h,11k5
v4,h,v3
v5,h,15pz
v6,s,1c3q
v6,s,1e0u
v6,s,3jk
v7,h,62z
v9,h,wvg
v9,m,v8
vb,h,v9
vd,h,11k5
ve,s,1hqt
vf,s,1hqu
vh,h,wod
vi,h,woc
vj,s,3hq
vk,h,25e
vl,h,13ax
vm,s,14e9
vn,h,14e6
vo,h,awt
vp,h,144h
vq,h,1kfh
vr,s,1jy9
vr,s,57t
vs,h,qnf
vt,s,qny
vu,h,11k5
vv,h,3no
vw,h,25k
vx,s,qnw
vy,h,1duy
vz,h,11k5
w0,h,t6w
w1,h,177u
w2,s,1jsq
wa,h,rvd
wg,h,mwk
wh,h,9vi
wk,s,1ghy
wl,s,h7n
wm,h,xxy
wo,h,2hv
wq,h,hv
wt,h,ncj
wu,s,qzc
wv,h,zou
ww,s,108a
x1,h,w79
x2,h,w7g
x3,h,vsj
x5,h,11v3
x6,h,aas
x7,h,fou
x8,h,164d
x8,m,zx5
xc,m,p01
xg,s,10dc
xg,s,31v
xg,s,19d2
xg,s,ccu
xi,s,1eox
xk,h,11qw
xl,s,1dpu
xo,s,10f
xq,h,l9b
xr,s,l9c
xv,h,1g9r
xw,h,jlr
xx,h,91u
xy,h,91u
y0,h,13mw
y1,s,1egw
y1,s,1df1
y1,s,1b17
y1,s,pzy
y2,s,bpy
y2,s,31f
y2,s,12kv
y2,s,v7o
y2,s,15e
y4,s,xef
y6,h,jlr
y7,s,hlu
y8,s,uh6
y9,h,hlx
ya,s,8us
yb,h,11k5
yc,h,1f4p
yc,h,tdt
yd,h,393
ye,h,zoy
yf,h,rzi
yg,s,169f
yh,h,169q
yi,h,39e
yj,s,169g
yl,h,sh2
ym,h,3io
yn,h,siz
yo,h,siz
yp,h,169i
yq,h,krd
yr,h,16mu
ys,h,3iq
yt,h,e21
yw,h,axo
yx,h,s33
yz,h,3sa
z0,s,1332
z4,h,3g4
z5,h,3g4
z6,h,x7v
z7,h,kwg
z8,s,xce
z8,s,2j3
z8,s,meu
z9,h,qxd
za,h,1igc
zb,h,dn7
zc,s,pow
zd,s,1hrc
ze,h,vh
zf,h,pp4
zg,h,1gr5
zh,s,1i32
zi,h,1jtc
zj,h,1755
zk,s,174w
zl,h,1bvb
zo,h,12bs
zp,h,bzc
zq,h,tms
zr,h,14uc
zs,h,jue
zt,h,z2x
zu,h,5o8
zv,h,34m
zw,h,p3i
zy,m,14g9
zz,m,s8z
zz,m,oau
zz,m,s83
zz,m,zv
100,h,1c3u
101,h,jar
105,s,xee
106,s,kf7
106,s,1jpi
106,s,t9
107,s,lf4
108,s,imf
10a,s,xee
10b,s,dcc
10c,s,187m
10d,s,13hn
10e,s,1ek3
10f,s,141
10f,s,xo
10f,s,19ze
10f,s,jia
10f,s,pej
10f,s,nm8
10f,s,10j0
10f,s,1krt
10f,s,a0k
10f,s,pao
10f,s,2lo
10f,s,ozu
10f,s,yvg
10f,s,1i1f
10f,s,1b2
10f,s,l9r
10g,s,b95
10h,s,b95
10k,m,227
10k,m,4cy
10k,m,1bg5
10k,m,utx
10k,m,v12
10k,m,1dlk
10k,m,bi5
10k,m,1l0t
10k,m,usj
10k,m,7tt
10k,m,xeo
10k,m,yu9
10k,m,ll3
10k,m,8xy
10k,m,19b7
10k,m,1el4
10k,m,bi3
10k,m,sue
10k,m,id6
10k,m,xsv
10k,m,6c2
10k,m,53e
10k,m,suo
10k,m,1e21
10k,m,1h6q
10k,m,tij
10k,m,uzw
10k,m,lov
10k,m,fza
10k,m,n81
10k,m,17y2
10k,m,tmy
10k,m,voh
10k,m,ydn
10k,m,m4s
10k,m,scb
10k,m,182j
10k,m,h98
10k,m,1dlj
10k,m,19rb
10k,m,7e0
10k,m,ydm
10k,m,1kz1
10k,m,1fup
10k,m,tnm
10m,h,11k5
10o,h,guq
10q,h,net
10r,s,10u
10u,s,10r
10v,h,1295
10w,h,ews
10y,h,bm5
10z,h,h72
111,h,12h2
113,h,tp9
114,h,bm5
115,h,dtj
115,m,wbr
116,h,11y7
117,h,1giw
118,h,112
119,h,n5
11b,h,1fs7
11d,h,c5f
11g,s,33r
11i,h,ugl
11j,h,ugl
11l,s,zgn
11m,h,d8w
11n,h,n8y
11o,h,lhs
11p,h,4jj
11t,h,8z5
11v,m,sa8
11x,s,zgn
11y,s,zb6
120,h,143k
122,h,evv
123,h,91u
124,h,11c5
125,h,124
126,s,zb5
127,s,1kmx
128,s,zb5
129,s,17am
12a,s,13kw
12b,h,zbn
12d,h,fit
12e,s,11hx
12f,h,pu5
12h,h,7f2
12i,h,ja
12j,h,12ac
12k,h,u15
12m,h,8nw
12n,h,16jo
12o,h,8nw
12o,h,1dim
12p,h,7fe
12q,h,z8s
12r,h,1926
12u,h,ki1
12w,s,ane
12x,h,78y
12y,h,anb
12z,h,and
130,s,oy
131,h,3g6
132,h,a6b
136,s,1eas
137,h,2ak
138,h,q9p
139,s,r20
13a,s,22f
13b,s,r2a
13d,h,25o
13e,h,13r
13f,h,r23
13h,h,vlw
13i,h,1dp6
13i,m,y4h
13i,m,12be
13j,s,ane
13k,s,xhv
13l,h,atx
13m,h,wsc
13n,h,1hs6
13o,h,p29
13p,h,j9
13q,h,asr
13r,h,4xr
13s,s,18sq
13s,s,14g1
13s,s,p25
13s,s,z2l
13s,s,1grz
13s,s,4o3
13s,s,b2p
13s,s,13e9
13t,s,rd8
13u,s,p20
13w,h,gjx
13y,h,qy5
13z,h,1kqx
140,h,13e
141,s,10f
142,s,jy
143,s,r1i
145,h,mog
148,s,zb5
149,h,94w
14a,h,14a2
14b,h,fvg
14c,h,xds
14d,s,fuh
14d,s,s0p
14d,s,jqv
14d,s,14by
14d,s,l3y
14d,s,2y2
14d,s,pj3
14e,s,s0o
14e,s,196p
14e,s,17b1
14e,s,9qw
14e,s,1cu6
14e,s,9qv
14g,h,1gyo
14h,h,jlr
14i,h,fvk
14j,h,xak
14k,s,149y
14l,h,1grc
14m,h,142p
14n,m,c3y
14n,m,1jp9
14o,h,moa
14p,s,6tt
14q,h,19tm
14r,h,6ji
14s,s,6tt
14t,s,6tt
14u,h,169s
14v,s,169g
14x,h,6jz
14z,s,y6q
150,h,11k5
153,h,1hc8
155,s,10x8
156,s,imf
157,h,8qj
159,h,btk
15b,h,gmz
15d,s,b2n
15e,s,y2
15f,h,10ck
15g,h,1dm4
15h,s,10cn
15i,s,10cn
15k,h,1dmd
15l,h,10cg
15n,h,vdp
15o,h,vdp
15p,h,11ra
15q,h,17g1
15t,h,6jz
15u,s,17vg
15w,h,ag
15y,h,1dnx
161,s,cp
162,h,12h3
163,h,fpx
164,s,1hx9
165,h,1cjh
165,m,bc7
166,h,b1w
167,h,nr2
168,h,12bl
16b,s,17vg
16c,s,1i5d
16d,h,awt
16g,h,9zd
16h,h,jd0
16i,h,oav
16l,h,it9
16m,h,18oe
16o,m,53p
16s,h,ppv
16t,h,1e8c
172,s,1idz
173,h,16c0
176,h,16q2
177,h,kh
178,h,m64
179,h,38x
17a,h,ptp
17b,h,12kp
17e,h,1dm6
17g,h,18v
17h,s,pow
17i,h,fnm
17j,h,mgv
17k,h,1cn2
17l,h,1330
17m,h,r1w
17n,h,vqv
17o,s,1i85
17q,h,18e7
17r,h,l6v
17s,h,lst
17t,h,164d
17u,h,14te
17v,h,hf0
17w,h,vur
17y,h,14e8
17z,h,goh
180,h,17z6
181,h,avf
182,h,wf3
183,h,19ik
184,h,n9b
185,h,nis
186,h,10zp
188,h,ivd
189,h,gpt
189,m,1iuw
18a,h,12bp
18c,h,1gg5
18d,s,wsr
18e,h,16so
18g,h,3fd
18h,h,10cx
18i,h,199
18j,h,co9
18j,m,4oq
18j,m,agn
18j,m,yqg
18j,m,1ao8
18j,m,7jy
18j,m,1amo
18k,h,1jm5
18k,m,2yw
18l,h,yk2
18m,h,cv5
18n,h,1d96
18o,h,edv
18q,s,1iv9
18r,h,1f2w
18s,h,jcl
18t,h,j3y
18t,m,17va
18t,m,2n7
18u,h,khp
18v,h,ews
18w,h,l30
18x,h,1afe
18y,h,6sy
18z,s,laq
190,h,80j
191,h,tsm
192,h,u45
193,h,in5
194,s,1icr
195,h,1geg
196,h,kkx
197,h,p13
198,h,tww
198,m,kbl
199,h,19e
199,m,lnt
19a,h,902
19b,h,uw6
19c,h,uw7
19d,h,uwb
19e,m,155l
19e,m,a4
19e,m,12nl
19e,m,1kd9
19e,m,ovl
19e,m,ljp
19e,m,1kcl
19f,h,1439
19g,h,18t
19g,m,18n
19i,m,84k
19j,s,pow
19l,h,1bo2
19m,h,3er
19n,h,1bui
19o,h,1kbn
19p,h,18t
19p,m,17va
19q,s,rfw
19r,s,1fmu
19s,h,1bl5
19u,s,1iko
19v,s,tr1
19w,h,10vy
19x,h,10w4
19y,h,2sj
1a0,s,zgl
1a2,m,75f
1a3,h,sqa
1a5,s,cyu
1a6,s,1aer
1a7,s,169g
1a8,h,10n0
1a9,h,19ak
1af,h,13uc
1ag,h,1kd8
1ah,h,1bm9
1ah,m,x3m
1ah,m,1h1k
1ah,m,1aj
1ah,m,pay
1ah,m,1h1u
1ah,m,llc
1ah,m,5i8
1ah,m,198x
1ah,m,wst
1ah,m,dzi
1ah,m,wss
1al,h,1qp
1an,h,nbu
1ao,h,7o1
1ap,h,1k4b
1aq,h,u45
1au,h,9c5
1av,s,1kdh
1ax,h,ji4
1ay,h,ews
1az,h,1abc
1b0,h,1jlf
1b1,h,a7t
1b2,s,10f
1b3,s,45m
1b3,s,m4w
1b3,s,1f2y
1b3,s,nf9
1b3,s,11nd
1b3,s,cts
1b3,s,3td
1b3,s,9gn
1b3,s,2hq
1b3,s,kwv
1b3,s,1dcc
1b3,s,5u7
1b3,s,3fu
1b5,h,1jll
1b6,h,azp
1b7,m,so0
1b7,m,1ye
1b7,m,1akj
1b7,m,yix
1b7,m,1imi
1b7,m,vqa
1b7,m,s5s
1b7,m,p5w
1b7,m,1df
1b9,h,1qp
1ba,h,700
1bb,s,1kdh
1bc,m,1apr
1bd,h,1j00
1be,h,1gxa
1bf,h,1gxb
1bf,m,1be
1bg,m,1fr8
1bg,m,1bi
1bi,h,ifo
1bm,h,oj4
1bo,h,15ee
1br,m,49j
1br,m,7p5
1br,m,h5r
1bs,h,192o
1bu,h,9nz
1bu,h,oc3
1bw,h,26r
1by,h,129p
1bz,h,1gxv
1c0,m,65w
1c1,h,vup
1c2,h,66w
1c5,h,1e8c
1c7,m,15h6
1c8,h,s2w
1c8,h,vpn
1c9,h,kya
1c9,h,10e3
1cb,m,hgr
1cd,h,r18
1ce,h,14bl
1cf,h,588
1cg,h,u08
1ch,s,1bzp
1ch,s,goe
1ch,s,1k07
1ch,s,r9y
1ch,s,non
1ci,h,gnt
1cj,s,n0
1ck,h,yl4
1cn,h,15oq
1cr,h,1kiy
1cs,h,1gi7
1ct,h,16jo
1cw,h,x22
1cx,h,4vy
1cy,s,1i3h
1d0,h,14dv
1d1,h,16vr
1d2,h,tjc
1d3,s,kkt
1d3,s,toh
1d3,s,2tz
1d4,h,15ik
1d5,h,1jll
1d6,s,hsp
1d7,s,3sr
1d9,h,2xu
1da,h,3hu
1db,h,qdg
1dc,h,azy
1dg,h,k3m
1dh,m,1dg
1dj,h,oav
1dp,h,16o5
1dr,h,9pd
1ds,h,vts
1ds,m,1dt
1dt,h,kma
1dv,s,zwx
1e1,h,vmo
1e3,m,ojw
1e3,m,zlj
1e3,m,1e7
1e3,m,bp8
1e3,m,1e5
1e5,h,10m
1e6,m,8tx
1ea,h,1ed
1eb,h,1ee
1ed,h,qdg
1ee,h,1rb
1ef,h,17sf
1eg,s,15ub
1ek,h,xse
1em,h,e74
1en,h,inc
1eq,s,j0m
1er,s,ksx
1es,h,1gax
1et,s,38a
1eu,h,kt2
1ev,h,xz
1ex,s,1hzw
1ey,s,287
1ez,h,fmi
1f0,h,rmc
1f1,h,1gat
1f2,h,j9
1f3,h,15pa
1f4,h,14c0
1f5,h,sx1
1f6,h,ep9
1f7,h,16gd
1f8,h,vl2
1f9,h,1cfb
1fa,h,pz
1fb,s,1hq
1fc,s,1czy
1fd,s,zq1
1fe,h,1291
1ff,h,qc
1fj,s,1k6i
1fl,s,lm
1fm,h,fyu
1fn,s,l1m
1fo,s,1j0q
1fo,s,1j8i
1fp,s,u47
1fq,s,19cc
1fr,s,k4
1fs,h,3so
1ft,h,psg
1fu,h,11zo
1fv,h,1bfy
1fw,h,185n
1fx,s,4jg
1fy,h,11ny
1g0,h,1104
1g3,h,n3c
1g4,s,pyi
1g5,s,1kfj
1g6,s,iil
1g6,s,iim
1g6,s,gx3
1g7,s,b3m
1g8,s,1frc
1gc,s,18dj
1gf,h,ed
1gg,h,9wv
1gh,h,37l
1gi,s,e28
1gj,s,14xa
1gm,h,9dt
1gm,m,9hb
1gn,m,1aw3
1go,h,uim
1gp,s,uij
1gq,s,16jn
1gs,h,iwk
1gt,h,1exl
1gu,h,10w0
1gu,h,xm7
1gw,s,jen
1gx,h,1exl
1gy,h,10w0
1gy,h,xm7
1h0,s,jen
1h1,h,lxe
1h3,h,18e7
1h8,h,1dim
1hb,s,1dz7
1hc,h,g0a
1he,s,wrw
1hf,s,wui
1hg,h,1d3r
1hh,h,adn
1hi,h,bkk
1hj,h,zoy
1hj,m,1ji
1hk,h,1gi4
1hl,h,19ni
1ho,s,169g
1hp,s,1hx9
1hq,s,1fb
1hr,h,nz9
1hs,h,1hj
1ht,h,1hj
1hu,h,1hj
1hv,h,tay
1hw,h,cyh
1hx,h,cng
1hy,s,17mx
1hz,h,173t
1i0,h,173s
1i1,s,173v
1i3,s,fv3
1i4,h,386
1i5,h,38g
1i6,h,3nn
1i8,h,nk
1ia,h,fg0
1ib,h,b5l
1ic,h,x7l
1ig,h,11rr
1ii,h,1fb1
1ij,h,19r2
1ik,h,fuz
1il,h,9c7
1in,s,38c
1io,s,b3m
1ip,h,m8h
1iq,h,386
1ir,h,7o9
1is,h,fhi
1it,h,11ij
1iu,s,e4t
1iv,s,rb
1iw,h,19r2
1ix,h,167o
1iy,h,15rj
1iz,h,fid
1j0,h,tnu
1j1,h,1ip
1j2,h,wsg
1j3,h,5qo
1j4,s,q1u
1j5,s,5qp
1j6,m,1j8
1j7,h,1a64
1j8,h,1bwe
1j9,h,ojm
1ja,h,3iq
1jb,h,1ey1
1jc,s,194u
1jd,h,w1d
1je,s,qeu
1jg,h,194j
1ji,h,1cj9
1jj,h,393
1jk,h,bof
1jl,h,n3c
1jn,h,25x
1jo,h,25x
1jq,h,ls8
1js,s,139i
1jt,s,17o7
1ju,m,1jv
1jv,h,gnx
1jw,h,1b9r
1jx,h,54h
1jy,h,m9l
1jz,h,bwu
1k0,h,1j2
1k1,m,1cs
1k2,h,32a
1k3,h,1dkt
1k4,h,14kw
1k9,h,go
1kb,s,1i8t
1kc,s,1h97
1kd,s,ims
1ke,s,q7c
1kf,h,fpx
1kn,s,16nd
1kp,h,45e
1ks,m,1dh
1ks,m,19ni
1kt,m,p5n
1kv,h,xc5
1kw,h,1kk5
1kx,h,j2h
1ky,h,u5c
1kz,s,1ifa
1l0,h,tjc
1l1,h,1ci8
1l2,s,pyi
1l3,s,iuh
1l5,h,18un
1l5,m,tjc
1l7,s,1x
1l9,h,zn8
1la,h,2yb
1lb,h,1duw
1lg,s,1ifa
1lh,h,xc6
1li,h,xc8
1lj,h,546
1lk,m,vnr
1lm,s,18dj
1lp,h,qpb
1ls,h,34m
1lv,h,1ecf
1lw,h,1d96
1lx,h,18th
1lz,h,91u
1m0,h,1cpj
1m2,s,b05
1m3,h,91n
1m4,s,hkf
1m4,s,92a
1m4,s,q8
1m4,s,170e
1m5,s,8hv
1m7,s,dhw
1m8,s,191l
1m9,s,dhw
1ma,h,91w
1mb,h,ilv
1mc,h,im
1mf,h,hd1
1mg,h,1dkf
1mh,s,fma
1mi,s,1hh7
1mk,h,lyl
1ml,h,v1q
1mm,m,20a
1mn,s,ogp
1mo,h,hfl
1mp,h,fsx
1mr,h,1ah6
1ms,h,126j
1mt,h,126j
1mu,s,uhe
1mv,s,ogp
1mw,h,d9b
1mz,h,1d2k
1n1,h,1i80
1n4,h,1c7u
1n5,h,1nb
1n6,h,1nb
1n7,h,3bx
1n8,h,cca
1n9,h,b5l
1nb,h,w63
1nc,h,18mw
1nf,h,bo9
1ng,s,8rf
1nh,h,17z6
1nl,h,d2a
1nm,m,1nl
1nq,h,1j2
1nr,h,at1
1ns,s,1hx9
1nt,h,bo2
1nu,m,5yr
1nv,h,mq3
1nw,h,oav
1ny,s,pt5
1nz,m,1nw
1o1,m,1o2
1o3,h,11k5
1o4,h,3e6
1o5,s,ym5
1o6,s,1i41
1o9,h,c0c
1ob,h,1j5b
1oc,s,uh6
1od,s,uh6
1of,h,1dxz
1og,s,1dy1
1oh,s,1dy2
1oi,s,q0a
1ok,h,1kib
1on,h,10ru
1oo,m,1on
1op,h,fb2
1oq,h,1c2a
1os,h,132u
1ot,h,1op
1ou,h,1kuz
1ow,s,9of
1oy,h,hzx
1oz,h,nk8
1p1,s,fkq
1p2,s,a8t
1p3,h,18gs
1p5,s,1hdy
1p5,s,hv3
1p5,s,12vj
1p5,s,xil
1p6,s,1i9u
1p8,h,er3
1p9,h,gjx
1pa,h,er6
1pb,s,b6t
1pb,s,100r
1pb,s,14nn
1pb,s,36b
1pb,s,v81
1pc,s,f4j
1pe,h,jlr
1pf,s,1hdu
1pg,h,1jgw
1ph,h,1jgz
1pl,h,es6
1pm,h,dm3
1pn,s,1ep7
1po,s,o2o
1pr,h,84i
1ps,s,wsr
1pt,h,1jgz
1pu,h,1jgu
1pw,h,1jgx
1py,h,1jg3
1pz,h,3gw
1q4,m,s5t
1q6,s,57y
1q7,h,q16
1q9,h,1g6i
1qa,s,b4f
1qb,s,1dz7
1qc,s,1dz7
1qd,s,16r3
1qe,h,170d
1qg,s,57y
1qh,s,170f
1qi,s,57m
1qj,h,c9y
1qk,h,1cjh
1ql,h,1e8c
1qp,h,qpb
1qq,h,qpb
1qr,h,5j5
1qr,m,74p
1qt,h,huc
1qu,h,jkl
1qv,h,oav
1qv,m,m7q
1qw,h,t0e
1qz,h,ahj
1r1,h,12aw
1r2,h,1k85
1r3,h,31c
1r4,h,1110
1r5,h,kx9
1r6,h,deb
1r7,h,38q
1r8,h,91u
1r9,h,91v
1ra,h,w63
1rb,h,xxw
1rc,h,11k5
1rd,h,14vp
1re,s,9of
1rg,h,19ak
1rh,m,6fq
1rj,s,l9g
1rj,s,1jxp
1rn,s,8u0
1rp,h,l97
1rq,h,w7r
1rs,h,n3c
1rt,h,w0e
1rv,s,v11
1rw,h,l9b
1rx,h,113v
1rz,h,w7i
1s1,h,u08
1s3,h,n8y
1s4,h,13ue
1s6,h,kz5
1s7,h,1s0
1s8,h,1jtp
1s9,h,vlw
1sa,h,qno
1sd,s,1i0r
1sf,h,io9
1sg,h,a49
1sh,h,10oq
1sj,h,17z6
1sk,h,1iys
1sk,m,9n8
1sk,m,1sj
1sm,h,u0f
1sr,h,19w5
1ss,h,1514
1st,h,14te
1sv,h,19mx
1sw,h,32a
1sx,s,1hrw
1sy,s,qtg
1t0,h,e41
1t1,h,113i
1t2,h,u0j
1t5,h,uv6
1t7,h,13os
1ta,m,wgc
1tb,h,14ir
1tc,h,1csr
1td,h,9zg
1td,m,1iim
1td,m,184f
1td,m,1tg
1td,m,1eed
1tf,h,19e
1tf,m,12xg
1tg,h,1iys
1th,s,1tj
1tj,s,1th
1tk,h,wiu
1tn,m,1tm
1to,h,lnq
1tp,h,1cbj
1tq,h,rti
1ts,h,2aj
1tt,h,119v
1tu,s,lyz
1tu,s,lf8
1tu,s,1k7t
1tv,s,8h
1tw,s,t0j
1tx,h,ird
1ty,h,q9o
1tz,h,q9p
1u1,h,r27
1u2,h,19wj
1u3,h,8e
1u4,h,uv6
1u5,h,wvt
1u9,h,k99
1ua,h,16ed
1ub,h,fdd
1uc,h,zig
1ud,h,1hrz
1uf,s,qu8
1ug,h,96o
1uj,h,hxu
1uk,h,9ay
1ul,s,12h9
1um,h,ecx
1un,s,r44
1uo,s,p9c
1ur,h,meq
1uu,h,n3c
1uv,h,i0h
1uw,h,1chb
1ux,h,147f
1uy,h,ppv
1uz,h,18p7
1v1,h,anb
1v2,h,147w
1v3,h,147t
1v6,h,38r
1v7,m,v5r
1v7,m,1v8
1v7,m,ce7
1v7,m,1g4y
1v7,m,173r
1v7,m,125y
1v8,m,8fy
1v9,s,3cw
1va,h,1fou
1vb,h,31c
1vc,h,26r
1ve,h,5yx
1vf,h,16ho
1vh,h,zou
1vl,h,1cp5
1vn,h,1kki
1vo,h,15i4
1vr,m,fne
1vu,h,ile
1vv,h,1csr
1vw,s,1ct2
1vy,h,vua
1vz,s,wui
1w0,s,juo
1w1,h,b1a
1w3,s,1aer
1w6,h,1aet
1w7,h,qky
1w8,h,b1e
1w9,s,pps
1wa,h,110a
1wb,h,re9
1wc,h,15ll
1wd,h,cxt
1we,h,iwk
1wf,h,7ok
1wh,h,it9
1wi,h,it9
1wj,h,14c0
1wm,s,rmb
1wp,s,b41
1wt,h,1ghu
1wv,h,qyu
1wy,h,ijg
1wz,h,c4k
1x0,m,122j
1x3,h,16ho
1x9,s,1hh3
1xa,h,12s2
1xb,h,1544
1xd,h,fnn
1xe,m,v1i
1xe,m,1k85
1xe,m,1es2
1xe,m,1240
1xe,m,1a48
1xf,h,qdg
1xi,h,rzl
1xj,h,rzj
1xk,h,s5l
1xo,h,ing
1xp,m,3uv
1xp,m,1e1d
1xp,m,19z
1xp,m,6lk
1xp,m,mld
1xp,m,27g
1xp,m,gpe
1xp,m,dil
1xp,m,1xe
1xt,h,18gs
1xv,h,it9
1xw,h,fr8
1xx,h,1wq
1xy,h,x7t
1xz,h,1wb
1y0,h,2bi
1y2,h,169s
1y4,s,qps
1y5,h,1y2
1y6,h,qpv
1y7,h,ovz
1y7,m,kj3
1y7,m,19qf
1y8,h,1duz
1ya,h,jey
1yb,h,jey
1yc,h,bc2
1yd,h,jkp
1yf,h,2sg
1yg,h,2z1
1yh,h,i6i
1yi,h,k3m
1yk,h,zbp
1yl,h,11k5
1ym,s,10x8
1yn,s,zb5
1yp,h,zbo
1yq,h,11c5
1yt,m,mqo
1yv,h,1exl
1yw,h,10w0
1yw,h,xm7
1yy,s,1axf
1yz,s,jen
1z9,h,1dv4
1za,m,1zc
1zc,h,ifo
1zd,h,4vb
1zh,h,1cpz
1zl,s,ocd
1zl,s,5iu
1zl,s,r8b
1zl,s,1hwp
1zm,h,19m6
1zn,h,3pd
1zo,h,1a64
1zp,h,1a64
1zt,h,1zh
1zv,h,16id
1zw,s,azo
1zx,h,xun
1zz,h,1e8c
202,s,1jsq
203,h,lut
204,h,ki1
208,h,q2l
20a,h,4fp
20c,h,1bsg
20d,h,vu9
20e,h,gmz
20f,s,qv6
20g,h,gn0
20i,h,3p
20m,m,1kd8
20n,h,111b
20p,h,19rh
20s,s,mk8
20t,s,ugi
20u,h,oav
20v,h,kaq
20w,h,oaw
20y,h,1f8y
210,h,4zf
211,h,hls
213,h,2xw
214,h,jlf
215,s,22f
216,h,l78
21a,h,n46
21d,h,vu9
21e,h,21f
21e,h,1gx2
21f,h,1104
21g,h,zig
21i,m,ki2
21j,h,1irm
21k,h,146s
21l,h,1bo1
21m,h,ifo
21n,h,1gg6
21o,h,k3o
21p,s,22s
21q,h,18m3
21r,h,k3s
21w,h,147t
21x,h,147w
21y,h,mc
21z,h,kx9
220,h,deb
221,h,38q
222,h,k3w
223,h,hy4
224,h,1dvb
225,h,r2
226,h,fmi
227,m,1kz0
227,m,uiq
227,m,oc1
227,m,229
229,h,10m
22b,h,151a
22d,h,4ev
22f,s,1kow
22f,s,1b1u
22f,s,215
22f,s,p6l
22f,s,5la
22f,s,u4r
22f,s,rhd
22f,s,13a
22f,s,qel
22f,s,9lm
22g,s,1cyy
22h,s,1htf
22i,h,2e5
22n,h,fui
22o,h,fuj
22p,h,1dm4
22q,s,1bjj
22s,s,1gk6
22s,s,i4u
22s,s,3b4
22s,s,1gls
22s,s,15tl
22s,s,21p
22s,s,de0
22s,s,59z
22t,h,19qr
22u,h,19qq
22v,h,91u
22w,h,vrx
231,h,b5l
233,h,d6y
234,h,gvd
235,h,qep
236,s,zb5
237,h,1rq
238,h,198e
239,h,zou
239,m,nxe
239,m,j31
23a,s,11ur
23c,h,1g8q
23d,h,zou
23e,h,si9
23e,m,wxt
23e,m,239
23e,m,30o
23e,m,9my
23e,m,9k
23e,m,w73
23e,m,6i3
23e,m,d60
23e,m,h25
23e,m,y4l
23e,m,24x
23e,m,72j
23e,m,12ek
23f,h,g0s
23g,h,fpx
23i,h,xym
23l,h,1csv
23m,s,hvy
23m,s,15ki
23m,s,lfc
23n,s,xeg
23q,s,ren
23r,h,4yc
23s,h,23p
23t,h,ke
23u,h,jx9
23v,h,1eto
23x,h,g0s
23z,h,ffw
240,h,91u
241,h,p29
242,h,rgb
244,h,ety
245,h,oav
245,m,246
246,h,kaq
247,h,u06
248,s,1hpe
24a,h,143k
24b,m,216
24c,h,114s
24e,m,24f
24f,h,65p
24g,h,1a0a
24h,h,1bal
24i,h,6hw
24k,h,1104
24m,h,okt
24o,h,s1r
24p,h,ol5
24t,h,nox
24u,h,np2
24w,h,1kmr
24x,h,11un
24x,m,12tp
24x,m,24w
24x,m,zc1
24y,h,n5
24z,h,39x
250,h,2j0
251,h,q99
252,h,hh
253,s,esk
254,s,fqy
255,h,esq
256,h,esr
257,s,ess
258,h,esn
259,h,dti
25b,h,1kq7
25c,h,ird
25d,h,z24
25e,h,qnf
25f,h,1cjb
25g,h,xsl
25h,h,1ew8
25i,s,e28
25j,h,1cjh
25k,h,1cjh
25l,h,azp
25m,h,6we
25n,h,fpj
25o,h,211
25q,h,wr4
25r,s,fpk
25s,s,1grb
25t,s,fdt
25w,h,12bp
25x,h,15zm
25y,s,11gr
260,h,15pa
262,s,17o7
263,h,951
264,h,wx9
265,h,179l
266,h,fs6
268,h,1kuj
26b,h,qdz
26d,h,zbe
26e,h,hdj
26f,h,1f21
26h,h,aef
26j,h,9m3
26k,h,5qv
26l,h,2k0
26m,m,1qs
26o,s,3l
26q,h,3p
26r,h,11k5
26s,h,132r
26w,h,z1o
26x,s,xsq
26y,s,j3d
270,m,272
272,h,x9i
274,s,8nz
276,h,1a85
277,s,1fc9
278,h,129p
27b,s,pug
27c,s,zur
27d,h,pis
27g,m,9cp
27g,m,mz0
27h,s,1dce
27i,h,1cjh
27j,h,16ib
27k,h,12gw
27l,h,15hp
27m,h,1cjb
27n,h,15hj
27o,h,1bfu
27p,h,1bfu
27q,h,1638
27r,h,4pe
27s,h,vl2
27t,h,vvp
27u,h,15hj
27v,s,1bfh
27w,s,16r3
27x,s,16r7
27y,h,pfg
27z,h,y8r
280,h,12o
281,s,288
282,h,zk2
283,h,p29
283,h,fmi
284,h,oj6
286,h,gmz
287,s,1ey
288,s,281
289,s,y31
28a,s,p20
28b,s,q7h
28d,h,25n
28e,h,im
28h,m,28i
28k,h,1cd8
28l,h,56z
28o,s,13fs
28o,s,2b0
28o,s,295
28p,h,8o0
28r,h,15zq
28u,h,110j
28v,s,zb6
28w,h,6ew
28z,h,19ck
290,h,1f0l
292,h,1e6r
293,s,r59
294,s,lbn
294,s,13gk
294,s,lbp
295,s,28o
298,h,17jj
299,s,o05
29a,h,1bh4
29d,s,v0e
29e,h,smr
29f,h,h5k
29g,h,anc
29j,h,9zg
29j,m,29k
29k,h,ai3
29l,h,adf
29m,h,1l29
29n,h,fj8
29q,h,10t1
29s,h,wob
29t,h,13pm
29u,s,yl6
29v,s,p7h
29y,m,1d93
2a0,h,vrx
2a1,s,p7h
2a3,h,q20
2a4,h,1ebh
2a5,h,p4n
2a6,m,1252
2a8,h,t67
2aa,h,1528
2ac,h,11k5
2ad,h,n9b
2ad,m,13f0
2ae,s,e7i
2ag,h,vua
2aj,h,2ag
2ak,h,147f
2al,h,fx7
2am,s,1d16
2ap,h,vua
2ar,s,oxl
2as,h,im
2at,h,sn7
2au,h,irp
2av,h,nna
2aw,s,irw
2ax,h,irv
2ay,h,iru
2az,h,oxo
2b0,s,28o
2b3,h,j7v
2b4,h,ba3
2b6,h,vua
2b7,h,vua
2b8,h,3es
2b8,m,ogr
2ba,h,vua
2bb,h,vua
2bd,h,16d7
2be,h,vua
2bf,h,5c3
2bg,h,u08
2bh,h,12o
2bi,h,1dim
2bi,m,2bk
2bk,h,1aki
2bn,m,2bp
2bq,h,146n
2br,h,vua
2bs,h,b5l
2bt,s,t8m
2bw,h,2co
2bx,h,vnm
2by,s,o05
2bz,s,j6f
2c0,h,w63
2c1,h,2aj
2c4,h,ffw
2c6,h,bvq
2c8,h,qq5
2c9,s,10mq
2cc,h,fmi
2cd,h,yzr
2ce,s,z7q
2ci,h,xlw
2ck,h,zk5
2cl,h,zk2
2cm,h,164e
2cn,h,12yu
2co,h,vua
2cq,h,vua
2ct,h,it9
2cu,h,91u
2cv,h,2d1
2cw,s,zb6
2cx,s,1hqm
2cy,h,1a1i
2cz,h,91u
2d0,h,okw
2d1,h,31c
2d2,m,1b49
2d4,s,1hv5
2d4,s,33q
2d4,s,40t
2d4,s,a2b
2d5,h,vua
2d6,s,q9h
2d7,s,14lf
2d8,s,a1b
2d9,h,19hj
2da,s,1i8s
2db,s,1i8t
2dc,h,vua
2dd,s,e7i
2de,s,e7i
2df,h,zk2
2dh,s,f3y
2di,h,2ak
2dj,h,vua
2dk,h,16jd
2dl,h,sh7
2dm,h,2di
2do,h,vua
2dp,h,oyv
2dq,s,oza
2dt,h,1kki
2du,h,8pd
2dv,s,1ezz
2e2,h,zq2
2e3,h,5sz
2e5,h,hls
2e6,s,gx4
2e7,s,1grb
2e9,h,2e5
2eb,s,1bgf
2eg,h,1bd1
2eh,h,1f02
2ei,h,30a
2el,h,3dm
2em,h,lql
2en,h,3dn
2eo,h,2vn
2eu,s,1hgg
2ev,s,19dr
2ex,h,p4u
2ex,m,sk2
2ey,s,1bzc
2ez,s,1hvs
2f1,h,jlr
2f2,h,10x2
2f3,h,wiu
2f4,h,18eq
2f5,h,vua
2f6,h,13pm
2f7,h,pra
2fa,h,166o
2fb,h,ooz
2fc,h,zhp
2fd,h,pwr
2ff,h,zde
2fg,h,6jz
2fj,s,q3n
2fl,h,f09
2fm,h,12bw
2fn,m,2fo
2fo,m,5m5
2fq,s,q3n
2fr,h,vp0
2fs,h,r18
2ft,s,b9r
2fu,s,dq1
2fv,h,19mx
2fx,h,1csr
2g1,h,19tv
2g1,m,4vr
2g2,s,1fyr
2g3,m,652
2g3,m,2g4
2g4,m,oua
2g5,s,prf
2g7,h,gwn
2g8,h,b5h
2ga,h,1e8c
2gc,h,7ng
2ge,s,143v
2gf,s,c9x
2gg,m,51c
2gg,m,1ftb
2gg,m,1kfi
2gg,m,s3k
2gg,m,4hv
2gg,m,1dz5
2gi,s,14xa
2gj,m,y6a
2gj,m,2gk
2gk,m,g1n
2gl,s,1gs4
2gm,h,11p3
2go,m,4vb
2go,m,2g3
2gp,s,ym0
2gr,s,e7k
2gt,h,1f8y
2gu,h,vz
2gw,h,e6q
2gx,h,go
2gy,h,e74
2gz,h,ikh
2h2,h,x7o
2h3,h,jdz
2h6,h,13uc
2h9,h,168v
2ha,h,s
2hb,s,1hqg
2hc,h,fo1
2hd,h,4z7
2he,h,9ny
2hf,h,ffw
2hf,h,9ny
2hg,h,132u
2hj,h,14ir
2hk,s,uji
2hn,h,1qp
2ho,m,8mw
2ho,m,2hl
2hp,h,isq
2hq,s,1b3
2hs,h,180o
2ht,h,la5
2hu,h,mrn
2hv,h,i5c
2hx,h,aao
2hy,s,aaj
2hz,s,z3d
2i0,s,1ds5
2i3,h,1bz8
2i4,h,2in
2i5,h,pq4
2i6,h,2iq
2i7,s,1dt8
2i8,h,3iv
2i9,h,13u9
2ia,h,8zr
2ib,h,16lm
2ic,h,8zt
2ie,s,3hi
2ie,s,3iu
2ih,h,nnd
2ii,h,4pe
2ik,h,11ff
2im,h,14te
2in,h,nne
2io,h,3ha
2ip,h,16jd
2iq,h,2z1
2ir,h,13mw
2it,h,b9p
2iu,s,b9q
2iv,h,u2x
2ix,h,xse
2iz,s,eij
2j0,h,3g4
2j1,h,3g4
2j2,h,10sf
2j3,s,z8
2j4,h,32
2j5,h,qmc
2j7,h,mt
2j8,h,13uc
2ja,s,11dk
2jb,h,cqq
2jd,h,cin
2je,s,xd5
2jf,h,m3s
2jg,h,13ax
2jh,s,1ko7
2ji,h,2ml
2jj,h,12w2
2jk,m,2jj
2jl,h,1e6h
2jm,h,12bl
2jn,h,nk3
2jo,h,6li
2jp,h,fkh
2js,h,ldc
2jt,h,ews
2ju,h,gtm
2jv,h,16b3
2jw,s,16b4
2jx,h,11k5
2jy,h,1iiz
2jz,h,16lk
2k1,h,13ye
2k2,h,h80
2k3,h,j9
2k4,s,139z
2k5,h,ews
2k6,s,13a0
2k6,s,ktg
2k7,h,19m3
2k8,h,e3g
2k9,h,15z9
2ka,h,16lm
2kb,h,eim
2kc,h,m8q
2kd,h,ib5
2kf,h,i5a
2kg,s,38c
2kh,s,19kp
2ki,s,lir
2kj,h,z8s
2kk,h,11k5
2km,s,yj9
2kn,h,e16
2ko,h,lit
2kp,h,z4a
2kq,h,fpr
2kr,s,fuw
2ks,h,14nw
2kt,s,2n8
2ku,h,wve
2kv,h,n46
2kx,h,9zw
2kz,h,ibt
2l0,h,igi
2l1,h,cxf
2l2,s,cxj
2l3,s,bn1
2l5,h,gj
2l6,h,1hlp
2l7,h,q9q
2l8,h,16yc
2l9,s,1hly
2la,h,1hls
2lb,h,1f78
2lc,h,q9p
2ld,s,mtl
2le,s,fis
2lg,h,11k5
2lh,h,2au
2li,s,b5u
2lj,h,ji4
2lk,h,iru
2ll,h,845
2lm,s,11dk
2ln,s,1hop
2lo,s,10f
2lp,h,ytl
2lq,h,1g8j
2lr,s,1hs4
2ls,h,132u
2lt,s,a8t
2lu,h,b8x
2lv,h,xan
2lw,h,xe4
2lx,h,1fp8
2ly,h,1aet
2lz,h,mjh
2m0,h,ato
2m1,h,ato
2m2,h,nw
2m3,h,186
2m4,h,l9b
2m5,s,bc
2m6,s,b9
2m7,s,lkd
2m8,h,2mj
2m9,h,2ml
2ma,s,143g
2ma,s,4wf
2ma,s,10yf
2mb,h,39x
2md,h,144u
2me,h,1dny
2mf,h,wze
2mg,h,hg
2mi,h,hd
2mj,h,tto
2mk,h,as
2ml,h,w52
2mm,h,3ns
2mn,h,igf
2mo,s,3nt
2mp,h,3nn
2mq,s,jhl
2ms,s,qjg
2mt,s,a8u
2mu,s,a8t
2mv,h,16mv
2mw,h,18px
2my,h,1aet
2mz,h,1iyj
2n0,h,rzq
2n1,h,6jz
2n5,m,598
2n6,h,1akh
2n8,s,2kt
2n9,h,15oq
2nc,s,q6k
2nd,s,tti
2ne,s,r1i
2nf,h,2r
2ng,h,fpy
2nh,h,2me
2nk,h,d8h
2nl,h,6qf
2nl,m,dip
2nm,h,55w
2nn,h,5z1
2no,h,12au
2np,h,12au
2nq,h,1ek9
2nq,h,1j9n
2nr,h,11k5
2nv,s,199f
2nv,s,vcn
2nv,s,1ddq
2nw,h,12bp
2nx,h,icl
2ny,h,huu
2nz,h,ich
2o0,h,u0p
2o1,h,bdb
2o1,m,2qh
2o5,h,m1b
2o6,m,1lu
2o9,s,cyu
2od,m,uqc
2oe,h,19ai
2og,h,e3i
2oj,h,180o
2ok,h,7tj
2ol,m,y4g
2ol,m,14r8
2ol,m,zcz
2ol,m,1kvl
2ol,m,2oe
2on,h,19ak
2oq,h,18mw
2or,s,13w7
2os,m,32a
2os,m,aoz
2os,m,gcp
2os,m,7r0
2os,m,gw
2os,m,2un
2os,m,f3d
2ot,m,114o
2ou,h,30n
2ov,h,9zg
2ov,m,2ou
2ov,m,2pa
2ov,m,11o8
2ov,m,9q
2ox,h,w0a
2p1,h,wiu
2p5,h,19ak
2p6,h,18un
2p8,h,19ai
2pa,m,1bwk
2pa,m,uo6
2pc,h,1ed
2pd,h,1ee
2pg,h,bj4
2ph,h,1rc
2pi,h,1rb
2pl,h,it9
2pm,h,igi
2po,h,reb
2pp,h,1g6u
2pq,h,7fc
2ps,s,6e
2ps,s,fim
2ps,s,82z
2pt,h,vtn
2pu,h,s33
2pv,h,1gi7
2pw,h,l30
2px,s,1kji
2pz,s,6l6
2q0,h,j3y
2q2,h,jd4
2q3,h,bj4
2q4,h,1a64
2q5,h,ddf
2q7,h,10w4
2q8,h,1d96
2q8,m,2qh
2q9,m,2qa
2qa,h,mwk
2qb,s,17vg
2qc,s,iab
2qd,s,ddi
2qe,h,ddf
2qg,h,hyo
2qh,h,1d96
2qh,m,se7
2qh,m,1jds
2qh,m,1c5t
2qi,s,1dsq
2qj,s,1anp
2qk,s,12g5
2ql,h,51p
2qo,h,5hl
2qp,s,gxy
2qq,h,kx9
2qr,h,20m
2qs,h,5ix
2qt,h,s6r
2qu,h,a4l
2qv,h,s6r
2qx,h,f9t
2qy,h,13qn
2qz,h,13qi
2r1,s,gxx
2r3,h,29x
2r4,h,29y
2r5,h,it9
2r7,h,1c3i
2r8,s,k2u
2ra,h,tbq
2rd,h,swz
2rd,m,rlr
2re,h,csc
2rf,h,18oe
2ri,h,75x
2rj,h,fg0
2rj,m,2rf
2rk,h,13wv
2rl,h,1c9o
2rm,h,wx9
2rn,h,1dv2
2rp,h,em6
2rq,h,an5
2rr,h,anc
2rs,h,ano
2ru,h,13oy
2rv,s,6fh
2rx,h,105e
2ry,s,al2
2rz,m,7ay
2s0,m,4re
2s0,m,v9k
2s4,s,10ws
2s5,s,hy6
2s6,s,6tt
2s8,h,gx7
2s9,h,ugl
2sa,h,10wp
2sb,s,h81
2sc,s,h81
2sd,s,f4j
2sg,h,164e
2sh,h,1fzf
2sj,h,1d96
2sk,h,ixs
2sn,h,2sg
2so,h,12gd
2sr,m,1h16
2st,h,r8j
2su,h,2si
2sw,h,vyj
2sy,h,37e
2sy,m,2sw
2t0,h,176i
2t1,h,zml
2t3,h,1fpm
2t4,s,g0
2t5,m,10yh
2t5,m,17kq
2t5,m,10hd
2t5,m,c5z
2t5,m,1z7
2t5,m,x7d
2t5,m,2t9
2t6,m,2t8
2tf,h,mwk
2tg,m,14r3
2tg,m,14kb
2tg,m,1itp
2tg,m,897
2th,h,9c7
2ti,h,v3
2tl,h,kbn
2tm,s,12eo
2tn,s,bxk
2tp,h,13k4
2tq,h,bz2
2tr,h,13k4
2ts,h,iiw
2tt,h,fj5
2tu,h,1dpk
2tv,h,1inw
2tv,h,ni
2tw,h,1iq5
2tx,h,15ll
2ty,s,btb
2ty,s,14uf
2tz,s,1d3
2u0,h,m5g
2u1,h,11pc
2u2,h,eqm
2u3,h,1bal
2u4,h,mv1
2u7,h,1bh4
2ua,h,oc3
2uc,s,go0
2ud,s,gqs
2ue,h,gop
2uf,h,11k5
2ui,h,2u7
2uj,h,7lg
2uk,h,7lh
2um,h,15pu
2uo,h,4u6
2uq,h,nna
2ur,h,13uc
2us,h,t8s
2ut,s,yhe
2uy,h,ffw
2v2,h,vqs
2v7,m,yig
2v7,m,1kyo
2v7,m,m6j
2v7,m,1gvv
2v7,m,wwo
2v7,m,aqf
2v7,m,w40
2v7,m,11rk
2v7,m,13jj
2v7,m,k70
2v9,h,1qp
2vc,h,5zm
2vd,h,1qp
2ve,m,ji2
2ve,m,2vf
2ve,m,1f5z
2ve,m,1k4i
2ve,m,1090
2ve,m,s10
2vh,h,tu7
2vh,m,1kq2
2vh,m,njh
2vh,m,ks7
2vh,m,p8m
2vh,m,hbm
2vi,h,13zj
2vj,h,2x2
2vl,h,1duw
2vm,h,kbo
2vp,h,4ny
2vq,h,6li
2vr,h,1jtp
2vs,h,anb
2vt,h,ak6
2vv,h,48j
2vw,h,8yw
2vw,m,2vj
2vx,s,i5g
2vx,s,wem
2vz,s,4d6
2vz,s,a0z
2w1,h,17dv
2w2,m,2pf
2w2,m,1kvw
2w2,m,2w4
2w4,h,34m
2w6,h,1l5
2w7,m,1fgw
2w9,h,op0
2wa,h,1ca2
2wb,h,ue9
2we,h,wsz
2wg,h,ffw
2wh,h,147w
2wj,h,113v
2wl,h,48j
2wm,h,1jkk
2wn,h,1478
2wo,h,wf4
2wq,h,i5a
2wr,s,18hz
2wr,s,77l
2wr,s,uw5
2ws,s,18ik
2wt,s,i5e
2wx,h,v96
2wz,h,16q3
2x0,h,l0a
2x1,h,8pd
2x2,h,16rd
2x5,h,wf3
2x5,m,c9f
2x6,h,d1i
2x8,h,12g
2x9,h,8lu
2xa,h,yhn
2xb,h,lht
2xd,h,1fpn
2xe,h,oav
2xf,h,zak
2xk,h,1b07
2xl,h,1f9n
2xn,s,l2c
2xo,s,bum
2xv,h,1jgi
2xw,h,uya
2xx,h,xdt
2xy,h,1csu
2xz,s,3sk
2y0,s,1ezz
2y1,s,19n3
2y2,s,14d
2y4,h,9mv
2y7,h,u0p
2y9,h,eh
2ya,h,tdt
2yb,h,14nw
2yc,h,15v
2yd,h,b4z
2ye,h,zp6
2yf,s,su6
2yf,s,128z
2yg,s,zp9
2yh,s,31e
2yi,h,n3b
2yj,h,1d98
2yk,h,b54
2yl,h,xmd
2ym,s,1i0w
2yn,h,2yi
2yo,h,fpf
2yp,h,aao
2yr,s,aaj
2ys,h,qb3
2yt,h,dyf
2yu,h,q2l
2yv,h,3p
2yw,h,16so
2yx,s,q0a
2yy,s,1i9k
2z0,h,ck
2z1,h,j9
2z2,h,1ggj
2z4,h,1dk6
2z5,h,1jwr
2z7,h,13ow
2z8,s,148m
2za,h,9wz
2zb,h,vd3
2zb,m,12os
2zb,m,19oa
2zc,h,13zf
2zc,m,2zd
2zc,m,1ip5
2zd,h,12op
2zd,m,12oj
2zd,m,4cl
2ze,h,1chb
2zf,h,vae
2zg,h,1b14
2zh,h,n8q
2zi,h,2e2
2zj,h,2vr
2zl,h,185n
2zm,h,1gnu
2zn,h,9c7
2zp,h,gmz
2zp,h,11mg
2zq,h,b5l
2zr,h,wiu
2zs,h,lst
2zt,h,7cy
2zu,h,cvw
2zv,h,cs4
2zw,h,cs3
300,h,1a64
305,h,30a
306,h,18p7
309,h,qmc
30b,h,1ff6
30d,s,dg9
30d,s,hhp
30d,s,v76
30d,s,coj
30d,s,e5l
30d,s,eqz
30f,h,fli
30g,h,10cg
30h,h,110a
30i,s,1htf
30k,h,30m
30l,h,1104
30m,h,zig
30n,h,re0
30n,m,850
30n,m,1fes
30n,m,18p4
30o,h,11un
30o,m,qun
30o,m,fb9
30o,m,qum
30o,m,30n
30o,m,d4c
30s,h,1isp
30s,m,30t
30t,h,1iso
30u,h,11y7
30u,h,ykz
30v,h,31c
30w,h,192t
30x,h,euo
30y,h,z0n
310,s,hhh
311,h,bk7
312,h,1cjb
313,s,s02
315,h,1427
316,h,bko
317,h,iwd
318,h,rzq
319,h,azp
31c,h,1k68
31e,s,j4d
31e,s,y0g
31e,s,5px
31e,s,10d7
31e,s,2yh
31e,s,86t
31e,s,j7f
31e,s,i89
31e,s,byl
31e,s,v3j
31e,s,5gh
31e,s,grv
31e,s,8rl
31f,s,y2
31g,s,qtg
31h,h,qv4
31i,h,b76
31j,h,1i1a
31l,h,2vr
31l,m,1cul
31n,h,19ik
31p,m,ihe
31q,h,wtx
31r,h,1dam
31s,h,csc
31t,h,11fm
31v,s,xg
31w,h,v7k
31y,s,88f
31z,s,1i8o
320,s,1i5d
323,h,xs3
324,h,qor
325,m,vac
325,m,6nb
327,s,13n1
329,h,1chb
32a,h,oav
32c,h,1k4a
32d,h,13q0
32e,h,8dp
32g,h,132t
32j,h,1tk
32k,h,12mk
32l,h,qli
32n,h,1gg6
32p,h,9t
32r,h,ko4
32s,h,1awf
32t,h,91v
32u,s,18h8
32v,h,g46
32w,s,331
32x,s,g48
32y,h,xea
32z,h,tjc
330,h,twk
331,s,32w
331,s,ohd
331,s,1ie5
331,s,bw
334,h,922
335,h,1awe
336,h,tah
337,s,eu5
338,s,euj
33a,s,7h
33c,h,g0s
33e,h,1gxx
33f,h,1104
33h,m,wfi
33i,h,lhs
33i,m,33o
33j,h,9zg
33k,h,fyl
33k,m,33i
33k,m,33j
33l,h,1c3b
33m,h,cql
33n,s,3ix
33q,s,2d4
33r,s,k49
33r,s,1iss
33r,s,y98
33r,s,11g
33v,s,5tw
33w,s,g0
33x,h,16od
33y,h,1gi7
33z,h,1kiy
340,h,91u
341,h,mv2
342,s,19q2
342,s,n7y
342,s,hip
342,s,fia
344,h,5ef
345,h,18nc
347,s,aqz
348,s,1kk0
34a,h,rwq
34b,h,1cwn
34d,h,16wa
34e,h,16wa
34g,h,15ob
34i,m,1il6
34i,m,1eo7
34i,m,yp5
34i,m,1eb4
34i,m,14r7
34i,m,9h4
34i,m,sqn
34i,m,432
34i,m,saf
34i,m,qdc
34i,m,rh6
34i,m,11jv
34i,m,2ol
34i,m,y5h
34i,m,soj
34i,m,49w
34i,m,58y
34i,m,1eg0
34i,m,34k
34i,m,sq4
34i,m,tbp
34i,m,zcz
34i,m,1kvl
34i,m,10fm
34i,m,s18
34i,m,wzr
34i,m,1gzd
34i,m,rt3
34i,m,10dv
34i,m,1gzg
34i,m,zz
34i,m,wzs
34i,m,rh0
34i,m,1fkt
34j,h,anb
34k,m,rgc
34k,m,i1a
34k,m,12xi
34k,m,uo7
34k,m,1grr
34k,m,1gz4
34m,h,qpb
34n,h,kk
34t,s,kpe
34v,h,azc
34w,h,16lm
34x,h,m9d
34y,h,eev
34z,h,np
350,h,eev
353,s,qet
355,s,cyu
356,h,1ab9
358,s,q6l
359,s,1atc
359,s,g76
359,s,1hbr
359,s,1ayb
359,s,gmu
35c,s,qv6
35d,s,duo
35f,s,1i8t
35g,h,1j5e
35h,h,af9
35j,h,oav
35j,m,35k
35k,h,1iso
35l,h,1e3i
35m,h,jja
35n,h,949
35q,h,12z1
35u,h,fj8
35w,h,f4m
35y,h,fo4
35z,h,3gq
360,h,4c2
361,h,112b
362,h,wiu
363,h,1127
366,m,pis
368,h,lws
369,h,oav
36a,h,2jx
36b,s,1pb
36c,h,bo9
36d,h,16ed
36e,h,1423
36f,h,qpi
36g,h,1p9
36h,h,315
36i,h,14hx
36j,h,1vy
36j,h,184a
36l,h,kpa
36m,h,i54
36o,s,1jef
36r,h,qdh
36t,h,xjw
36u,h,xmz
36v,h,sfx
36w,h,e60
36x,s,duo
36y,h,xjt
36z,h,4ny
370,h,3gm
372,s,z7q
373,h,2kx
374,h,1dim
375,h,16ic
376,h,1f3z
377,h,1wq
378,h,1wh
379,h,1bry
37a,h,rzj
37a,h,uya
37c,h,13ye
37d,h,uqz
37e,h,lun
37f,h,1k68
37h,h,16jo
37i,h,16jo
37j,h,16a
37k,h,15w
37l,h,qwn
37m,h,4xp
37n,s,e28
37o,h,azp
37p,h,e1x
37q,s,hmg
37q,s,agz
37s,h,133h
37t,h,955
37u,h,ibw
37v,s,1eqo
37w,s,12ww
37x,h,11k5
37y,h,94z
37z,h,wzb
380,h,14te
381,h,133p
383,h,f7a
384,s,f7b
386,h,fuq
387,h,9m3
388,h,1gax
389,h,igf
38a,s,1et
38b,h,16f1
38c,s,2kg
38c,s,1in
38d,h,15pa
38d,h,10um
38e,h,guw
38f,h,tdt
38g,h,fuz
38h,h,1hm5
38i,h,10um
38j,s,f5m
38k,h,q0
38l,h,91u
38m,h,6v
38n,h,91v
38o,s,76
38p,h,169q
38u,s,15ok
38v,h,v5e
38w,h,1kkz
38x,h,1klm
38z,s,o7r
390,h,166h
391,h,1kq6
392,h,cj0
393,h,117b
394,h,1dh2
395,h,cb
396,s,1dh0
397,h,1fcv
398,h,97
399,h,398
39a,h,398
39b,h,398
39c,h,132u
39d,h,zoy
39d,m,393
39d,m,93r
39f,h,1hw7
39g,h,vz9
39h,h,169i
39j,h,n3b
39k,h,39d
39l,h,39d
39l,m,v04
39l,m,xot
39l,m,11qe
39l,m,sz9
39l,m,1f6l
39l,m,qgi
39l,m,716
39l,m,1j31
39l,m,7t9
39l,m,1ah0
39o,h,173s
39p,s,oeb
39q,s,f3y
39r,h,anb
39s,s,15lv
39t,h,iro
39v,h,91v
39w,h,xdt
39x,h,1egc
39y,h,15nu
39z,s,cgi
3a0,h,xse
3a1,h,pil
3a2,h,hh
3a4,h,wma
3a5,h,ii
3a6,s,kys
3a7,s,gm
3a9,h,8wn
3aa,h,axo
3ab,h,1cjh
3ac,h,r00
3ad,h,yt
3ae,h,11l8
3af,s,beq
3ag,s,193o
3ai,s,15lv
3aj,m,3a8
3aj,m,yfq
3ak,h,19ai
3al,h,1a9
3am,h,2p5
3an,h,2r4
3as,s,925
3at,h,nht
3at,h,9c7
3au,h,ki1
3av,h,1d99
3ax,h,944
3ay,s,vd7
3az,h,1ch3
3b3,h,wl0
3b4,s,22s
3b6,h,9zg
3b6,m,1chn
3b7,h,qm4
3b9,h,t7f
3ba,m,6yg
3bb,h,11k5
3bc,s,1htf
3bf,h,bc2
3bg,h,oav
3bh,s,3sh
3bj,s,q0a
3bk,h,jlr
3bn,s,q9x
3bp,h,li9
3bu,h,1eon
3bv,h,bvd
3bw,s,1ddg
3bx,h,vua
3bz,h,g3k
3c0,h,19mk
3c1,h,kse
3c3,h,14bl
3c4,h,3cc
3c5,h,1ggj
3c7,h,11v1
3c9,s,t0j
3cc,h,11v3
3ce,h,3c7
3cf,h,3cc
3cg,s,1azi
3ci,h,1kfg
3ck,s,19dr
3cm,s,1ias
3cm,s,ue4
3cn,s,rj8
3cp,h,1bra
3cq,s,1jxq
3cw,s,19g5
3cw,s,yn6
3cw,s,1v9
3cy,h,3p
3cz,h,1104
3d1,s,11je
3d2,s,1hs4
3d3,s,a8t
3d5,s,l58
3d8,s,q8h
3d9,s,fhd
3da,s,emn
3db,h,16is
3dc,h,15u7
3dd,h,zou
3de,s,165k
3di,h,1104
3dm,h,qdg
3dn,h,1rb
3dp,h,1hc8
3dr,h,ff4
3ds,s,rjq
3du,h,abv
3dv,h,tng
3dx,h,mwk
3dy,m,10su
3dy,m,2sx
3dy,m,3dx
3dy,m,12e9
3e1,h,p6
3e3,h,306
3e5,s,er8
3e6,h,btk
3e8,s,w4l
3e9,h,btg
3eb,h,hsy
3eg,s,q6l
3eh,m,8tn
3ek,m,19w7
3ek,m,jdf
3ek,m,1ezf
3ek,m,mx7
3ek,m,yb3
3ek,m,pka
3ek,m,55b
3en,h,15zm
3en,m,lw2
3ep,h,as2
3eq,h,bc2
3er,h,164d
3er,m,19l
3er,m,rgo
3es,h,1ju4
3et,h,lst
3et,m,1gqu
3et,m,1d2h
3ew,h,xlj
3ey,h,64g
3ez,h,1dik
3ez,m,yus
3f0,h,vlw
3f2,s,1az0
3f4,h,yug
3f5,h,1jkt
3f7,h,1f9d
3f9,h,fyh
3fa,h,255
3fb,h,1c4x
3fc,h,6p2
3fd,h,fou
3fg,h,dna
3fj,h,bc2
3fm,h,3p
3fp,m,zl7
3fp,m,185y
3fq,h,903
3fr,h,cj8
3fs,s,ij1
3ft,s,411
3fu,s,1b3
3fv,h,qqf
3fw,h,d2x
3fx,m,4zp
3g0,h,1e8c
3g1,h,1jt0
3g2,h,1a5w
3g3,h,2dc
3g3,h,12pm
3g3,h,1fz
3g3,h,2bd
3g3,h,xp2
3g4,h,bk6
3g5,h,1g36
3g6,h,rzl
3g9,h,1bsf
3ga,h,6tf
3gc,s,rfr
3gc,s,r1z
3gc,s,56f
3gd,s,uh6
3ge,h,y6
3gf,h,n5
3gg,h,1kq6
3gh,h,bkm
3gi,h,1duy
3gj,h,at7
3gk,h,zif
3gk,m,36z
3gl,h,1gzl
3gm,h,cvt
3gn,h,4xa
3go,h,zg
3gp,h,ea4
3gq,h,cxr
3gr,h,bt1
3gs,h,smf
3gt,h,im
3gu,h,m4d
3gv,h,xy
3gw,h,1kqy
3gx,s,1342
3gy,h,7w0
3gz,s,gy9
3h0,h,ck
3h1,h,2z0
3h2,h,bb8
3h4,h,kh
3h5,s,1ia0
3h6,h,4pg
3h7,h,87v
3h8,h,3g7
3h9,h,u1b
3hb,h,l7c
3hc,h,b12
3hd,h,38x
3he,h,10t4
3hf,s,13k0
3hg,s,1dhx
3hi,s,2ie
3hk,h,3ir
3hl,h,cjd
3hm,h,j4x
3hn,h,1cex
3ho,h,1e9r
3ho,m,pft
3hq,s,vj
3hq,s,842
3hq,s,1bdy
3hq,s,z1t
3hs,h,3hj
3ht,h,bn6
3hu,h,1g8v
3hv,s,e44
3hw,h,1jsy
3hx,s,e44
3hy,h,1jt0
3hz,h,1jt8
3i1,h,1f4l
3i2,h,yt
3i3,h,1a4g
3i4,h,1f4p
3i5,h,iiw
3i6,s,m0m
3ia,h,1jhm
3ie,h,aao
3if,h,aj8
3ig,h,y0
3ih,h,zpx
3ik,h,re
3il,h,14gk
3in,h,14gm
3io,h,krd
3ip,h,1a4c
3iq,h,14te
3ir,h,jja
3is,s,htx
3is,s,f9h
3is,s,jq3
3is,s,1kec
3is,s,phe
3is,s,d9i
3is,s,rk2
3is,s,11sz
3is,s,me4
3is,s,13iz
3is,s,58j
3is,s,11k9
3is,s,95x
3iu,s,2ie
3iv,h,4tn
3iw,h,12oe
3ix,s,33n
3ix,s,ct3
3ix,s,1g5n
3iy,h,80
3iz,h,9zw
3j0,h,9zw
3j3,h,1bji
3j4,h,e3y
3j5,h,l91
3j7,h,pz
3j8,s,1i5x
3j9,s,3l
3jb,s,9of
3jd,h,6so
3je,h,183u
3jf,h,198n
3jg,h,12e0
3jh,h,12p
3ji,s,62u
3jj,s,1hb2
3jk,s,v6
3jm,h,62z
3jn,h,630
3jq,s,1bhh
3jq,s,acg
3jq,s,1bl2
3jt,h,lun
3jt,m,xed
3jt,m,o0j
3jt,m,12g8
3ju,h,xij
3jw,h,l7c
3jx,h,b4x
3jy,h,8gm
3jz,h,16je
3k0,h,zv5
3k3,h,vrx
3k4,h,1em0
3k4,h,1bkw
3k5,h,uui
3k8,h,ika
3k9,h,1wq
3ka,h,tai
3kb,h,da
3kc,h,1f3z
3kd,h,11fh
3ke,h,1daj
3kf,h,d7
3kg,h,2sj
3kj,s,fcz
3kk,h,gj0
3kl,h,wiu
3km,h,q9r
3kn,h,n3u
3ko,h,q9m
3kp,h,1cji
3kq,h,q9p
3kr,s,q9t
3ks,s,r2a
3kt,s,q9s
3ku,h,143s
3kv,h,13es
3kw,h,isq
3kx,m,3a3
3kx,m,g7a
3ky,s,yhe
3kz,s,ov1
3l4,h,l8t
3l6,h,18xn
3l7,h,3l6
3l8,s,zb6
3la,h,sj1
3lb,h,1e8c
3lc,h,tre
3lg,s,jb5
3lh,s,9of
3li,h,153h
3lj,h,1380
3lk,m,1g81
3ll,h,13qf
3lm,h,1380
3lq,s,w60
3lr,m,811
3ls,h,107s
3lt,m,1d3i
3lz,h,ikd
3m0,h,u1e
3m2,h,zd8
3m3,h,hrx
3m4,s,kyf
3m4,s,6u1
3m6,h,jho
3ma,s,129x
3mb,s,yl7
3md,h,12a5
3mi,m,8sy
3mj,s,1bn0
3mm,m,1j2a
3mm,m,7vs
3mm,m,xkg
3mm,m,j23
3mm,m,1eoi
3mm,m,14wl
3mm,m,3mp
3mn,m,j23
3mn,m,xkg
3mn,m,1eoj
3mn,m,3mm
3mn,m,dqs
3mp,h,qpb
3mq,h,3n0
3ms,h,g9t
3mu,h,osk
3mv,m,187a
3mv,m,1lk
3mv,m,1h6e
3mv,m,tzd
3mv,m,1j2z
3mv,m,dpi
3mv,m,mv8
3mv,m,qsw
3mv,m,3mx
3mx,h,ifo
3mz,h,qpb
3n0,h,xxw
3n2,s,qcn
3n3,h,qck
3n4,h,jx5
3n5,s,1gtx
3n6,s,m0m
3n8,h,3i1
3n9,h,vdc
3na,h,1inf
3nb,h,csk
3nc,h,1kq7
3nd,h,1kqf
3nf,h,zke
3ng,s,1hiw
3nh,s,g4k
3ni,s,qnb
3nj,s,1cfj
3nk,s,z8q
3nm,h,bx3
3nn,h,11k5
3no,h,it9
3np,h,11id
3nq,h,66v
3nr,h,v3x
3ns,h,11ij
3nt,s,7yq
3nt,s,hn7
3nt,s,2mo
3nt,s,dg
3nu,h,qqw
3nv,h,1e9r
3nw,s,pow
3nx,h,2ak
3ny,h,iwo
3nz,h,5fv
3o2,h,5fx
3o4,h,13q0
3o5,s,xx2
3o7,h,1izm
3o8,h,1cpi
3oa,h,12s2
3ob,s,g4k
3od,h,11k5
3of,s,19n3
3og,h,kjd
3ol,h,mpp
3om,h,1kqj
3on,h,1abo
3oo,h,1ab4
3op,s,1abs
3os,h,1104
3ot,s,3oz
3ov,h,upq
3ox,h,7m8
3oy,s,3oz
3oz,s,3ot
3oz,s,3oy
3oz,s,199h
3oz,s,1azm
3p0,s,vsd
3p1,s,rfe
3p3,h,1hgo
3p4,h,1263
3p8,h,bc2
3p9,h,i5c
3pa,h,15hp
3pb,h,91u
3pc,h,26r
3pd,h,vso
3pe,h,1gg6
3pf,h,1ay
3pg,h,16go
3pi,s,xee
3pj,s,rfe
3pk,m,10oa
3pl,s,l58
3pm,s,qcn
3pn,s,qcn
3po,h,qck
3pp,h,qck
3pq,h,12bp
3pr,h,ews
3ps,h,ika
3pt,h,ikd
3pv,h,154s
3py,h,9ot
3pz,h,iwo
3q2,h,16ea
3q5,s,vny
3q7,s,191l
3q8,h,11vg
3qa,h,o7t
3qb,h,1ij2
3qc,h,o7k
3qd,h,iu6
3qe,s,bb
3qe,s,m4m
3qe,s,14ki
3qe,s,h9
3qe,s,1j7j
3qe,s,15j3
3qe,s,zgt
3qe,s,h0r
3qe,s,kxs
3qf,s,l58
3qg,s,fpn
3qh,h,1auf
3qi,h,nne
3qj,h,ep9
3ql,s,zqc
3qn,h,mwe
3qo,s,hj
3qs,m,yyv
3qu,h,3gw
3qw,h,2lu
3qx,h,1d3r
3qy,h,1ck9
3qz,h,15ee
3r1,s,yo4
3r2,s,ay1
3r3,s,znu
3r4,s,wuc
3r5,h,1g28
3r6,h,fs
3r7,h,7o8
3r8,h,znt
3r9,h,3s4
3rb,h,1gzr
3rc,h,13nr
3rd,h,9zg
3rd,m,10wd
3rd,m,5hl
3rg,h,rh3
3rh,h,18un
3rj,h,75x
3rk,h,anb
3rl,h,qi2
3rm,h,2zx
3ro,h,3rn
3rq,s,er8
3rr,s,hy6
3rt,h,jh7
3rv,h,x5
3ry,m,3rx
3rz,s,9of
3s0,h,10xx
3s4,h,168u
3s5,h,1ebm
3s9,h,re
3sa,h,37p
3sb,s,e28
3sd,h,91l
3se,h,19e9
3sh,s,3bh
3sh,s,1jgn
3sh,s,3sl
3sh,s,1i8p
3sh,s,qx7
3si,h,91u
3sj,h,xz
3sk,s,2xz
3sl,s,3sh
3sm,h,2xt
3sn,h,mrm
3so,h,1e74
3sp,h,1i4
3sq,h,m8g
3sr,s,bln
3sr,s,19c9
3sr,s,1d7
3ss,h,sng
3st,h,blp
3t3,s,64
3t4,s,q2j
3t5,h,1kio
3t6,h,l9p
3t7,s,1frc
3t9,s,16z6
3ta,s,1idz
3tb,s,l58
3tc,s,rkc
3td,s,1b3
3te,h,1i35
3tg,s,1kjk
3tg,s,moi
3tg,s,srk
3tg,s,lvo
3th,s,q8x
3ti,s,1id7
3tj,s,qkw
3tk,s,f4j
3tl,s,1hfe
3to,h,fdm
3tp,h,8bo
3tq,h,qil
3tr,h,1gre
3ts,m,ndp
3ts,m,12op
3tt,h,4rg
3tu,h,7yw
3tv,h,67
3tx,m,ndp
3tx,m,5nc
3ty,h,hqf
3tz,h,9mg
3u0,s,m36
3u1,s,14ko
3u3,s,tgr
3u4,h,17m2
3u6,h,21l
3ub,h,11qw
3uc,h,144m
3uf,s,z3d
3uh,h,twq
3ui,h,1cdn
3ui,m,1cnd
3uj,h,1hj
3ul,h,vso
3um,h,19ob
3uq,h,g3p
3us,h,tjc
3uu,h,dma
3uv,m,12n0
3uv,m,15wb
3uv,m,18kr
3uv,m,801
3ux,m,y2t
3uz,h,173e
3v0,m,44a
3v2,h,1gz8
3v3,h,1gz9
3v4,h,idb
3v5,h,b5l
3v7,h,21l
3va,s,gxx
3vd,h,ygs
3vg,h,xrg
3vi,h,5wr
3vj,s,9of
3vk,h,aq8
3vl,h,uzj
3vm,s,1ahf
3vo,h,tjc
3vq,h,d4q
3vs,h,kt8
3vt,h,7n5
3vw,h,tx0
3vx,h,1j2
3vy,h,m5r
3vz,h,1ehk
3w0,h,98j
3w2,h,bh7
3w3,h,1e4p
3w5,h,v3k
3w6,h,nzf
3w7,h,n60
3w8,h,9fx
3w9,h,z9i
3wa,h,jqj
3wb,h,m80
3wd,h,1hm5
3we,h,11k5
3wg,h,11k5
3wh,h,1bsg
3wi,s,prr
3wj,m,1g4f
3wk,m,1dpe
3wm,h,19ai
3wn,h,d9e
3wo,h,sbc
3wp,h,sbc
3wq,h,87q
3wr,h,19gv
3ws,h,86o
3wt,s,ra1
3wu,h,jar
3wv,h,1jd9
3ww,h,1jd9
3x0,h,xlw
3x1,h,97
3x2,h,v3k
3x3,h,u42
3x4,h,1kib
3x5,h,3x1
3x6,h,3x1
3x7,h,3x1
3x9,h,3x1
3xa,h,3x1
3xe,s,kwk
3xg,h,2aj
3xh,s,1dk8
3xi,s,15ku
3xi,s,3zi
3xj,m,1az1
3xj,m,180l
3xj,m,t42
3xk,h,132r
3xl,h,kpx
3xn,h,1dv4
3xo,h,132x
3xv,s,1352
3xw,s,ykj
3xx,h,2mm
3xy,h,1gg6
3y0,h,jy7
3y1,h,ton
3y2,h,1e5p
3y3,h,bfd
3y4,h,1d49
3y5,h,b5
3y6,h,b3
3y8,h,1fya
3y9,h,fk
3ya,h,18zx
3yb,h,tev
3yd,h,b30
3yf,h,1dv4
3yg,h,ky5
3yh,h,bkm
3yi,h,d05
3yj,h,h74
3yk,h,18l8
3yl,s,not
3yl,s,15h5
3ym,s,aej
3yn,h,kwc
3yn,m,3xo
3yo,h,ium
3yp,h,k0w
3yq,h,wnc
3yr,h,nna
3ys,h,uz3
3yt,h,7cf
3yu,h,khp
3yw,h,qpw
3yx,h,1j36
3yy,h,qnp
3yz,h,yil
3z0,h,cb
3z1,h,18te
3z2,h,1d4o
3z5,h,16xr
3z6,s,1kqo
3z7,h,olh
3z8,s,qeu
3z9,h,5vj
3za,h,139d
3za,m,18pt
3zb,h,5r4
3zc,h,t7e
3zc,h,1d4a
3zd,h,15ht
3zf,h,anb
3zg,h,k2b
3zh,h,dz
3zi,s,3xi
3zj,h,429
3zk,h,oi5
3zl,h,oi6
3zm,h,5a2
3zn,h,1cod
3zo,h,16un
3zq,h,j3y
3zr,h,ql8
3zs,h,18zx
3zt,h,j5v
3zu,h,1h5b
3zv,h,sdm
3zw,h,1bxn
3zz,s,cl6
400,h,1cd5
401,h,1cky
403,h,19lv
404,h,jnn
405,h,13c7
406,h,12f0
408,h,1e4c
409,h,16xt
40a,h,dj
40b,h,gta
40c,s,1617
40c,s,bz1
40c,s,15nn
40c,s,15l5
40c,s,rdm
40c,s,16y3
40c,s,7l6
40c,s,16x3
40c,s,16vw
40c,s,16w4
40d,s,4ja
40f,s,16ug
40h,h,61a
40i,h,164e
40j,h,chq
40k,h,1kti
40l,h,189i
40p,h,1104
40q,h,way
40t,s,2d4
40u,h,9c5
40w,h,5g4
40x,h,vu9
40y,h,1j6q
411,s,noo
411,s,eli
411,s,xys
411,s,vui
411,s,ozt
411,s,3ft
411,s,1hqv
411,s,q7p
411,s,12y8
411,s,17q7
411,s,1ia4
411,s,pkr
411,s,y37
411,s,13ne
411,s,oxt
411,s,1hhg
411,s,19lo
411,s,jib
411,s,1e59
411,s,c72
411,s,pp1
412,h,14te
413,s,r20
414,s,1hff
415,s,1cdf
416,s,rcm
417,s,ql4
418,s,ymv
419,s,1i91
41a,s,1htf
41b,s,nq6
41c,s,ij1
41d,s,cgi
41e,s,v11
41g,h,uje
41i,h,hjf
41j,h,jja
41k,h,1eer
41l,h,xnh
41m,h,11l8
41n,h,nnv
41o,h,4bq
41p,h,swy
41z,h,152t
420,h,e60
421,h,r2e
423,h,1ggd
424,h,12dh
425,h,16sr
426,h,11c5
427,s,11je
428,s,f4j
429,h,bs4
42b,h,bs4
42b,m,9z5
42d,h,42n
42f,h,84d
42g,h,181x
42h,h,10a6
42i,h,14ha
42j,h,xm7
42k,h,1gpb
42m,h,78u
42n,h,8f4
42n,m,1d1l
42n,m,nko
42o,h,1kib
42p,h,vme
42q,h,uqz
42r,s,ude
42t,h,152w
42u,h,124k
42u,m,gle
42u,m,92u
42x,h,ffw
42x,h,1ers
42y,m,xvj
42y,m,430
432,m,v44
432,m,435
433,m,jxa
435,h,2oe
439,h,15qs
43b,h,l5e
43c,h,njv
43d,h,n5o
43e,h,hnh
43f,h,16ed
43g,s,11ie
43h,s,hg4
43i,h,12n
43l,h,cj8
43m,h,15a4
43n,h,z8s
43o,h,s6r
43p,h,edx
43q,h,edu
43r,h,9fw
43s,h,1ey1
43t,h,ews
43u,h,hy8
43v,h,36n
43w,h,nnv
43x,h,j2h
43y,h,c1g
440,h,4pe
441,s,c1l
442,h,12d3
443,h,w28
446,h,1km1
446,h,1a1g
448,h,c1r
449,s,p2a
44b,h,805
44c,m,6fr
44d,m,jyd
44e,h,930
44g,h,i50
44h,h,i4a
44i,h,1d96
44j,h,16ct
44k,h,18ho
44l,h,vl5
44m,h,d1
44n,h,4pe
44o,h,nbk
44p,h,1k19
44q,s,cg3
44q,s,12pl
44q,s,1cb2
44q,s,nql
44r,h,hv
44s,h,qmc
44w,h,n8y
44x,h,1gi7
450,h,slu
452,h,1d96
452,m,6gi
453,h,1d96
453,m,4bd
454,s,1062
455,s,nex
456,s,4dt
457,h,1gzu
458,h,7yw
45a,h,ymm
45b,h,11k5
45c,s,nex
45e,h,ney
45f,h,50z
45j,h,794
45k,h,17hd
45l,s,v0r
45m,s,1b3
45r,h,qgl
45s,h,2sk
45t,h,126k
45u,h,ifo
45v,m,1fft
45v,m,uqj
45v,m,uqi
45v,m,45x
45v,m,cy1
45v,m,1gz4
45v,m,1bg
45v,m,45u
45w,h,fxn
45z,s,ra8
460,s,17np
462,h,1bvx
463,h,dof
463,m,140f
464,h,12gl
466,h,12y
467,h,dog
468,h,1d99
469,h,4iq
46a,h,126k
46b,h,1kbt
46c,h,kpx
46d,h,12gd
46d,m,4iu
46d,m,6gm
46d,m,zx9
46f,h,1bh4
46g,h,12nu
46h,h,12nu
46i,h,vlw
46j,h,mua
46k,h,3iy
46m,h,6hs
46n,h,16p5
46p,h,1cc3
46p,m,ij
46p,m,10ux
46q,h,xlw
46r,h,1ap4
46t,h,1akt
46v,h,1g8y
46w,h,gvo
46y,m,hzr
46y,m,17ak
46z,h,12gl
470,h,kkw
471,h,ir4
472,h,kcz
474,h,g0u
475,h,1jdf
476,h,1cbj
476,m,gqj
476,m,1cf5
476,m,783
476,m,46d
477,h,12g2
477,h,3e6
478,h,118l
479,h,17jj
47a,h,wqq
47b,s,1i0w
47c,h,1415
47d,h,vk
47e,h,47p
47f,h,wdy
47g,h,1a0a
47h,h,805
47i,s,qu8
47j,s,a4b
47k,h,rh3
47l,h,ymm
47m,h,1kiy
47p,h,zbu
47q,h,zak
47x,m,121j
47z,h,1dv4
483,h,1kiy
485,h,dzt
489,h,13z1
48a,h,zxv
48b,h,kr9
48c,s,1i24
48d,h,oav
48f,m,1931
48g,h,1d7k
48h,h,st
48i,h,15ax
48j,h,1d78
48k,h,50y
48l,h,ucy
48l,h,1d78
48m,h,1d78
48n,h,16so
48o,h,1fm7
48p,h,16gk
48q,h,1hx5
48r,h,gi2
48r,m,lvg
48s,h,ghn
48t,s,1ghz
48u,h,nkn
48v,h,6gh
48x,s,111p
48y,s,515
48z,h,vfx
490,h,1fc0
491,h,12l3
492,h,bd6
493,h,bd6
495,h,xmc
496,h,12e0
498,h,1jal
499,h,1jfj
49b,s,1hrc
49c,h,12f0
49d,h,bt1
49e,h,nt1
49f,h,zg
49h,s,yu0
49k,s,mk7
49l,h,yij
49m,h,net
49n,h,ipk
49p,h,1bks
49q,h,1gg6
49r,h,dn7
49u,h,yij
49w,m,lqd
49w,m,eyr
49w,m,9j6
49w,m,52z
49w,m,49y
49y,h,34m
49z,h,st
4a4,h,isd
4a5,h,isd
4a6,h,isd
4a7,h,97o
4a8,h,imr
4a9,h,168u
4aa,m,jzi
4ac,h,1awe
4ad,h,176f
4ae,h,2yn
4af,h,16n5
4ag,h,lhf
4ah,h,1awe
4ai,h,em6
4ai,m,1irz
4ak,h,1fqo
4al,h,hp4
4am,h,1g9q
4an,h,ip
4ao,h,1kl0
4ap,h,ckb
4aq,h,yvm
4ar,s,13xq
4as,s,ao
4at,h,15sf
4au,h,jya
4ax,h,jy6
4ay,h,jy4
4az,h,lhf
4b0,h,lh2
4b1,h,j5y
4b2,s,qx4
4b3,h,pzb
4b4,h,j5x
4b5,h,qx3
4b6,h,13u9
4b8,h,1a64
4b9,s,pp8
4ba,h,k6b
4bb,s,1dsp
4bd,h,4h5
4bd,m,1578
4bd,m,47z
4be,h,k9t
4bg,h,25k
4bh,h,f9j
4bi,h,vqm
4bj,h,51d
4bk,h,1bz8
4bl,h,g3t
4bm,s,1az0
4bn,h,1kph
4bo,h,6gx
4bp,h,107s
4bq,h,16gt
4br,s,p9c
4bu,h,10m
4bx,h,rpy
4by,h,9av
4c0,h,6n5
4c2,h,17zv
4c4,h,4k0
4c5,h,147t
4c6,m,4c5
4c7,h,xsk
4c9,h,cfo
4ca,h,pxk
4cb,h,z2r
4cc,m,wge
4cc,m,4hx
4cd,h,4h7
4cd,h,176f
4ce,h,1dv4
4cg,h,1578
4ch,h,kr9
4ci,h,jey
4ck,h,12op
4cl,h,12op
4cm,h,jrg
4cn,h,91u
4cq,m,6t3
4cr,m,4cq
4cr,m,4cp
4ct,s,1ep1
4cv,s,qqd
4cz,h,fkh
4d0,h,c1t
4d1,h,152d
4d2,s,c1l
4d3,h,fkh
4d4,h,17dr
4d5,s,18bl
4d6,s,2vz
4d7,h,1kes
4d7,m,4ck
4d8,h,1f0l
4d9,h,1jwm
4da,h,mzm
4dc,h,neu
4dd,h,n1c
4de,h,1a64
4df,h,1a1g
4dh,h,xby
4di,h,1g4e
4dj,h,4dk
4dm,h,1bh4
4do,h,12nv
4dp,h,80u
4dr,s,1hf1
4ds,s,1hf1
4dt,s,1i6o
4dt,s,xs8
4dt,s,456
4du,s,1hf1
4dv,s,vqj
4dw,s,xur
4dx,s,129x
4dy,s,1i2g
4dz,s,qq9
4e0,s,hnc
4e1,h,1hhw
4e3,s,1i6r
4e4,h,1izl
4e5,s,1i8k
4e7,s,1hav
4e8,s,1hf1
4ea,h,xsb
4eb,h,12a5
4ec,h,165
4ed,h,14kk
4ee,h,15w
4eg,h,y3y
4eh,h,y3w
4ei,h,5zm
4ej,h,17vx
4ek,h,1gef
4el,h,rbl
4ep,h,oav
4eq,h,1ah6
4es,h,6lp
4et,s,uhe
4eu,h,w63
4ev,h,cl2
4ew,h,yij
4ey,h,d4q
4ez,h,1ehk
4f0,h,ckb
4f1,h,1d7b
4f2,h,1iku
4f3,h,1ej7
4f4,h,1414
4f6,s,17mx
4f7,h,mpy
4f8,h,8vp
4f9,h,mq3
4fa,h,4hl
4fb,m,nwk
4fd,h,d4d
4fe,h,mld
4ff,h,2zu
4fg,h,1dk9
4fh,h,k82
4fi,h,11fh
4fj,h,11fh
4fk,h,kl
4fl,h,1214
4fn,h,1ktn
4fo,h,4fp
4fr,h,ue9
4fs,h,117c
4ft,h,7fc
4fu,h,sth
4fv,h,2us
4fw,h,yhb
4fx,h,132u
4fy,h,15bb
4fz,h,1fsa
4g0,h,slj
4g1,s,q0a
4g2,h,ibg
4g3,h,g3g
4g6,h,31w
4g7,s,jb5
4g8,h,8bn
4ga,h,u8z
4gd,h,syj
4ge,h,k0x
4gg,h,6s4
4gh,h,l4c
4gi,h,cvt
4gj,s,vd7
4gk,h,1guu
4gl,h,1izm
4gl,m,6qo
4gl,m,79a
4gl,m,1ell
4gl,m,1ckr
4gl,m,owp
4gm,h,din
4go,m,lo4
4go,m,lo3
4gp,h,14nw
4gr,s,12p4
4gs,h,4hc
4gu,h,1k9j
4gv,s,1cpd
4gw,s,ykv
4gx,h,1cpf
4gy,h,121r
4gz,h,4h5
4h0,h,z2o
4h1,h,z2o
4h2,h,z2o
4h3,s,z2q
4h5,h,z2r
4h6,h,z2e
4h7,h,vsm
4h8,h,hak
4h9,h,14up
4hb,h,t6w
4hc,h,17jj
4he,h,nk3
4hl,h,hn0
4hm,h,ilr
4hn,h,ilu
4hs,h,114s
4hy,h,jom
4hy,h,ndm
4hz,s,4jb
4i0,s,iaz
4i3,h,1d96
4i6,h,10sg
4i7,h,6ck
4i8,h,1dv4
4i9,h,b5l
4ia,h,k7t
4ib,h,yvk
4ic,h,u7f
4id,h,qp1
4ie,h,6cj
4if,h,hdj
4ig,s,uho
4ih,s,ql4
4ii,s,1kqr
4ij,s,po2
4ik,s,ppf
4il,s,cgi
4im,h,1akr
4in,h,olb
4io,h,ck
4ip,h,477
4iq,h,46e
4ir,h,461
4is,h,4m0
4is,m,nko
4iu,h,1g6f
4iu,m,xbx
4iu,m,1a2b
4iu,m,4i5
4iw,h,1d81
4ix,h,wx9
4iy,s,1dva
4iz,s,19kq
4j1,s,1ia8
4j2,h,1cfl
4j3,h,twu
4j4,h,kg1
4j5,h,1dv2
4j6,h,1ido
4j7,h,g1l
4j8,h,10ul
4j9,s,1fp4
4ja,s,40d
4jb,s,hf7
4jb,s,1547
4jb,s,4hz
4jb,s,mtc
4jb,s,lh5
4jd,h,axy
4je,s,1cfj
4jf,s,k2u
4jg,s,1fx
4ji,h,j49
4jj,h,lhs
4jk,h,9zg
4jk,m,4jj
4jl,h,1c3b
4jn,h,oav
4jp,h,oaw
4jr,h,17so
4js,h,9qb
4js,m,xv4
4jw,m,4jz
4jy,h,7xu
4k0,h,1izm
4k2,h,xxt
4k3,h,3a1
4k4,h,10se
4k5,h,too
4k6,h,bs4
4k8,h,mgw
4k9,h,18qi
4ka,m,ngc
4ka,m,15mf
4kb,h,461
4kc,h,3e6
4kd,h,1es3
4kd,m,8ti
4kd,m,kyv
4kd,m,n5z
4ke,h,1g6s
4kf,h,uz6
4kh,h,ifo
4ki,h,xxw
4kl,h,126j
4km,h,10sk
4kn,h,1ah6
4kp,h,xm8
4kr,s,uhe
4ks,h,6fk
4ks,h,4kp
4kt,h,6lp
4kt,h,4kp
4kv,h,p3i
4kw,h,2ig
4ky,m,1dps
4l0,h,3wf
4l1,h,xmc
4l3,h,xmc
4l4,h,1kiy
4l7,h,z9i
4l8,h,1iqh
4l9,h,jir
4la,h,e1x
4lb,h,ea8
4lc,h,cbb
4ld,h,e23
4le,s,q1u
4lf,s,ppf
4lg,s,bsw
4lh,h,1ckm
4lj,h,wwl
4lk,h,19lv
4ll,h,17do
4lm,h,19m1
4ln,h,c1s
4lp,h,rrp
4lp,h,13ry
4lq,h,d7c
4lr,h,1g1s
4ls,h,4sc
4lt,h,wwm
4lu,h,e76
4lv,h,1d8p
4lw,h,kxx
4lx,s,146w
4ly,h,1297
4ly,m,1kd8
4lz,h,1gzl
4m0,h,abw
4m1,h,olj
4m2,h,5s1
4m3,h,olj
4m4,h,olj
4m7,h,anb
4m9,h,anb
4ma,h,n3e
4mb,h,bxb
4mc,h,4sg
4md,h,gh7
4me,s,e44
4mg,h,1izm
4mh,h,1jnq
4mk,h,1e4j
4ml,h,a29
4mm,h,hzl
4mn,h,a29
4mo,h,11k5
4mp,s,hlu
4mq,h,75x
4mr,h,p43
4ms,h,fx7
4mu,h,iwk
4mv,h,17dx
4mw,h,17jj
4mw,m,1fut
4mw,m,1jmz
4mw,m,4mx
4mx,h,1izm
4n0,h,vrx
4n1,h,1dgd
4n2,h,1dgd
4n3,h,j2h
4n6,h,j2h
4n7,h,3hd
4n8,h,17fy
4n9,h,1cbl
4na,h,17fy
4nc,h,11fm
4nd,m,b0z
4nf,h,1d79
4ng,h,1d48
4nh,h,1d48
4ni,h,477
4nj,h,ba8
4nk,s,dn9
4nl,s,1kmx
4nm,s,8m
4nn,h,jue
4no,h,31m
4np,m,1f21
4np,m,hdj
4nq,h,anb
4nq,m,31l
4nr,h,1es3
4ns,m,1cef
4nt,h,370
4nu,h,3h4
4nv,h,1dbh
4nx,h,17gq
4nx,m,a2d
4ny,h,wer
4nz,h,bt1
4o0,h,41y
4o1,h,1g6f
4o1,m,193d
4o1,m,4o2
4o2,h,twp
4o3,s,13s
4o4,h,15a4
4o4,m,w3j
4o5,s,146w
4o6,h,1jm5
4o8,s,1kdh
4o9,h,18ll
4of,h,wiu
4og,m,xje
4oi,h,m2v
4oj,h,z1a
4ok,s,fd0
4ol,h,1a3x
4om,h,d4r
4on,h,61a
4oo,h,d4q
4op,h,b1i
4oq,h,b1i
4or,h,ozx
4os,s,aql
4ot,h,1ehk
4ou,h,4f2
4ov,h,1juk
4ox,h,1gi7
4p1,h,slk
4p2,h,sll
4p4,h,sub
4p6,h,1a1g
4p7,h,vdp
4p8,h,183v
4p9,h,t56
4pa,h,1a3d
4pj,h,1eg4
4pl,h,1ckz
4pn,h,m1b
4po,h,sx1
4pp,h,84i
4pp,m,1eff
4pq,h,1im8
4pr,h,swz
4ps,h,6sy
4pt,h,ck
4pu,h,aao
4pw,h,1g4e
4px,h,19xm
4py,h,t8g
4pz,h,rwu
4q0,h,kvn
4q1,h,e3g
4q2,h,1d6r
4q3,s,cl0
4q4,h,e3i
4q5,h,wx9
4q6,h,z8s
4q8,h,1d6q
4q9,s,6tt
4qa,s,ss
4qb,h,p3i
4qc,h,xd7
4qd,h,xd7
4qe,h,1fqm
4qf,h,yqf
4qg,s,5dg
4qg,s,gpk
4qh,h,rti
4qi,h,d9o
4qj,h,11y4
4ql,h,tr9
4qm,h,1k8c
4qn,h,1a8j
4qo,h,1b0m
4qp,h,iw4
4qq,s,9b1
4qr,s,148m
4qs,s,6tt
4qt,s,9b1
4qu,s,1k7n
4qv,h,tfb
4qw,h,195b
4qx,h,tf9
4qx,m,4qv
4qy,h,olj
4qz,h,dax
4r0,h,429
4r1,h,126k
4r2,h,1apk
4r3,h,1cdn
4r4,h,8a4
4r5,h,rej
4r6,h,nv9
4r7,h,1gee
4r8,h,uya
4r9,h,1eg7
4ra,h,nv8
4rb,h,b63
4rc,s,1fv6
4rd,h,opp
4re,h,1a64
4rf,m,xn8
4rg,h,nek
4rh,h,11k5
4ri,h,nej
4rj,h,1798
4rk,s,1i8e
4rn,s,19st
4ro,s,nex
4rp,h,w57
4rq,s,u5h
4rr,h,169h
4rs,h,fc4
4rt,h,v7l
4ru,h,1dv4
4rv,s,11mc
4rw,h,li9
4rx,h,ntm
4ry,h,3gw
4rz,h,v0u
4s0,h,xvn
4s2,s,1i32
4s3,s,qqd
4s4,h,10zp
4s5,h,zt3
4s6,h,1bkn
4s7,h,1098
4s8,h,1d89
4s9,h,182w
4sa,h,m4i
4sc,h,1d63
4sd,h,xdt
4se,h,19qt
4sf,h,maq
4sg,h,xds
4sh,h,182r
4si,h,14c
4sj,h,1d63
4sk,h,4pe
4sl,h,997
4sm,h,xdt
4so,h,uya
4sp,h,12f5
4sq,h,4sc
4sr,h,wol
4ss,m,4ta
4st,h,an5
4sw,s,ja5
4sx,h,1klm
4sy,h,pxk
4sz,s,s2a
4t0,h,j9
4t1,h,188j
4t2,s,oqc
4t3,h,hbf
4t4,h,e23
4t5,h,1kjw
4t6,h,jue
4t8,h,18gs
4t9,m,tgy
4t9,m,1ci5
4t9,m,vq3
4t9,m,ns1
4ta,h,yka
4tc,h,1exm
4td,h,7bp
4th,s,4tk
4ti,h,coi
4tk,s,fl7
4tk,s,iwx
4tk,s,15ge
4tk,s,14gb
4tk,s,mdn
4tk,s,1dc3
4tk,s,4th
4tk,s,66f
4tk,s,18lc
4tk,s,uh0
4tk,s,13nd
4tk,s,jys
4tk,s,11xt
4tk,s,mm0
4tl,s,12gy
4tn,h,2im
4to,h,io1
4tq,h,li9
4tr,h,4rf
4tu,h,17g1
4tv,h,1kkz
4tw,s,ylo
4tx,h,m3x
4tz,h,twt
4u1,h,m3s
4u2,h,3im
4u3,h,1dpy
4u4,h,924
4u5,h,1gbd
4u7,h,jb4
4u8,s,143d
4u9,s,kae
4ub,m,4v7
4ub,m,vnw
4uc,h,12j5
4ud,h,xxt
4ue,h,1d2i
4uf,h,1dwu
4ug,h,l00
4uh,h,1duw
4ui,h,12bs
4uj,h,14nw
4uk,h,o8w
4uo,h,vlw
4uq,s,1k03
4ur,s,pow
4us,h,393
4ut,h,11k5
4uu,h,w0z
4uv,h,yiw
4uv,h,2oe
4uw,h,1izm
4ux,h,1dv4
4uy,s,dn9
4uz,h,17es
4v0,h,4ul
4v1,h,17jj
4v1,m,4ub
4v2,h,1a8f
4v3,h,2ex
4v4,h,1h72
4v5,h,4ul
4v6,h,1c5l
4v7,h,liv
4v7,m,kq1
4v7,m,4v6
4v7,m,4ux
4v7,m,ny8
4v8,h,oav
4v9,h,p3l
4va,h,125u
4vb,h,pfg
4vd,h,b5a
4ve,h,1gi7
4ve,m,4vi
4vf,h,1kiy
4vg,s,1kk0
4vj,h,8n1
4vk,h,vs1
4vl,h,qod
4vm,h,1clm
4vn,s,17ej
4vo,h,1km1
4vp,h,y6r
4vp,m,oub
4vq,h,net
4vr,h,15ob
4vs,h,jd0
4vt,h,d8h
4vu,h,10zp
4vv,h,1bkn
4vw,h,7qc
4vy,h,6rq
4vz,h,xg6
4w0,s,ra1
4w1,h,1jrx
4w2,h,1jry
4w3,h,1isp
4w6,h,xlw
4w7,s,1hs8
4w8,h,qum
4w9,s,148k
4wa,h,1gg6
4wb,h,4sc
4wc,h,4w3
4wc,m,4w4
4wd,h,nna
4we,h,vl2
4wf,s,2ma
4wg,s,bgy
4wh,s,fcz
4wi,h,fcx
4wj,h,5eo
4wk,h,r9z
4wl,h,12gs
4wm,h,16lm
4wn,h,o4l
4wo,h,uya
4wp,h,111z
4wq,h,e9x
4wr,h,pzb
4ws,s,12y6
4wt,s,1ctg
4wu,h,1bds
4wv,h,qeg
4wz,h,1ehk
4x1,h,4pe
4x2,h,4pe
4x3,h,im
4x4,h,fs
4x6,h,nne
4x7,h,12oh
4x8,h,10si
4x9,h,12of
4xb,s,zhh
4xc,h,ki1
4xd,s,5g0
4xe,s,fcz
4xg,s,hot
4xh,h,hxz
4xi,s,fkq
4xj,h,1ak1
4xm,h,stg
4xm,h,xmz
4xn,h,1cl8
4xo,h,183b
4xp,h,oof
4xp,h,im
4xq,h,im
4xr,h,kh
4xs,h,ja
4xt,h,kh
4xw,h,14cj
4xy,s,nyr
4xz,h,ave
4y5,s,gaa
4y6,h,1950
4y7,s,z0g
4y8,h,vvq
4ya,s,9of
4yc,h,1cj7
4ye,h,e3g
4yi,h,smf
4yj,h,4sb
4yk,m,wl7
4yk,m,7is
4ym,h,1as9
4yn,s,1i4c
4yo,h,zws
4yp,h,jey
4yq,h,jey
4yr,h,iwr
4yr,h,1615
4ys,h,iwr
4yv,h,kz5
4yx,h,17jj
4yz,h,ifo
4z0,m,w95
4z0,m,tox
4z0,m,m01
4z0,m,70q
4z0,m,2dw
4z0,m,1jq6
4z0,m,72c
4z0,m,kbu
4z0,m,1ji8
4z0,m,4yz
4z2,h,bt4
4z3,h,ae
4z4,h,iro
4z5,h,4z3
4z6,h,csx
4z7,h,1dvb
4za,s,e44
4zb,h,fo5
4zc,s,1hft
4ze,m,9yb
4zf,h,1bkn
4zh,h,ddf
4zl,h,zhp
4zm,h,3g4
4zn,h,1dka
4zo,h,xly
4zp,h,oav
4zq,h,3g3
4zs,h,s3m
4zt,h,ce6
4zu,h,3hd
4zv,h,m80
4zx,h,13x
4zz,s,148k
500,h,p29
505,m,dmg
506,h,d4n
508,h,1iku
509,h,5w5
50a,h,t8s
50b,h,1k0b
50c,h,p6
50d,h,76j
50e,h,qvr
50f,h,1hl3
50g,h,1e3x
50h,h,s08
50i,h,100g
50k,h,4pe
50l,h,4pe
50m,h,4pg
50n,h,4pe
50o,h,4pe
50q,h,nni
50r,h,uh1
50s,s,ugv
50w,s,1djc
50y,h,ucy
50z,h,bj
510,h,164d
511,h,1s8
512,h,olj
513,h,jey
514,h,1agv
515,s,48y
516,h,j2h
517,h,ohy
518,h,1dco
519,h,lvw
51a,s,1ffe
51b,h,xc5
51d,h,18zw
51e,h,37e
51f,h,1dep
51f,m,1diy
51g,h,18zw
51h,h,16ee
51i,h,ive
51j,h,1cfl
51k,h,15zn
51l,h,ddf
51m,h,192w
51o,h,znz
51p,h,923
51q,h,1gzr
51r,h,kc9
51s,s,kcc
51u,h,1fy1
51v,h,xe4
51x,h,pbp
522,h,16bx
523,h,u06
524,h,13bk
525,h,bwt
528,h,527
529,s,52e
52a,h,1bzo
52b,h,hsa
52c,h,52r
52d,h,mka
52e,s,529
52f,s,95z
52g,s,us
52j,h,15pa
52k,h,113h
52l,h,mkb
52m,h,11fi
52n,h,o7l
52o,m,4z0
52o,m,y7m
52o,m,uni
52r,h,ugl
52s,h,shi
52t,h,shj
52v,s,lyx
52z,h,34m
530,h,idb
533,h,106o
534,h,hzl
535,h,dqd
536,s,1i4c
537,s,1hp9
539,s,shh
53a,s,sh6
53b,s,sh6
53c,h,mka
53e,m,ydl
53e,m,53g
53e,m,ijm
53g,h,10m
53h,h,524
53j,h,3qv
53k,h,3qv
53o,h,q6c
53p,h,mt1
53q,h,mtb
53r,h,hsc
53s,s,16p7
53t,s,dn9
53x,h,zou
540,h,a10
541,h,1kiy
542,h,1tc
544,h,185n
545,h,u71
547,h,b5l
54b,h,n3c
54e,h,m8l
54f,h,m64
54f,h,qpu
54g,h,15mn
54h,h,10m
54j,m,4de
54l,h,18e7
54m,h,en5
54n,h,11k5
54o,s,1bjj
54p,s,1hzw
54q,h,805
54s,h,zlm
54y,h,9tx
54z,h,1dcf
552,h,w63
553,m,15iq
555,m,558
557,h,tvp
558,h,m2v
55a,h,tc7
55b,m,55e
55c,h,mt1
55m,h,d61
55o,s,ld5
55q,h,lcy
55q,m,55p
55s,h,11we
55t,h,18j4
55u,h,4ub
55v,h,1duw
55w,h,wiu
55x,h,w63
55y,s,w02
55y,s,pyq
55y,s,1duo
560,h,36n
563,h,3gr
564,h,fum
565,h,pyr
566,s,hp5
567,h,hsn
568,h,11n8
569,h,6z9
56a,h,eq2
56b,s,ra1
56c,h,1ew8
56d,s,ss
56e,s,de9
56f,s,3gc
56h,s,1hpt
56h,s,1dse
56h,s,90r
56h,s,1iac
56h,s,zkz
56h,s,13qb
56h,s,k33
56i,h,3h4
56j,h,11k5
56o,h,qqf
56p,h,19mv
56q,h,66v
56r,h,4pm
56s,h,m8h
56t,h,m9l
56u,h,m64
56v,s,1i8e
56w,h,lp4
56x,h,13es
56y,h,lp1
56z,h,56y
570,h,tjc
571,h,9ct
571,m,4w3
572,s,pyi
573,s,iuh
574,h,1fz
575,h,a6
578,h,tjc
57b,h,9e7
57f,h,1ids
57g,h,dzs
57h,h,1ghh
57i,h,1jdu
57j,h,140p
57k,h,17by
57l,h,uh1
57m,s,q13
57m,s,1qi
57m,s,jz6
57n,s,k50
57o,h,mkb
57p,h,1dss
57q,h,mkb
57t,s,vr
57u,s,uxl
57v,h,1dxt
57w,h,91u
57x,h,924
57y,s,ca9
57y,s,1qg
57y,s,16d6
57y,s,1q6
57z,h,q17
581,h,lp2
582,m,5hf
585,h,h4o
587,h,df9
588,h,u08
588,h,kp3
58b,h,lun
58c,h,kfi
58c,m,14ss
58d,h,1joj
58e,h,1duw
58f,h,1igc
58h,h,bh5
58i,s,hot
58j,s,3is
58l,h,v3k
58m,h,mnr
58q,s,1i4i
58r,h,aka
58s,h,h4o
58w,h,exu
58y,m,590
590,h,34m
592,h,10t1
593,s,z0q
594,h,13gx
595,h,13gx
596,s,10sy
599,h,xtt
59b,m,1f63
59b,m,1f4a
59c,h,nk0
59f,h,18mw
59h,h,u15
59i,h,hk
59j,h,18mw
59k,h,tnf
59l,s,ra1
59n,s,fxp
59o,h,85o
59q,h,259
59s,h,185n
59u,h,14uc
59v,s,aql
59w,s,b7m
59x,s,bzv
59z,s,22s
5a0,h,5a1
5a1,m,nkr
5a1,m,5a3
5a1,m,115w
5a1,m,1c6f
5a1,m,xfr
5a1,m,8yk
5a2,h,1762
5a3,h,18zx
5a4,s,dhv
5a5,h,dhz
5a6,h,3h4
5a7,h,z7z
5a8,h,1cjh
5a9,h,12gs
5aa,h,12f0
5ab,h,1966
5ac,h,2jx
5ad,h,6sw
5ae,h,rev
5af,h,1cl1
5ah,s,17my
5ai,h,4k0
5aj,s,5ar
5aj,s,gt6
5am,h,12bp
5an,s,11gr
5ap,h,aiq
5aq,h,152g
5ar,s,5aj
5as,s,fxp
5au,s,8u0
5av,h,1btk
5aw,s,fxp
5ax,h,fwt
5ay,h,6kx
5az,s,fxp
5b0,h,6kv
5b1,h,lid
5b1,m,5b0
5b2,h,6l2
5b3,s,17ej
5b7,s,pyi
5b8,s,ufu
5b9,s,bok
5ba,s,r1u
5bb,s,148m
5bc,s,o37
5bd,s,lyy
5be,s,lyx
5bf,s,13gm
5bg,h,jmc
5bi,h,ocz
5bj,h,1ftw
5bk,h,1c4i
5bl,s,12u6
5bm,h,vex
5bq,s,t0j
5br,h,805
5bs,s,t0j
5bu,s,148m
5bx,h,ucy
5by,h,51l
5bz,h,4on
5c0,h,8t6
5c1,h,jey
5c2,s,qf4
5c3,h,10ts
5c4,s,r9r
5c5,h,r9q
5c8,h,18a6
5c9,h,rwu
5cb,h,1e4l
5cd,h,sr8
5ce,s,1e7j
5cf,s,15pc
5cg,s,xhl
5cj,h,5x3
5cj,m,5cl
5ck,h,5x3
5cl,h,55p
5cn,h,1jou
5co,h,6cj
5cp,h,dn7
5cq,h,t9m
5cr,h,5co
5ct,s,txb
5cu,h,tye
5cv,s,xho
5cw,h,2r
5cz,s,pow
5d1,h,997
5d2,h,en6
5d3,h,tdt
5d3,m,176d
5d4,h,1cjk
5d6,h,13yf
5d7,h,u15
5d8,h,18fz
5d9,h,6uf
5da,h,vl
5db,h,15no
5dc,h,1klm
5dd,h,12xv
5de,h,6kw
5df,h,1abr
5dg,s,4qg
5dh,h,p4u
5di,h,18pl
5dk,m,6nk
5dk,m,8al
5dk,m,viu
5dk,m,wns
5do,s,872
5dp,s,872
5dq,h,1755
5dr,h,15bb
5ds,s,znp
5dt,h,1jrc
5du,h,1b8u
5dv,h,1gg6
5dw,h,qmh
5dx,s,1cyy
5dy,h,mh2
5dz,s,b5j
5e0,h,u7f
5e1,h,1aj7
5e3,h,1aj6
5e4,h,rvz
5e5,h,m80
5e6,h,vlw
5e7,s,w60
5e8,h,1cfn
5ec,h,19gd
5ee,s,11gr
5ef,h,bs4
5eh,h,1cyh
5ej,h,13ye
5ek,s,xhv
5el,h,1ch0
5em,s,1cp6
5en,h,oj4
5eo,h,169e
5ep,h,3g4
5eq,h,jey
5er,h,ckb
5es,h,ou
5et,h,nsw
5eu,h,oz
5ev,h,1478
5ew,h,tqp
5ex,h,1km7
5ey,h,3iq
5ez,h,19m3
5f0,h,1478
5f1,s,1in8
5f2,h,1j4e
5f4,h,p4v
5f6,m,j1u
5f8,h,14tx
5fa,h,9w3
5fb,h,376
5fc,h,377
5fd,h,8jb
5fh,h,9cg
5fk,s,11h9
5fl,h,fx0
5fn,h,id5
5fp,h,lyg
5fs,s,iaz
5fu,h,5g5
5fv,h,1kqf
5fx,h,ol5
5g0,s,4xd
5g0,s,xxr
5g1,h,12m
5g2,h,1jjx
5g4,h,18oj
5g5,h,tpj
5g6,h,tpe
5g7,h,uky
5g8,s,tr6
5g9,h,le6
5ga,h,vic
5gb,h,b02
5gd,h,vu9
5ge,h,vu9
5gf,h,1cke
5gf,h,tpj
5gh,s,31e
5gi,h,11v3
5gk,h,5gs
5gl,h,1gi2
5gm,h,9s4
5go,h,164d
5gp,h,1eal
5gr,h,anb
5gr,m,1it1
5gr,m,jh7
5gt,h,hu7
5gv,h,3vn
5gw,h,w9t
5gx,h,lzv
5gy,s,xhs
5gz,s,ylw
5h0,s,b5j
5h1,s,xhl
5h2,h,239
5h4,s,b5j
5h5,h,19e
5h9,h,yvk
5hb,h,12v3
5hc,h,i4i
5hd,s,1522
5he,h,1kiy
5hf,h,1gi7
5hg,h,1e5l
5hh,s,1kk0
5hi,h,kfl
5hj,h,7y8
5hk,s,1k7n
5hl,h,1iys
5hl,m,lie
5hl,m,11ah
5hl,m,5hm
5hl,m,4qd
5hl,m,oj3
5hl,m,1ebb
5hl,m,1kd8
5hl,m,jir
5hm,h,vs1
5hm,m,108w
5hm,m,gnq
5hm,m,191j
5hm,m,1kg2
5hm,m,m5y
5hm,m,1kdf
5hn,h,z20
5ho,h,jkw
5hp,h,ews
5hq,h,qum
5hs,h,5hl
5ht,h,1a3d
5hu,h,1o3
5hv,h,4k0
5hw,h,7me
5hz,h,19vg
5i0,h,18qc
5i1,h,1a13
5i2,h,oz
5i3,h,1c5b
5i5,h,805
5i6,h,17lw
5i7,h,1bxo
5ia,m,8ss
5ib,h,4x7
5ic,h,91l
5id,h,11k5
5ie,h,259
5if,h,dru
5ig,h,5qf
5ih,h,1fzp
5ii,h,4x9
5ij,h,15dx
5ik,h,qpw
5il,h,qpu
5im,h,qpw
5in,h,fkh
5ip,h,yp9
5iq,h,df9
5ir,h,fyh
5it,h,19cz
5iu,s,1zl
5iv,h,19mv
5ix,h,13oy
5iz,h,9dk
5j0,h,132u
5j4,h,w63
5j5,h,6ew
5j6,h,1bla
5j8,h,11zo
5j9,h,16ro
5ja,s,mpb
5jb,h,l26
5jc,h,1cb4
5jd,h,1hwy
5je,h,10sf
5jf,m,19qh
5jg,h,1eoa
5jh,h,f4l
5ji,h,7x7
5jj,s,v16
5jk,h,1koa
5jl,h,vqm
5jm,h,1dk9
5jn,h,h12
5jo,h,1djt
5jp,h,n0f
5jq,h,fm
5jr,h,11yq
5js,h,11k5
5jt,s,10cn
5ju,h,11xo
5jv,h,ej1
5jw,h,15dx
5jx,h,jey
5jy,h,1cx
5jz,h,1eon
5k0,s,r9o
5k1,s,1bjj
5k2,s,p20
5k3,s,1ep7
5k5,h,8gj
5k5,m,8gi
5k6,h,cum
5k9,h,od3
5kc,h,1k9m
5kd,h,u0p
5ke,h,yeh
5kf,h,1j4e
5kg,s,180d
5kh,s,1ep7
5ki,s,1az0
5kj,h,pdk
5ko,h,wxv
5kp,h,9zg
5kp,m,1bqz
5kp,m,1hwf
5kp,m,5ko
5kr,h,19gd
5ks,s,1hh7
5ku,s,azo
5kv,s,qrb
5kw,h,n8m
5kx,h,9ew
5ky,h,tfb
5kz,h,1bn
5l0,h,xnh
5l3,s,y40
5l3,s,aqm
5l3,s,y41
5l7,h,11k5
5l8,h,v3q
5l9,h,aao
5la,s,22f
5lb,s,oxq
5lc,s,ij1
5ld,s,1hry
5le,s,aql
5lf,s,dq1
5lg,s,18bl
5lh,s,cl6
5li,s,fky
5lj,s,1hn8
5lk,s,fcz
5ll,h,11t0
5lm,h,u0f
5lo,h,qod
5lp,h,k6b
5lq,h,15dh
5lq,m,15di
5ls,h,55p
5lu,h,55s
5lv,h,1fis
5lw,h,19ui
5m0,h,fgm
5m1,s,1b1q
5m3,h,uz8
5m4,h,1851
5m5,h,2fm
5m6,h,mfs
5m7,h,1ed
5m8,h,1ee
5m9,h,5qf
5mc,s,g0
5md,h,5wo
5me,h,86o
5mg,h,u15
5mh,h,u17
5mi,h,iyu
5mj,h,qna
5mk,h,iyp
5ml,h,cvw
5mm,h,1121
5mn,h,dq3
5mp,h,1hgo
5ms,h,1b15
5mt,h,151w
5mu,h,1a64
5mv,h,nw6
5mw,h,112b
5mx,h,aef
5my,h,fj8
5mz,h,1kiy
5n0,h,1gi7
5n1,h,17z6
5n2,h,429
5n5,h,t90
5n6,h,1kxs
5n7,h,174h
5n9,h,1d99
5na,h,17ux
5nf,s,1fc8
5ng,h,6a4
5nh,h,1bj4
5nk,h,16k6
5nl,h,954
5nm,h,smf
5nn,h,q20
5no,s,qsl
5np,h,qsj
5nq,h,n7u
5nr,s,n7x
5ns,h,1k4x
5nt,h,c1g
5nu,h,es6
5nv,s,1ep0
5nw,s,1i9m
5nx,h,kaf
5ny,h,hy9
5o2,h,19ui
5o3,h,8e2
5o4,s,hnc
5o5,s,1hfl
5o6,s,1hzo
5o7,h,13np
5o8,h,4ul
5o9,h,cl2
5oa,h,t7e
5ob,h,ckb
5oc,h,ckc
5od,s,cl0
5of,h,hn9
5oh,h,yij
5oi,s,ufu
5oj,h,kaf
5ok,s,1bic
5ol,s,1hvs
5om,s,1hg0
5op,s,rkc
5oq,s,fd0
5os,h,fqu
5os,h,13wk
5ot,h,kkr
5ou,h,ium
5ov,h,uz3
5ow,h,64g
5ox,h,5vu
5oy,h,uya
5oz,h,dfc
5p0,h,k14
5p1,h,1azr
5p2,h,1a5w
5p3,s,dct
5p4,h,8r4
5p5,h,1kly
5p6,s,ess
5p7,h,5pd
5p8,h,t7h
5pa,h,8r4
5pb,h,lhm
5pc,h,zq2
5pd,h,hk7
5pd,m,1gqg
5pe,s,1hfy
5pf,s,yit
5ph,h,m5r
5pi,h,k0y
5pj,h,vdr
5pk,h,19xm
5pl,h,7ch
5pm,h,ek2
5pn,h,vd5
5po,h,5p0
5pp,h,rpy
5pq,s,6tt
5pr,h,1k9m
5ps,h,1k4b
5pt,h,1k5f
5pu,h,fgl
5pv,h,1k5d
5pw,s,aqz
5px,s,31e
5py,h,1klm
5pz,h,1cf5
5q0,h,12o
5q1,s,al2
5q3,h,mdc
5q4,s,1frc
5q5,s,qfj
5q6,h,d4q
5q7,h,b30
5q8,h,1iku
5q9,s,1htf
5qa,h,1ghu
5qb,h,iyq
5qc,h,hnh
5qd,h,qrd
5qe,h,1bks
5qf,h,2im
5qg,h,fda
5qh,s,gr
5qh,s,vew
5qh,s,12n3
5qh,s,5vd
5qi,s,pvt
5qj,h,ws8
5qk,h,y50
5ql,h,at7
5qm,h,wsc
5qn,h,nqs
5qp,s,1j5
5qp,s,osz
5qq,h,wsf
5qt,h,qmc
5qu,h,1bqq
5qv,h,1580
5qw,h,be3
5qx,h,m3s
5qy,s,kye
5qz,s,oqc
5r0,s,18ff
5r1,s,nnj
5r3,h,nnh
5r4,h,1duy
5r6,h,13bj
5r7,h,9bb
5r9,h,evp
5rb,h,zb
5rc,s,esk
5rd,h,1hxa
5re,h,19i
5rf,s,dub
5rf,s,f7m
5rf,s,5rr
5rf,s,5rp
5rf,s,j1p
5rg,h,11c5
5rh,h,18tf
5ri,h,1478
5rk,s,riw
5rm,h,91u
5rn,h,dqd
5ro,h,1ff6
5rp,s,5rf
5rr,s,5rf
5rs,h,ckb
5rw,h,1dy0
5rx,h,36n
5ry,h,rwu
5rz,h,10hw
5s0,h,1615
5s2,h,wya
5s3,h,tra
5s5,h,ckb
5s6,s,a9p
5s8,h,10hw
5s9,h,19zr
5sb,h,hbj
5sc,s,nnj
5se,h,e6k
5sg,h,1izd
5sh,h,1e3x
5si,h,3gs
5sj,h,91u
5sk,s,p2a
5sl,s,jel
5sm,s,1hg0
5sn,s,9b1
5so,h,3gk
5sp,h,3gr
5sq,h,1jk1
5sr,h,1cyn
5ss,h,1e3z
5st,h,1e3x
5su,h,1e3y
5sv,h,odd
5sx,h,1hj
5sz,h,31c
5t0,h,2sg
5t1,h,1be5
5t2,h,anb
5t3,h,p4u
5t4,m,193c
5t5,h,q2d
5t6,h,zi2
5t7,h,20g
5t8,h,hjs
5t9,h,ooc
5ta,h,19qu
5tb,h,19qu
5tc,h,wer
5td,h,z2r
5te,h,z2o
5tf,h,563
5tg,s,13ns
5th,h,z2r
5ti,h,z2t
5tk,h,old
5tl,s,a9n
5tm,s,z2q
5tn,h,kpx
5to,h,vua
5tp,s,1dce
5tq,h,1d8p
5tr,h,z2u
5ts,s,d6n
5tu,h,azc
5tv,h,11k5
5tw,s,15wc
5tw,s,33v
5tw,s,kb0
5tw,s,yny
5tw,s,j6m
5tx,h,11k5
5tz,h,u0f
5tz,m,5u3
5u0,h,fpx
5u1,h,11c5
5u2,h,dsl
5u4,h,19ei
5u5,h,169s
5u6,h,1arx
5u7,s,1b3
5u8,h,p3i
5ua,h,fpx
5ub,s,ynj
5uc,s,duo
5ud,s,1bzc
5ue,s,yl6
5uh,h,er3
5uj,h,oav
5uk,h,xjt
5ul,s,1htf
5um,h,1ccs
5un,s,5uv
5uo,h,6qt
5up,h,8z5
5uq,h,5tz
5ur,s,5uv
5us,s,5uv
5ut,h,12tq
5uu,s,1da1
5uv,s,cwf
5uv,s,5us
5uv,s,5un
5uv,s,5ur
5uv,s,mmb
5uv,s,r6h
5uv,s,osa
5ux,h,ckc
5uz,h,mkr
5v0,h,evv
5v1,h,ki1
5v2,h,1hl2
5v7,h,evv
5v8,h,n46
5v9,h,wqq
5va,h,6y
5vb,h,1b2q
5vc,s,111p
5vd,s,5qh
5ve,s,esk
5vg,h,10kf
5vh,h,1fyz
5vh,m,y1s
5vi,h,zlz
5vj,h,1d89
5vk,h,pu8
5vl,h,ior
5vm,h,ios
5vo,h,ioy
5vp,h,1bks
5vq,h,19qu
5vr,h,1bvb
5vs,h,1bks
5vt,h,1bkv
5vu,h,19aw
5vv,h,xds
5vw,h,1c72
5vx,h,t78
5vy,h,1ids
5vz,h,16rh
5w0,h,7dq
5w1,h,j5j
5w2,h,q9r
5w3,h,ium
5w4,h,wom
5w5,h,ews
5w7,h,kkp
5w8,h,1guu
5w9,h,1byt
5wa,h,13uj
5wb,s,t0j
5wc,s,xee
5wd,s,6qg
5we,h,v0z
5wf,s,1ibd
5wg,h,7cu
5wh,h,1guu
5wi,s,1cyy
5wk,h,1ehk
5wl,s,jfb
5wm,h,lxm
5wn,h,1a0a
5wo,h,abw
5wp,h,ai7
5wq,s,1dsp
5ws,h,aao
5wt,h,zoy
5wv,s,9of
5ww,s,ypq
5wx,s,19n3
5wy,s,yl7
5wz,s,emq
5x0,h,fgm
5x1,h,1apo
5x3,h,1a64
5x4,h,55p
5x5,h,1fis
5x6,h,um1
5x7,h,5w7
5x8,h,11k5
5x9,h,1gxa
5xa,h,1gxb
5xa,m,5x9
5xb,m,5xc
5xd,h,l88
5xe,h,mt1
5xh,h,19ik
5xi,h,12ac
5xj,h,11t0
5xk,h,eqq
5xm,h,ems
5xn,h,mt1
5xo,h,1kib
5xp,h,189h
5xq,h,1fis
5xs,h,4ad
5xt,h,13mx
5xu,h,e0d
5xv,s,1cml
5xw,s,fbo
5xx,h,xe0
5xy,h,l9p
5xz,h,dzu
5y1,h,gvd
5y3,h,mwo
5y4,s,9of
5y5,h,wqq
5y6,h,xmm
5y6,m,4zl
5y7,s,12pe
5y8,s,gqv
5y9,s,fbo
5ya,s,1hg4
5yb,h,1jsx
5yc,h,91u
5yd,s,gqv
5ye,h,q8f
5yf,h,16jd
5yg,h,91u
5yh,h,91u
5yi,h,1jsy
5yj,s,1hes
5yk,h,1ehk
5yl,h,1615
5ym,h,fgm
5yn,h,15v9
5yo,h,1kcz
5yq,s,9of
5yr,h,11p
5ys,h,bh4
5yt,h,nac
5yu,h,5vn
5yv,s,1cyy
5yw,s,g4k
5yx,h,bq9
5yy,h,1e4p
5yz,h,axs
5yz,m,fcj
5z0,h,ukm
5z0,m,sn0
5z0,m,smu
5z1,h,19ui
5z2,h,jcn
5z3,h,1dwu
5z4,h,hxi
5z5,h,12zl
5z6,h,1ij3
5z7,h,1493
5z8,h,rbp
5z9,h,18nm
5za,h,ekp
5zb,h,1d96
5zc,h,p3w
5zd,h,17jj
5zf,h,5zb
5zg,h,1jgx
5zi,h,105v
5zj,s,148m
5zl,h,b82
5zm,h,1izl
5zn,h,1762
5zo,h,od3
5zp,h,75w
5zq,h,ntm
5zr,h,19tv
5zs,h,1jpf
5zu,h,1klm
5zv,h,vco
5zw,h,net
5zx,h,1jwo
5zy,h,kep
5zz,h,q6g
600,h,xdt
601,h,ghp
602,h,1kc3
603,h,5y5
604,h,12r8
605,h,nf4
606,h,uow
607,h,yal
608,h,1asg
609,h,1asg
60a,h,1ash
60b,h,1ef7
60c,s,8nj
60d,h,14ss
60e,h,6g8
60f,h,stw
60g,s,1i0w
60h,h,56c
60i,h,1a1g
60k,h,1fyz
60k,m,12d9
60l,s,q4v
60m,s,c9e
60q,s,11ur
60r,s,c9e
60t,h,nf4
60y,m,tdg
60y,m,nxe
60y,m,2vh
60y,m,d10
60y,m,1g1b
60y,m,8pd
60y,m,y1d
612,h,1ebf
613,h,w52
614,h,vic
615,h,1d96
616,h,hjk
617,h,2wn
617,m,1eom
617,m,mm3
617,m,7xw
617,m,yqy
617,m,8gf
617,m,lv7
617,m,6px
617,m,17oa
617,m,10ge
617,m,jgv
617,m,mw8
617,m,1jb4
617,m,o7d
617,m,6lu
618,h,ugb
619,h,qd2
61a,h,1fcq
61b,h,1jnx
61c,h,11k5
61d,h,iod
61e,h,e6w
61f,h,et7
61f,h,n5x
61g,h,615
61i,m,1f7z
61k,h,16mi
61l,s,1dkc
61m,h,1k0c
61n,h,6nw
61o,h,1axi
61r,h,18qc
61s,h,1a13
61t,h,x2y
61u,h,1cir
61v,h,odt
61w,s,1k03
61y,s,cgi
61z,h,18j
621,h,a7b
623,h,ifo
624,h,yka
625,s,1hh6
626,h,4xr
628,h,9c7
62a,h,924
62b,h,91v
62c,h,91u
62d,h,e42
62e,s,c1l
62f,h,1izm
62f,m,62h
62g,h,kx9
62i,h,1ipw
62i,h,o28
62j,h,c1r
62l,h,1exb
62o,s,fnr
62p,s,1bza
62q,s,1cyy
62r,h,1cyv
62s,h,yis
62t,h,17ka
62u,s,kpc
62u,s,ocv
62u,s,104s
62u,s,hjm
62u,s,dpu
62u,s,y6p
62u,s,3ji
62v,s,bok
62w,h,kp1
62x,h,13rf
62z,h,jii
630,h,13w
631,h,bon
632,h,11zo
632,h,1bch
635,h,rpy
636,h,1cc3
637,h,lhs
63a,h,w76
63d,m,1dld
63d,m,1z7
63d,m,63g
63e,h,7vr
63h,m,8sy
63i,h,83i
63j,h,1349
63k,h,14h3
63l,h,8lu
63n,h,slj
63o,h,y1u
63q,h,18es
63u,h,1544
63v,h,azx
63w,h,azt
63x,s,1da1
63y,h,1210
63z,h,1681
640,h,142n
641,h,4ca
642,h,4ca
643,h,17gs
644,h,18tx
644,m,nxw
644,m,a60
644,m,19qg
645,h,s
646,h,xdt
647,h,u7t
648,h,1e12
649,h,17hc
64b,h,462
64c,h,120m
64d,h,1jtp
64e,h,7sb
64f,h,902
64g,h,3gr
64h,h,3gs
64i,h,rir
64j,h,yk2
64l,h,153t
64m,h,19t4
64m,h,4kp
64n,h,mr5
64o,s,172h
64r,h,19e
64r,h,1jlt
64r,m,7xx
64s,h,11k5
64t,h,189i
64u,h,3gk
64v,h,17z1
64w,s,rfw
64x,h,142i
64y,h,hxw
64z,h,1dxx
650,h,64d
651,h,1aao
652,m,78f
653,m,1adl
654,h,1kgc
655,h,1itl
656,h,7wt
657,h,dyh
657,h,193z
65b,h,x8m
65c,h,1hx7
65d,h,1dfd
65e,h,1dfd
65f,h,19mv
65g,h,rej
65g,h,oot
65i,h,1etr
65j,h,jf4
65l,h,1as0
65m,h,527
65o,h,1as0
65p,m,bdd
65p,m,1ban
65p,m,svf
65p,m,vf5
65p,m,vna
65r,h,1k4b
65s,s,66j
65t,h,16ed
65u,s,65x
65v,s,66j
65x,s,65u
65y,h,zom
660,h,oav
662,h,k0w
663,h,1bkn
664,h,16pz
665,h,gna
666,h,28w
668,h,1gxa
669,h,18pl
66a,h,18pl
66a,m,668
66c,h,ntm
66d,h,nto
66f,s,4tk
66g,h,1gi7
66i,h,113h
66j,s,65s
66j,s,65v
66k,s,1fc9
66l,h,ta4
66m,s,izl
66n,h,d4n
66o,h,bb6
66p,h,lqn
66q,h,wze
66r,h,xfi
66s,h,run
66s,h,5xl
66t,h,doi
66u,h,7wr
66v,h,14e3
66v,m,1abq
66w,h,13vw
66w,m,5f0
66w,m,1by9
66x,h,anb
66y,h,anb
66y,m,17sa
66y,m,17sd
66z,h,192t
670,h,13vw
671,h,18lp
672,h,15sg
673,h,164u
674,s,16nc
675,h,coi
676,h,nki
677,h,liv
677,m,19us
678,s,16nc
679,h,1dv4
67a,h,12n
67b,h,hn5
67c,s,18my
67d,h,d7
67e,h,d6
67f,h,66v
67h,h,uz6
67i,h,lp2
67j,h,vdb
67k,h,1ioq
67l,h,n99
67m,h,107n
67n,h,19us
67o,h,1a1g
67p,h,15if
67r,h,yij
67s,h,145z
67t,h,nne
67u,h,12ql
67v,h,1bph
67w,h,1bks
67x,h,1bks
67y,h,n3u
67z,h,13zf
680,h,16xt
681,s,1dkc
682,s,lf5
683,s,a8u
684,h,1jny
685,h,1kkz
687,s,1i5d
688,h,fhx
689,h,qil
68a,h,177
68b,h,14n8
68c,h,q9r
68d,h,q9r
68e,h,1fiu
68f,h,1fc0
68g,h,1u0
68h,h,17fd
68i,h,g7n
68j,h,kqt
68j,m,o57
68j,m,qwv
68j,m,qy3
68j,m,j1q
68j,m,68z
68j,m,1ifj
68j,m,1c6u
68j,m,cft
68j,m,68y
68j,m,1fx6
68j,m,zzf
68j,m,amg
68k,h,uk4
68l,h,19uz
68n,h,1g1s
68o,h,sf6
68p,h,16tl
68r,s,1a06
68s,h,1avn
68t,m,2s1
68u,h,1ecf
68v,h,aa4
68x,h,1a1g
68y,h,sru
68z,h,cl3
690,s,pp8
691,h,198n
692,h,13vq
693,h,cvw
694,h,198v
695,h,198v
696,s,1i3y
697,s,qwh
698,s,19in
699,h,af2
69a,h,1d1l
69b,h,o7k
69c,h,run
69d,h,doi
69e,h,oav
69e,m,69f
69f,h,oaw
69g,m,xpr
69g,m,c5p
69g,m,h28
69h,h,185n
69i,h,wiu
69k,h,1kcz
69l,h,h4r
69m,h,1duw
69n,h,1g36
69o,h,2mv
69p,s,txl
69p,s,6gv
69p,s,h4u
69p,s,la6
69q,h,qpb
69r,h,fva
69s,s,wjl
69u,h,f0d
69v,h,ikw
69x,h,df9
69y,h,gj0
6a1,s,ypr
6a3,s,1frc
6a4,h,fr6
6a9,h,13w4
6aa,s,1hvu
6ac,h,gra
6ad,s,163l
6ae,s,nu0
6ag,h,v06
6ah,m,17yb
6ah,m,18bj
6ah,m,716
6ah,m,6ag
6ai,h,wiu
6aj,h,9c7
6al,h,185n
6an,h,1g4j
6ao,h,1bzq
6ap,h,m40
6aq,h,15pa
6ar,h,2mg
6as,h,1g9r
6at,h,1bla
6au,h,161x
6av,h,1ki3
6aw,m,8n1
6aw,m,4bp
6aw,m,6ez
6aw,m,107r
6aw,m,1kzq
6aw,m,3ls
6aw,m,1ksq
6aw,m,6j8
6aw,m,107s
6ax,h,114s
6b0,h,kts
6b1,s,1kji
6b3,m,6b2
6b3,m,18bf
6b5,h,13s7
6b6,h,6pq
6b8,h,ofv
6b9,s,6pv
6ba,s,19qy
6bb,h,10ta
6bd,h,hn2
6be,h,t8s
6bf,s,1dsp
6bg,m,96k
6bh,h,1qp
6bj,h,1dvb
6bl,h,t16
6bo,h,gmz
6bp,h,5g4
6bq,h,5g5
6br,h,j5h
6bs,s,1i8o
6bt,h,lla
6bu,s,1bgf
6bv,h,rbl
6bw,h,14b
6bx,h,bgw
6c2,m,s8d
6c2,m,oc1
6c2,m,1bk0
6c5,h,1izm
6c5,m,6cc
6c5,m,xdb
6c7,h,1izm
6c7,m,yg7
6c8,h,1cyi
6c9,h,14nw
6ca,h,mna
6cb,h,71h
6cc,h,806
6cd,h,10sf
6ce,h,z2n
6cf,h,xuu
6cg,h,g3c
6ch,h,v96
6ci,s,6cw
6ci,s,ql7
6ci,s,y7j
6cj,h,1a8i
6ck,h,164d
6cl,h,1gzo
6cn,s,1knn
6co,h,1duw
6cp,h,oli
6cr,h,swy
6ct,s,e58
6cu,s,1hzh
6cv,s,1hf1
6cw,s,6ci
6d0,h,4v1
6d1,h,net
6d2,s,t0j
6d3,h,1j4e
6d4,h,tu8
6d7,h,6zf
6d8,h,17es
6da,h,1j84
6db,h,hj5
6dc,h,hba
6dd,h,15qz
6de,h,s4y
6df,h,olh
6dg,h,1gg6
6dh,h,16xt
6di,h,s4y
6dj,h,1636
6dk,h,hai
6dl,h,n5s
6dm,s,o08
6dn,s,u47
6do,s,hb7
6dp,s,1f59
6dp,s,1kez
6dp,s,1231
6dp,s,1gtj
6dp,s,jqg
6dp,s,8yv
6dp,s,lij
6dq,s,bjg
6dq,s,bjf
6dr,s,10kl
6dr,s,8fk
6ds,s,8wj
6dt,s,zq0
6du,s,1e6b
6dv,s,bph
6dw,h,hp3
6dx,h,j0i
6dy,h,twm
6dz,h,6dx
6e0,s,k0i
6e1,s,z0l
6e2,h,s57
6e3,s,qlt
6e5,s,ld5
6e7,h,171i
6e8,h,lyv
6eb,h,zbw
6ec,h,15hv
6ed,h,1k3n
6ee,h,17so
6ef,h,gvy
6ef,m,6ee
6eg,h,ayp
6eh,s,81u
6el,h,6dx
6em,h,mgv
6eo,h,hbv
6ep,h,zsd
6eq,h,1fon
6er,h,btg
6es,m,mqd
6et,h,1a1g
6eu,h,st
6ew,h,17t2
6ex,m,1070
6ex,m,sny
6ex,m,6aw
6ex,m,72n
6ex,m,2bv
6ex,m,lvx
6ex,m,6ew
6ex,m,82t
6ex,m,zbe
6ez,h,6ew
6f0,s,gqs
6f2,h,smt
6f3,h,1cqp
6f4,h,lba
6f5,h,1jtk
6f5,m,6gg
6f5,m,tua
6f6,h,ddf
6f7,h,m3x
6f7,h,16z2
6f8,h,1f78
6f9,h,e3i
6fa,h,1d89
6fb,h,m3s
6fd,h,12f2
6fe,h,16vc
6ff,h,y1u
6fg,h,5c
6fh,s,2rv
6fi,s,1dgm
6fj,s,7at
6fk,m,jzi
6fl,h,e6g
6fm,h,8t6
6fp,s,t9a
6fq,h,lqo
6ft,h,12gb
6fu,h,1izm
6fv,h,b7n
6fw,h,fkg
6fy,h,461
6fz,h,bs4
6g0,h,1k1e
6g1,h,pb7
6g2,h,12f0
6g3,h,fdd
6g3,h,tdg
6g4,h,cvr
6g5,h,12g2
6g6,h,ntm
6g8,h,lp9
6g8,m,l2p
6g9,h,1fi6
6ga,h,12gc
6ga,m,17gv
6gb,h,sye
6gc,h,461
6ge,h,nuq
6gf,h,1bph
6gg,h,c5f
6gh,h,bs4
6gh,m,tob
6gh,m,4ie
6gi,h,b1i
6gk,h,15tk
6gl,h,1a64
6gm,h,2sj
6gn,h,18zw
6go,h,b1i
6gp,h,5vj
6gq,h,hol
6gr,h,olj
6gs,h,bt1
6gu,h,1h2o
6gv,s,69p
6gw,s,hp5
6gx,h,ast
6gy,h,9hk
6h3,s,d6n
6h4,h,1kiy
6h5,h,v3k
6h7,h,147n
6h8,h,zuh
6h9,h,v3k
6h9,h,uh1
6ha,h,9g3
6hb,s,1kxh
6hd,h,vha
6hh,m,6hi
6hi,h,55p
6hk,h,1dv4
6hk,h,1d4a
6hl,h,14ir
6hm,h,17ka
6hn,m,1d1n
6hp,h,1cur
6hq,h,1d4a
6hr,h,k5l
6hs,h,1d48
6ht,h,ooc
6hu,s,13il
6hv,s,1dva
6hw,h,rwu
6hw,m,9z5
6hx,h,1478
6hy,h,1fxh
6hz,h,srl
6i2,h,re0
6i3,h,11un
6i3,m,6i2
6i5,h,tk
6i6,h,3p
6i7,m,cmx
6i7,m,1h6n
6i8,s,ren
6i9,h,joo
6ia,h,joo
6ib,h,19j8
6ic,h,14ir
6id,h,14ir
6ie,h,1dv4
6if,h,ooc
6ig,h,h5c
6ih,h,n3e
6ii,s,1i2h
6ij,s,1869
6ik,h,pby
6im,h,6ik
6in,h,xrq
6io,h,jey
6ip,h,3ts
6iw,h,86y
6ix,h,oik
6iy,h,5zh
6j1,h,5zh
6j2,h,h92
6j5,h,2us
6j6,h,oj9
6j7,h,1ir4
6j7,m,6j6
6j8,h,6ez
6ja,h,ojb
6jb,h,16br
6jc,h,18un
6je,h,xlw
6jf,h,10dx
6jh,h,net
6ji,h,1gne
6jj,h,1juh
6jk,h,e3g
6jl,h,1jug
6jm,s,1kog
6jn,h,y7a
6jo,h,17ka
6jp,h,17hc
6jq,h,k3o
6jt,h,1gd4
6ju,m,wbv
6ju,m,1ivg
6ju,m,oiy
6ju,m,ksc
6ju,m,6k2
6jv,h,r1c
6jw,h,1iqw
6jx,h,olj
6jy,h,sfx
6k0,s,1hvk
6k1,s,qu8
6k2,m,12x9
6k2,m,16us
6k2,m,vv6
6k3,h,1fcv
6k5,h,11l8
6k6,h,qg9
6k8,h,qga
6k9,h,5fm
6ka,s,r1i
6kb,h,c1g
6kc,s,c1l
6kd,h,16so
6ke,h,joo
6kf,h,71g
6kg,h,16so
6kh,h,1cxv
6ki,h,1cxy
6kj,h,din
6kk,h,16so
6kl,h,6kd
6km,h,1g8t
6kn,s,1kji
6ko,m,12w8
6kq,h,jye
6kr,h,8ya
6ks,h,17n4
6kt,h,fyi
6ku,h,1cdn
6ku,m,4ev
6kw,h,1d3b
6kx,h,fwr
6ky,h,twr
6kz,s,6l6
6l2,h,fyh
6l3,s,fww
6l4,s,1hd3
6l5,h,6ku
6l6,s,2pz
6l6,s,6kz
6l6,s,7f0
6l7,h,sh7
6l8,h,vdc
6l9,h,k2b
6la,h,vd6
6lb,h,1eer
6ld,s,144r
6lf,h,xds
6lg,h,ive
6li,h,u0p
6lj,h,mld
6lk,m,out
6lk,m,4fe
6lk,m,6lj
6ll,s,kys
6lm,h,15pz
6lp,h,1kbv
6lp,m,1io9
6lq,h,e3i
6lr,h,vz4
6ls,h,1jtk
6lt,h,1931
6lv,h,16ro
6lw,m,1h0u
6lw,m,15c6
6lw,m,7jt
6lw,m,6x5
6lw,m,9hl
6lw,m,s8g
6lw,m,17xn
6lw,m,xnc
6lw,m,so2
6lx,h,1hkg
6lx,m,1d1n
6lz,s,1ep1
6m1,h,10tw
6m2,h,1duw
6m3,s,py6
6m8,h,ztu
6m9,s,1in6
6m9,s,lne
6m9,s,tzh
6m9,s,lpj
6m9,s,ero
6m9,s,1hip
6m9,s,1ce8
6ma,h,1jm4
6mb,h,11c5
6mc,s,aqq
6me,h,9av
6mf,h,2jf
6mg,h,1j6j
6mh,h,jue
6mi,h,14ue
6mj,h,ast
6mk,h,1d46
6ml,s,1d8k
6mm,h,d4q
6mn,h,t4u
6mo,h,1bd0
6mq,h,e9y
6ms,h,o21
6mt,m,10ll
6mt,m,14n1
6mt,m,dbs
6mt,m,4yu
6mt,m,15p8
6mt,m,18ae
6mt,m,usv
6mt,m,1om
6mt,m,19jz
6mt,m,6ln
6mt,m,17a8
6mt,m,xvw
6mt,m,hq
6mt,m,6mw
6mx,h,17l7
6my,h,1kiy
6mz,h,1gi7
6n2,h,j5z
6n3,h,zhi
6n4,h,bs4
6n5,h,1che
6n6,h,ckb
6n7,h,164e
6n8,h,4k6
6n9,h,5z1
6na,h,d3a
6nb,m,6nc
6nd,h,14xk
6ne,h,6n5
6nf,h,r1c
6ng,h,gyb
6nh,h,bo
6ni,h,19e4
6nj,h,91l
6nk,h,1d81
6nl,h,18qi
6nm,h,ebu
6nn,h,dre
6no,h,i9c
6nq,h,dn7
6nr,h,esi
6ns,h,19dx
6nt,h,i9i
6nu,h,fox
6nw,h,hqf
6nx,h,4u4
6ny,h,19dy
6nz,h,kbe
6o0,h,am7
6o1,h,91v
6o2,h,hqe
6o3,h,91w
6o5,h,fh3
6o6,h,au2
6o7,h,nna
6o8,h,17s5
6o9,h,rcq
6oa,h,1e5o
6ob,h,2ig
6oc,h,91y
6od,h,91u
6oe,h,1a13
6of,h,19dv
6og,h,dzo
6oh,h,esx
6oj,h,119e
6ol,h,r7w
6on,h,esi
6oo,h,1bfu
6op,h,1e5o
6oq,h,nna
6or,h,924
6os,h,e42
6ot,h,e42
6ou,h,1jsx
6ov,h,doi
6ow,h,91u
6ox,h,in
6oy,h,1dm3
6oz,h,1gjo
6p0,h,g3x
6p1,h,10vk
6p2,h,6np
6p4,s,6vu
6p4,s,l3g
6p4,s,1a2i
6p4,s,1c1a
6p4,s,d3g
6p4,s,ecp
6p5,h,30v
6p7,h,167o
6p9,h,190y
6pa,s,qcn
6pb,h,am5
6pc,h,j5w
6pd,h,1wc
6pe,h,14uj
6pf,h,vqm
6pg,h,h0v
6ph,h,jky
6pi,h,6nm
6pj,s,dp1
6pk,h,fi2
6pl,h,119j
6pm,h,4h5
6pp,h,a1p
6pr,h,v39
6pr,m,2su
6ps,h,o7u
6pu,h,byn
6pv,s,6b9
6pw,h,jky
6pz,h,1e4c
6q0,h,60s
6q1,h,17s
6q2,h,16qv
6q3,h,6r3
6q4,h,ews
6q6,h,ipx
6q7,h,qy6
6q8,h,4pe
6q9,h,iw5
6qa,h,bzz
6qb,h,108e
6qc,s,q3v
6qe,h,60s
6qe,m,ior
6qe,m,qpg
6qf,h,ews
6qg,s,5wd
6qg,s,1b2n
6qh,s,imi
6qi,s,duo
6ql,h,kvn
6qm,h,6p2
6qo,h,zhp
6qo,m,6qp
6qp,h,5th
6qq,h,ls6
6qr,s,aaj
6qs,h,1grj
6qs,m,ahx
6qt,h,1iqu
6qu,h,1h56
6qv,h,c4i
6qw,h,13vq
6qx,h,16kf
6qy,h,1cve
6qz,h,hep
6r0,h,1ba0
6r1,h,13w4
6r2,s,ld5
6r3,h,1kbn
6r4,h,5vn
6r5,h,1gg6
6r6,h,10vo
6r8,h,1cyv
6r9,h,u45
6ra,s,u47
6rg,m,6ri
6rh,h,192o
6ri,h,l78
6rj,h,72l
6rk,h,ez7
6rl,h,g0u
6rm,h,1411
6ro,h,1f3j
6rp,h,gtv
6rq,h,1cf
6rs,h,1b8i
6rt,h,uz6
6ru,h,v97
6rv,h,12bo
6rw,h,13w4
6ry,h,124h
6rz,h,19vt
6s0,h,1kiy
6s1,h,113h
6s2,h,1130
6s3,h,cvw
6s4,h,jmr
6s5,h,dbj
6s6,h,8vb
6s8,h,l26
6s9,h,cxr
6sa,h,coi
6sb,h,vi5
6sc,h,vi4
6sd,h,1km7
6sg,h,vez
6sh,h,yb6
6si,h,10t4
6sj,h,1kib
6sj,h,3hd
6sk,h,1d96
6sk,m,2qh
6sk,m,1gjr
6sk,m,11yk
6sl,h,9sy
6sm,h,bkk
6sn,h,1d99
6sn,m,xv8
6so,h,86o
6so,m,5a8
6so,m,bv5
6so,m,1aqk
6so,m,17rk
6sp,h,1dv4
6sq,h,ejg
6sr,h,tys
6ss,m,1219
6st,h,bk6
6su,h,rzj
6sv,h,1ggp
6sz,h,1348
6t4,h,nyn
6t4,m,167r
6t4,m,yqs
6t4,m,nzp
6t4,m,5jc
6t5,h,16sl
6t6,h,214
6t7,h,16sg
6t8,h,27m
6t9,h,9bb
6ta,h,tdt
6tb,h,zxz
6tc,s,1a26
6td,s,b9r
6te,h,qyo
6tf,h,8f4
6tf,m,nko
6tg,h,qo1
6ti,h,1a35
6tj,h,1hl2
6tk,h,1it1
6tl,h,6l5
6tp,h,n3f
6tr,h,8yt
6tt,s,2s6
6tt,s,18da
6tt,s,14s
6tt,s,4qs
6tt,s,5pq
6tt,s,1ae2
6tt,s,6ua
6tt,s,1h44
6tt,s,14p
6tt,s,4q9
6tt,s,mcm
6tt,s,yhm
6tt,s,rhj
6tt,s,19xc
6tt,s,umg
6tt,s,14t
6tu,s,aqp
6tv,s,r1i
6tw,s,tr6
6tx,s,12rn
6ty,s,mdm
6tz,s,16yw
6u0,s,nnj
6u1,s,3m4
6u2,h,91u
6u3,h,tre
6u4,h,r1c
6u7,h,r1c
6u8,s,1dsp
6u9,s,q0a
6ua,s,6tt
6ub,h,12w0
6ue,h,h4o
6uf,h,13zj
6ug,h,nv9
6uh,h,jw8
6ui,s,lf4
6uj,h,1doh
6uk,s,111p
6ul,h,1bfj
6um,h,gh7
6un,h,1gee
6uo,h,91u
6up,h,uya
6uq,h,1gdh
6ur,h,91u
6ut,h,3il
6uu,h,qgt
6uv,h,o7l
6ux,h,1864
6uy,h,6dy
6uz,h,h4n
6v1,h,78u
6v2,h,5sz
6v4,s,k0
6v5,h,9x
6v6,h,deu
6v8,h,18bx
6v8,m,1c4m
6v9,h,jra
6va,h,nem
6vc,h,nv9
6vd,h,15hj
6vh,h,c3i
6vk,h,xvy
6vl,m,srn
6vm,m,11am
6vn,m,8ss
6vp,h,ifo
6vr,h,8ru
6vt,h,7wt
6vu,s,6p4
6vv,s,alh
6vw,s,1ib4
6vz,h,nt1
6w0,h,1kib
6w1,s,lxk
6w2,s,a2g
6w3,s,ogn
6w4,s,t0j
6w5,s,ysj
6w9,h,10wf
6wa,h,w51
6wb,h,1a4c
6wc,h,1bns
6wd,h,vux
6we,h,azp
6wg,h,1eux
6wh,h,j2h
6wi,h,j2h
6wj,h,1k80
6wk,h,q9q
6wl,h,ewb
6wm,s,e0r
6wn,h,17rs
6wo,s,18yl
6wr,h,2vr
6ws,h,1a8j
6wt,h,k0x
6wv,s,1a8e
6ww,h,oli
6wx,h,1e67
6x2,h,j2h
6x3,h,1juh
6x4,s,ss
6x5,h,d2a
6x5,m,6x6
6x7,h,1bzw
6x8,h,e5t
6x9,h,15uu
6xa,h,1a0a
6xb,h,c1r
6xc,h,mzm
6xd,h,o1u
6xe,s,c1l
6xf,h,1008
6xg,h,9f0
6xh,s,12y5
6xi,s,bzv
6xk,s,drl
6xk,s,ni1
6xk,s,k4q
6xm,s,p87
6xn,s,1eig
6xo,s,17mx
6xp,s,pvt
6xq,s,fnw
6xr,s,pug
6xs,s,esk
6xt,s,dn9
6xu,s,fuw
6xv,s,q7r
6xw,s,1bjj
6xx,h,y3s
6xy,m,12p
6xz,h,7f2
6y0,h,1km1
6y1,h,15hl
6y2,h,13ue
6y3,h,mt1
6y4,h,ngv
6y5,s,1i24
6y6,h,nht
6y6,h,9c7
6y7,m,6y3
6y9,h,gpr
6ya,h,6yb
6yb,m,6yg
6yc,h,vua
6yd,h,12mm
6yg,h,1bqr
6yi,h,xnb
6yo,h,18wh
6yp,s,9of
6yq,s,w60
6yr,h,gve
6ys,s,719
6yt,h,121n
6yu,h,jey
6yw,h,1kn3
6yx,h,nlz
6yy,h,16kf
6yz,h,o9s
6z0,h,10uh
6z1,s,1ffe
6z2,h,vbk
6z3,s,106y
6z4,h,1d3b
6z6,h,6z4
6z9,m,6zd
6za,h,1a64
6zb,h,k04
6zc,h,1bj9
6zd,h,nko
6ze,h,1bla
6zf,h,1bla
6zh,h,vyj
6zi,h,l97
6zj,h,x0b
6zk,h,siz
6zl,h,9zd
6zl,m,6zh
6zm,h,l9a
6zp,h,8bn
6zq,h,1947
6zr,h,liw
6zs,h,jjb
6zt,h,1k18
6zx,s,9of
6zy,s,719
6zz,h,c1g
700,h,4r4
705,h,c1o
709,h,3p5
70b,h,189h
70e,h,1it1
70f,h,15im
70g,h,h12
70h,h,18yz
70i,h,yr1
70j,h,1bto
70k,h,2k1
70p,h,1l29
70s,h,4r4
70t,h,qrd
70u,h,qra
70v,h,d40
70w,h,dn7
70x,s,nq6
70y,s,krp
70z,h,1f5b
711,s,1kej
712,s,1ep1
713,s,aba
714,h,vqm
715,h,h0v
716,m,718
718,h,6ag
719,s,n0t
719,s,yx7
719,s,dq5
719,s,6ys
719,s,6zy
719,s,dq0
71a,h,11k5
71f,h,kre
71g,h,1it1
71h,h,pxk
71h,m,6v9
71h,m,nko
71i,h,1g2s
71k,h,1ef7
71l,h,jue
71n,h,nen
71o,h,brp
71p,h,17q1
71q,h,1g33
71r,h,a1p
71s,h,xdt
71t,h,16ed
71u,h,ckb
71v,s,1g3g
71w,s,n1d
71x,s,1bbf
71y,h,1kiy
71z,h,13xe
720,s,fhv
721,s,go4
722,s,r20
723,s,fbo
724,h,3fw
725,h,bc2
726,h,1kqz
727,h,ea8
728,h,1ght
729,h,91u
72a,h,91v
72f,h,1j4e
72g,h,fyl
72g,m,72i
72g,m,72h
72i,h,9zg
72j,h,11un
72j,m,72k
72k,h,re0
72l,h,8rw
72o,h,md2
72p,h,pq5
72q,h,cl3
72r,h,hli
72s,h,17b8
72t,h,91u
72u,h,196m
72v,h,ews
72x,s,h7n
72y,s,u47
72z,s,u47
730,h,uoe
730,h,1e8c
734,s,zlc
735,s,zlc
736,h,u42
73a,h,1297
73b,h,hqp
73c,h,15hk
73d,h,xdt
73e,h,8bn
73f,s,12h9
73g,h,1izm
73i,h,14nw
73j,h,1gee
73k,h,195b
73l,h,jf3
73l,m,141w
73m,h,jey
73n,h,am7
73o,h,j2h
73p,h,1crk
73q,h,180o
73r,h,tay
73s,h,6qs
73t,h,1a64
73u,h,1a64
73v,h,lbi
73w,h,oav
73w,m,73x
73x,h,mpy
73z,h,ki2
740,h,1c6g
741,h,evv
742,h,4wx
745,h,1835
746,h,16bs
746,m,749
747,h,16br
74b,s,1hmz
74c,h,l97
74e,h,10mm
74f,h,lgw
74g,h,12ac
74h,h,7o8
74j,h,tay
74k,h,1ao7
74l,h,pxk
74m,s,9of
74n,h,12rk
74p,h,lpf
74q,h,100v
74r,h,b5l
74u,h,ews
74v,h,wvj
74w,h,1l1x
74x,h,liv
74x,m,gg2
74x,m,19us
74y,h,vqm
74z,h,1d63
750,h,olj
751,s,1grb
752,h,gpe
753,h,kom
754,s,p9c
756,h,qum
757,h,e6k
758,h,wb1
759,h,b93
75a,h,yzr
75b,s,1key
75c,h,8bn
75d,s,fcz
75e,h,6lp
75f,h,oav
75g,h,4pz
75h,h,12f4
75i,h,1gt0
75k,h,uya
75l,h,57w
75m,h,1058
75n,h,evs
75o,h,crz
75p,h,ib7
75q,h,r28
75r,h,evv
75s,h,q9r
75t,h,57w
75u,h,vlw
75v,h,csc
75w,h,bvj
75x,h,1d96
75x,m,o29
75x,m,c87
75x,m,18jg
75x,m,c7v
75x,m,kg1
75x,m,1amo
75x,m,c88
75x,m,1cd5
75x,m,1jhm
75x,m,1kca
75x,m,cj8
75x,m,17jj
75x,m,19oc
75x,m,c82
75x,m,hfo
75x,m,24y
75x,m,298
75x,m,1igm
75x,m,17j7
75x,m,d7u
75y,h,lun
75z,h,1d96
760,h,e0
761,h,dj
762,h,1415
763,s,raw
764,s,q12
767,h,1cdn
768,h,10sf
76a,h,1d99
76c,h,767
76d,s,17np
76e,h,ye8
76f,m,dpi
76f,m,1ir3
76f,m,12jc
76f,m,1bbc
76f,m,76h
76h,h,ifo
76i,h,1as9
76j,h,13zk
76k,h,923
76l,h,1cr5
76m,h,1e3y
76n,h,1k14
76p,h,pa2
76r,h,1a85
76s,h,uv6
76t,h,vic
76u,h,76k
76v,h,10tw
76w,h,t0t
76x,s,t0j
76y,h,8t6
76z,h,8n1
76z,m,oyv
770,h,v3k
771,h,5y5
772,h,12r8
773,h,rej
774,h,e47
775,h,1297
776,h,14nc
777,h,1bu3
778,h,17b9
779,h,18xu
77a,h,1j4e
77c,h,36n
77d,h,101k
77e,h,tkf
77f,h,1g6n
77g,h,13zf
77i,h,16ie
77j,h,14e8
77l,s,2wr
77m,h,142i
77n,h,1bti
77o,h,11k5
77r,h,jye
77t,h,18wa
77u,h,8ly
77v,s,1da1
77w,h,ufz
77y,h,qot
77z,s,zks
780,h,12as
781,h,76z
782,h,8n1
782,h,v0f
783,h,2sj
784,h,8r8
785,h,79m
786,h,3gw
787,h,ovd
788,h,13r
789,h,17vs
78a,h,4h5
78b,h,e6r
78c,s,ql4
78d,h,pn8
78e,h,1ehk
78f,h,4vb
78g,s,uzp
78h,h,rkw
78i,h,h72
78j,h,qrd
78k,h,oli
78l,h,doi
78m,h,mav
78o,h,1ita
78p,h,17nd
78q,s,149k
78r,s,kys
78s,h,37s
78t,s,17mx
78u,h,6n5
78v,h,17q6
78w,h,12y
78x,h,anb
78y,h,kvn
78z,h,aci
791,h,mt1
792,s,b8e
793,h,1e4n
794,h,10ai
795,h,10a6
796,h,1ast
797,h,cjl
798,h,10ar
799,h,1a40
79a,h,12ju
79b,h,a96
79c,h,p3w
79d,h,17ka
79e,h,op0
79f,h,in
79g,s,1i8o
79h,h,q7o
79i,s,1i8o
79j,h,1e3z
79k,h,v5q
79l,h,4ub
79m,h,gkp
79n,h,4uh
79o,h,4ub
79p,h,nww
79q,h,bs4
79r,h,kxx
79s,h,olh
79t,h,le7
79u,h,1gaw
79v,h,h5
79w,h,1jga
79x,h,151a
7a0,h,olc
7a1,h,1b2y
7a2,h,1b2z
7a3,h,1b2z
7a4,h,olh
7a5,h,4ni
7a6,h,j2h
7a7,h,jye
7aa,h,15zn
7ab,h,ker
7ac,h,ooc
7ad,h,vd5
7ae,h,9b5
7af,h,1eyj
7ag,s,tr1
7ah,s,9b1
7aj,h,11g6
7ak,h,5jf
7al,h,16ed
7an,h,157m
7ao,s,u47
7ap,h,ahf
7aq,h,b93
7ar,h,plc
7as,h,958
7at,s,6fj
7at,s,stb
7at,s,180u
7au,s,hpu
7av,s,1hp3
7aw,s,o36
7ax,h,f4m
7b0,h,12g
7b1,h,12g
7b2,h,mno
7b3,h,mnk
7b4,h,zoy
7b5,h,z8s
7ba,h,1g4i
7bb,h,n3u
7be,h,huh
7bf,h,6an
7bg,h,1fc0
7bh,h,1clp
7bi,h,jmr
7bj,h,vpn
7bk,h,c1t
7bl,h,1cqd
7bn,h,ue9
7bp,h,1kcz
7br,h,lhi
7bs,h,mu5
7bs,h,902
7bt,h,xby
7bv,h,9ix
7by,h,xju
7bz,h,1dvi
7c0,h,1kiy
7c2,h,16ed
7c3,h,17zs
7c4,s,111p
7c6,h,1a4c
7c9,h,34m
7cb,h,10cg
7cc,h,qrd
7cd,h,5qf
7ce,h,dn6
7cf,h,esi
7cg,h,19xm
7ch,h,924
7cj,h,jlf
7cl,h,ini
7cm,h,1jo0
7cn,h,fm
7co,h,dn7
7cp,h,br6
7cq,s,atk
7cr,s,1ghy
7cs,s,esk
7ct,s,c1l
7cu,h,2hv
7cz,h,inn
7d0,h,1g1s
7d1,s,pyi
7d5,h,151l
7d6,h,brl
7d7,h,hli
7d8,h,ls6
7d9,h,13zj
7dc,h,fkh
7dd,h,g3s
7dh,h,op3
7di,h,f57
7dk,h,17z6
7dm,h,1ghm
7dn,h,1ghn
7do,h,qmc
7dp,h,kh
7dq,h,6np
7dr,h,s4y
7ds,h,hkj
7dt,h,6np
7dv,h,u5i
7dy,h,1cx
7e0,m,765
7e0,m,7e1
7e0,m,1h22
7e0,m,pcj
7e1,h,10m
7e2,h,ofv
7e3,h,t78
7e4,h,1aks
7e5,h,pxd
7e6,h,b7u
7e7,m,17j8
7e7,m,1kcb
7e8,h,84i
7e9,h,1ged
7ea,h,1762
7ec,h,jcl
7ed,h,1fzx
7ee,h,bd9
7ef,s,ql4
7eg,h,1k9j
7ek,h,1duw
7en,m,115e
7eo,m,115d
7eo,m,lo4
7ep,h,ahh
7eq,h,qzs
7er,h,tyo
7es,h,yiw
7et,h,1247
7ev,h,u42
7ew,h,uyq
7ey,s,b7r
7ez,s,1hsu
7f0,s,6l6
7f2,h,hxr
7f2,m,fyi
7f3,h,b93
7f4,h,17j
7f6,h,193a
7f7,h,iw
7f9,h,11c5
7fa,s,h7t
7fb,s,14m8
7fc,h,7fe
7fd,h,13wu
7fe,h,81t
7ff,h,7fe
7fg,h,12f2
7fh,h,hxw
7fi,h,68j
7fj,h,gkt
7fk,h,18wh
7fl,h,16yj
7fm,h,esi
7fn,h,1jf1
7fo,h,9fw
7fp,h,p0d
7fq,h,11k5
7fr,h,ayz
7fs,h,l30
7ft,h,xdt
7fu,s,k0
7fv,s,htp
7fv,s,gmy
7fw,s,jb5
7fx,s,k0
7fy,s,z4i
7fz,h,1kkz
7g0,h,vt7
7g1,h,ja
7g2,h,1kkw
7g3,h,pdk
7g4,h,w7r
7g4,h,lst
7g4,h,le6
7g5,h,sd4
7g6,h,tie
7g7,s,vh7
7g8,s,otl
7g9,h,w28
7ga,h,xjw
7gc,h,sfx
7gd,h,awt
7gd,m,1arw
7ge,m,eyq
7gf,m,7ig
7gf,m,15x5
7gg,h,v85
7gj,h,1cur
7gk,h,10se
7gl,h,1j1y
7gm,h,4gl
7gn,h,10sf
7go,h,1d63
7gp,h,14nw
7gq,h,rzu
7gr,h,oic
7gt,h,kp4
7gu,h,ast
7gv,h,ckb
7gw,h,oav
7gx,h,oav
7h2,m,7h1
7h3,h,ti2
7h5,h,kei
7h6,h,1hrp
7h7,h,1a64
7h8,h,wf9
7h9,h,1jiq
7h9,m,7ha
7hb,h,7wt
7hc,h,1k9m
7hd,h,1et3
7he,s,qwh
7hf,s,jgo
7hg,m,mf4
7hi,s,bye
7hj,h,jf3
7hl,h,41i
7hm,h,31c
7hn,h,mn
7ho,h,jey
7hq,h,op0
7hr,h,1dv2
7hs,h,1681
7ht,h,1d48
7hu,h,189i
7hv,h,n3c
7hw,h,1cg
7hx,h,lst
7hz,s,jfb
7i0,m,6gl
7i1,h,m40
7i2,h,4pe
7i3,h,m40
7i4,h,4z3
7i5,h,7i1
7i6,h,deg
7i7,h,14kj
7i8,h,hh
7i9,h,1bkn
7ia,h,kh
7ib,h,1bks
7ic,h,kku
7id,h,1dpy
7ig,h,nvt
7ii,h,ymm
7ij,h,bm5
7ik,h,13vw
7ir,h,b9g
7is,h,ifo
7it,h,10x9
7iu,s,10x8
7iv,h,17sa
7iw,h,1a6s
7ix,h,3s2
7j1,h,jra
7j2,h,1bto
7j3,m,5jd
7j3,m,yxt
7j4,h,17cx
7j7,h,34m
7j8,s,b41
7j9,m,7ja
7j9,m,7j7
7ja,m,7j7
7jd,h,1fxg
7je,h,tjc
7jg,h,b1i
7jh,h,8bn
7ji,h,84i
7jj,h,a7b
7jj,m,7jl
7jk,h,1920
7jl,h,vyj
7jm,h,it9
7jn,h,18mw
7jo,s,iab
7jp,h,1f0i
7jq,h,1c43
7jr,h,1a4b
7jt,h,d2a
7jt,m,7js
7ju,h,12ql
7jw,h,b1i
7jw,m,1032
7jx,h,p3w
7jy,h,b1i
7jz,h,bf5
7k0,h,84j
7k1,h,xbc
7k2,h,liv
7k2,m,19us
7k4,h,b1i
7k5,h,p4v
7k6,h,1kjy
7k7,h,8b4
7k8,h,8b4
7k9,h,1euz
7ka,h,bd9
7kb,h,17ka
7kd,h,1ew3
7kd,m,7ka
7kf,h,jey
7kg,h,b1i
7kh,h,157d
7kh,m,7kg
7ki,h,1ew2
7kj,h,lx0
7km,h,177u
7kn,h,18xp
7kq,h,74s
7kr,h,3so
7ks,h,1jlu
7kt,h,18xu
7ku,h,qm4
7kv,h,yal
7kw,h,d4q
7kx,h,t4s
7ky,h,1ehk
7kz,h,1iku
7l0,h,t4u
7l2,s,n4o
7l2,s,rtp
7l2,s,15fo
7l2,s,cy0
7l2,s,rss
7l2,s,16f4
7l2,s,mtv
7l3,h,fsl
7l4,m,ue3
7l4,m,8w9
7l4,m,7l5
7l4,m,zl6
7l5,h,1dkt
7l6,s,40c
7l7,h,1j42
7l8,h,164o
7la,h,610
7lb,h,14dg
7ld,h,3hd
7le,h,19ho
7lf,s,fhv
7lh,h,1rb
7li,h,7v3
7lj,h,10w0
7lk,h,1744
7ll,s,1742
7lm,h,10w0
7ln,h,1g8p
7lo,h,132u
7lq,h,w63
7ls,h,c69
7lt,h,qw9
7lu,s,e0s
7lw,h,1tg
7ly,m,6mz
7ly,m,12oc
7ly,m,5hr
7m4,h,1121
7m5,h,145q
7m6,h,16ro
7m7,h,aij
7m8,h,16ro
7m9,h,7m6
7ma,h,ial
7mb,h,1fz
7mc,h,ghb
7md,h,a7j
7me,h,hp6
7mf,h,bpz
7mh,h,y7b
7mi,h,bf6
7mj,s,1azi
7mk,s,8ol
7mn,h,bkt
7mo,h,cyh
7mq,h,h9a
7mr,h,vdc
7ms,h,1f2w
7mt,h,14vp
7mv,m,7mq
7mx,h,9dl
7my,h,902
7mz,h,daf
7n0,s,clo
7n1,h,113p
7n2,m,11z9
7n3,h,9i
7n4,h,5sz
7n6,h,1cc3
7n7,h,ck
7n8,h,doi
7n9,h,mn9
7na,h,1gi7
7nb,h,124h
7nd,h,32a
7nf,h,mqf
7ng,h,woc
7nh,h,10gn
7ni,h,17jw
7nk,h,zml
7no,h,ki1
7nt,h,np0
7nu,h,q2l
7nv,h,now
7nw,h,91v
7nx,h,924
7ny,h,91u
7nz,h,1089
7o0,h,o1u
7o1,h,1bpg
7o3,h,b5l
7o4,h,w63
7o5,h,peq
7o6,h,108b
7o7,s,cfk
7o7,s,b6z
7o8,h,15lb
7o9,h,igf
7oa,h,r1x
7ob,s,no9
7od,h,13u5
7of,h,12bl
7og,h,it9
7oh,h,uqz
7oj,h,17es
7om,h,1jbh
7oo,h,1367
7or,s,p2a
7os,h,2yj
7os,m,hjp
7ot,h,u15
7ou,h,1ece
7ov,h,18lp
7ow,h,1fon
7ow,m,1jw0
7ox,h,uqz
7oy,h,13ln
7p0,h,ki1
7p1,m,1is9
7p2,m,ltk
7p2,m,1bdl
7p3,h,tay
7p7,h,pz
7p8,h,1eer
7p9,h,vrs
7pb,h,kh
7pc,h,1bch
7pd,h,17et
7pf,h,j2h
7pg,m,17ch
7pg,m,x3c
7pg,m,551
7pg,m,ifh
7pg,m,l8a
7pg,m,4hk
7pg,m,15va
7pg,m,wwo
7pg,m,10uz
7pg,m,17zx
7pg,m,skm
7pg,m,19sf
7pg,m,yyn
7pg,m,1vr
7pg,m,445
7ph,h,t5i
7pl,h,1qp
7pm,h,w63
7pp,h,vrs
7pq,h,xmz
7pq,h,17so
7ps,h,s6r
7pt,h,132u
7pv,h,13a4
7pw,h,iod
7py,h,a3n
7pz,h,1duw
7q0,h,qra
7q1,h,1evj
7q2,h,q6c
7q3,h,ees
7q4,h,1j7s
7q5,h,ees
7q6,h,16ll
7q7,h,qyp
7q8,h,1j7v
7q9,h,e16
7qa,h,sr2
7qc,h,zn9
7qd,h,16lm
7qe,h,15i6
7qg,h,1iku
7qh,h,135t
7qi,h,1cxx
7qj,h,eew
7ql,h,qdp
7qm,h,34y
7qn,h,8zq
7qo,h,e23
7qp,h,hy8
7qq,h,zna
7qr,h,16ln
7qs,h,1iku
7qt,h,8zq
7qu,h,1951
7qv,h,3si
7qw,h,2ib
7qx,h,smf
7qy,h,zl0
7qz,h,7qc
7r1,h,ki1
7r2,s,gq0
7r4,h,1j84
7r5,h,rej
7r6,h,581
7r7,h,25l
7r8,h,25l
7r9,h,t8s
7ra,h,1brt
7rb,s,c1v
7rc,s,l7o
7rf,h,nlj
7rh,h,mxv
7rj,h,xm8
7rk,m,5w7
7rl,m,ujc
7rl,m,7rk
7rl,m,18br
7rn,h,np0
7ro,s,qva
7rp,h,rcb
7rq,s,1g3l
7rs,m,o26
7rt,h,18jp
7rv,h,nox
7rw,h,now
7rx,s,1kc7
7rx,s,129b
7rx,s,19kr
7ry,s,b52
7rz,h,auo
7s0,h,924
7s1,h,1kbn
7s4,h,jlr
7s5,h,9jp
7s6,m,t5m
7s6,m,vc5
7s6,m,12y4
7s8,m,7s9
7sa,s,p2a
7sd,h,vrx
7se,h,18gs
7sf,m,vfm
7sh,h,124h
7si,s,nq6
7sj,h,6li
7sk,h,65p
7sm,h,zg
7sn,h,19e0
7so,h,m9b
7sr,h,10uh
7ss,h,147w
7sv,h,zml
7sy,h,ak2
7sy,m,19dp
7t3,h,bzw
7t4,h,1ff
7t5,h,2ql
7t8,h,1d2i
7t9,m,vwu
7t9,m,7tb
7tb,h,34m
7td,h,j2h
7te,m,nsp
7te,m,vio
7tf,m,7tg
7th,h,1ew4
7tj,h,ihe
7tl,h,1a64
7tn,m,7tj
7to,h,9bb
7tp,h,1vm
7tq,m,1c6e
7tq,m,utn
7tq,m,f0x
7tq,m,1a72
7tq,m,2fa
7tq,m,jyo
7tq,m,ovg
7tr,h,11t3
7tt,m,7ts
7tt,m,7tv
7tv,h,10m
7tw,h,1hkg
7tx,h,y3l
7ty,h,zpc
7tz,h,j2h
7u0,h,18tf
7u1,h,fk6
7u2,s,ret
7u4,h,lun
7u5,h,p4u
7u7,h,1gos
7u8,h,19vh
7u9,h,1akh
7ua,s,1ep1
7ub,h,12zl
7uc,h,126t
7ud,h,91u
7ue,h,1ivm
7uf,h,zif
7ug,h,isa
7uh,h,151n
7uj,h,12s6
7uk,h,7ue
7ul,m,xtu
7ul,m,82v
7ul,m,187s
7ul,m,zsz
7un,h,oav
7uq,h,1ilj
7ur,h,15t8
7us,h,k0w
7uu,h,13ue
7uw,h,qpa
7ux,h,h5
7uz,h,1akh
7v0,h,jsq
7v1,h,17lz
7v3,h,bs4
7v5,h,7aa
7v6,h,13ku
7v7,h,19ai
7v9,m,1br
7v9,m,zfx
7v9,m,zw9
7v9,m,v7b
7v9,m,ywl
7v9,m,1kyl
7v9,m,arj
7v9,m,vcv
7v9,m,14w6
7v9,m,1kym
7v9,m,yc9
7v9,m,18cj
7v9,m,urf
7v9,m,7vb
7ve,h,92j
7vf,h,1jps
7vf,m,u7q
7vg,h,1duw
7vi,h,gpr
7vj,h,13w0
7vk,h,2jd
7vl,h,j2k
7vm,h,1ah6
7vn,h,jye
7vo,s,9of
7vp,m,1ezf
7vq,h,1kuz
7vr,h,17t9
7vt,h,1cc3
7vv,h,44l
7vw,h,e23
7vx,h,18ql
7vy,s,16ut
7vz,s,8rf
7w0,h,yvd
7w1,h,y2z
7w3,h,11k5
7w7,s,v1a
7w8,s,v18
7wa,h,7wo
7wb,s,1i9y
7wc,s,qoq
7wd,h,lhs
7we,h,11k5
7wf,h,lhm
7wf,m,1im6
7wg,s,1dnd
7wh,s,13kw
7wi,h,sw5
7wi,m,1k7b
7wi,m,7wp
7wk,h,ikd
7wl,h,tr9
7wn,h,r2d
7wo,h,oos
7wp,h,1k7b
7wp,m,1b7m
7wq,h,hk2
7wr,h,1a64
7ws,h,ou5
7wt,h,1e34
7wu,h,ki1
7ww,h,1cdn
7wx,h,1e5l
7wy,h,4sb
7wz,h,71g
7x0,h,4ev
7x1,s,nf8
7x2,h,1bew
7x3,m,1jek
7x3,m,1kr
7x3,m,7x7
7x3,m,7x9
7x3,m,d9n
7x6,h,1fya
7x7,h,8a4
7x7,m,112l
7x9,m,1khu
7x9,m,rpw
7x9,m,g1l
7xa,h,bs4
7xc,h,1h72
7xd,h,1a87
7xe,h,qkh
7xf,s,1htf
7xg,h,oav
7xh,h,1a64
7xh,m,7xi
7xk,s,15sl
7xl,s,13kw
7xm,h,10xe
7xn,h,j4o
7xp,h,18ex
7xq,h,13a4
7xs,h,br3
7xt,h,1ij2
7xu,h,31l
7xv,h,n9b
7xx,h,n9b
7xz,h,olh
7y0,h,ffu
7y1,h,1bd1
7y3,h,3gr
7y4,h,13zf
7y5,h,1guu
7y6,h,qvh
7y7,h,qvj
7y9,h,5zn
7ya,h,5zu
7yb,h,1isq
7yc,h,17sa
7yd,h,13oy
7ye,h,xm7
7yf,h,u15
7yg,h,18us
7yj,s,zs4
7ym,h,1bsf
7yn,h,188j
7yo,h,e23
7yp,h,t4n
7yq,s,3nt
7yr,h,11mp
7ys,s,cl0
7yu,h,cl3
7yv,h,j2h
7yw,h,19vg
7yx,h,ckb
7yy,h,1ehf
7yz,h,xdt
7z0,s,vy0
7z1,h,xmr
7z2,h,1e3b
7z2,m,7z1
7z4,h,9zo
7z5,h,k99
7z6,h,1a1g
7z7,h,16ro
7z9,h,16ro
7za,h,lmb
7zc,h,109b
7zd,h,1761
7zg,h,c7u
7zh,h,pfh
7zi,h,4qj
7zj,h,1cr5
7zk,h,bqa
7zl,h,3xn
7zn,h,192t
7zp,h,fxn
7zs,s,hsp
7zv,h,j2h
7zx,h,19k7
7zy,h,vko
7zz,h,ckb
800,h,1f0i
801,h,gpe
802,h,1bdp
803,h,1ewd
804,h,15g9
805,h,nya
805,m,gxn
806,h,1fyy
807,h,1478
809,h,ton
80a,h,tv6
80b,h,2q
80c,h,1dz6
80d,h,2nf
80e,s,ber
80e,s,3e
80e,s,16q4
80g,s,1dz7
80h,s,t0j
80i,h,6nf
80j,h,t0t
80n,h,80b
80o,h,1jcb
80p,h,13w4
80q,h,lgf
80s,h,2r
80t,h,1fv7
80u,h,1cb4
80v,h,e3g
80w,s,aaj
80x,h,swz
80y,h,a7j
80z,m,8sy
810,h,1b0f
812,h,1a64
813,h,11x3
814,h,17dv
815,h,ta5
816,h,s4y
817,h,n3n
819,h,1bni
81d,h,1guu
81f,s,1fc8
81g,h,381
81h,h,381
81i,h,18zy
81j,h,944
81k,h,8tc
81m,h,1fys
81n,s,1dsp
81o,s,13pg
81p,s,1ifp
81s,h,bmj
81t,h,11k5
81u,s,6eh
81u,s,qfx
81u,s,b2o
81v,h,1kql
81w,h,ibt
81x,h,iu8
81y,h,198v
81z,h,13xo
820,h,1duw
821,h,1kqb
822,h,7o8
823,h,1951
824,h,91y
825,h,8ay
826,s,17np
827,h,1eqc
82b,h,1dy7
82c,h,g0u
82d,h,1dpk
82e,h,uf3
82g,h,d1u
82h,h,nxg
82i,h,9f0
82j,h,9f1
82l,h,mw0
82m,h,a7j
82o,m,812
82p,s,d21
82q,s,d22
82r,h,aij
82t,m,mh2
82w,h,xm7
82x,h,er3
82y,s,1i3h
82z,s,2ps
832,h,q8n
833,h,11k5
838,h,1a64
838,m,11ci
839,h,147f
83a,h,106g
83b,h,1kbj
83c,h,1cwn
83f,s,hp5
83g,h,bs4
83h,h,120m
83i,h,11g6
83i,m,11hd
83j,h,1d99
83k,h,hzl
83n,h,12r8
83o,h,t8s
83p,h,1214
83r,h,nxy
83s,h,132u
83t,h,ila
83u,h,1fs6
83v,h,1duw
83w,s,cxh
83x,s,uh6
83y,h,tto
83z,h,239
841,s,1hs4
842,s,3hq
843,h,bfa
844,h,11k5
845,h,hg
846,h,xxy
847,h,xxy
848,h,jmr
84a,h,16j9
84b,h,3im
84c,h,91u
84d,h,m40
84e,h,a7j
84g,h,76j
84h,h,17g1
84i,m,mzo
84i,m,a4
84i,m,k35
84i,m,78n
84i,m,16zh
84i,m,oh3
84i,m,1kcb
84i,m,1efd
84i,m,1fdq
84i,m,ovl
84i,m,uk4
84i,m,17j8
84i,m,1dre
84i,m,3pf
84i,m,74u
84i,m,jnw
84i,m,kgb
84j,m,1dzp
84k,h,b1i
84l,h,b1i
84m,h,v96
84p,h,uow
84q,h,j7o
84s,h,6c5
84t,m,84u
84v,h,7wt
84w,h,1dn2
84x,s,9of
84y,h,bzm
84z,h,bzf
850,h,18wy
851,m,e0t
853,h,13uk
853,m,cl1
854,h,1gg6
855,h,1ilk
856,h,p1w
857,h,oav
857,m,858
858,h,oaw
859,h,185n
85b,h,1775
85c,h,1779
85d,h,us4
85e,h,1bfy
85e,h,g1
85f,h,9c7
85g,h,c4k
85h,h,85f
85i,h,x2l
85k,h,10kf
85m,h,f0k
85n,h,vs1
85o,h,185n
85p,h,91v
85q,h,13ue
85r,s,h7n
85s,h,11i6
85v,m,wq8
85v,m,11ak
85x,h,924
85y,h,924
860,h,b5l
861,h,58
863,h,n3c
864,h,13ue
865,h,6c5
866,h,ls8
868,h,b5r
869,m,1ivs
86a,h,610
86e,h,1dim
86g,h,1gx2
86h,h,7w2
86i,h,10kf
86k,h,can
86l,h,86s
86m,h,15sd
86n,h,1952
86o,h,lp9
86o,m,1a6k
86o,m,t8f
86o,m,ff9
86o,m,dez
86o,m,7q5
86o,m,dwa
86o,m,g90
86o,m,170x
86p,m,5k6
86q,h,oav
86q,m,86r
86r,h,kaq
86s,h,10at
86s,h,10kf
86t,s,31e
86u,h,oot
86v,h,oot
86w,h,zq2
870,h,1e2e
870,m,1auk
871,h,c6m
872,s,1fdy
872,s,1l08
872,s,kyo
872,s,1h4r
872,s,ju8
872,s,1all
872,s,zf0
872,s,1h37
872,s,1h33
872,s,l0i
872,s,1al8
872,s,jtr
872,s,h9q
872,s,1fe6
872,s,1h2x
872,s,1l0s
872,s,1al3
872,s,hfr
872,s,h9s
872,s,19l3
872,s,p9q
872,s,l0r
872,s,1h39
872,s,yfn
872,s,19lh
872,s,1gmr
872,s,5dp
872,s,kym
872,s,1h4s
872,s,5do
872,s,1gms
872,s,k5c
872,s,kyl
872,s,1h35
872,s,jua
872,s,1h31
872,s,1ffq
872,s,k5a
872,s,1ey7
872,s,ju7
872,s,ha4
872,s,zf1
872,s,ju6
872,s,yf9
872,s,1h2z
872,s,yfp
872,s,1fgk
872,s,1h2p
872,s,1fgj
872,s,wgn
872,s,l0h
872,s,19l6
872,s,zez
872,s,p9p
872,s,zet
872,s,yff
872,s,1h2v
872,s,1h3b
872,s,1h3d
873,h,5ix
874,h,15uo
875,h,jye
876,s,pyi
877,h,yvk
878,h,a4k
87c,h,1bsg
87d,h,vu9
87e,h,1e8c
87h,h,16tn
87j,h,qmc
87k,m,agh
87l,h,1isp
87l,m,87m
87m,h,1iso
87n,h,17jj
87o,h,1e4o
87q,h,1kkw
87r,h,13el
87s,h,146z
87t,h,16gk
87u,h,jlq
87v,h,o7k
87w,h,ugp
87x,h,xdt
87y,h,z4a
87z,h,13yl
880,h,1gg6
881,h,13a4
882,h,13x2
883,s,1ic0
884,s,rk6
885,h,9b5
886,s,1477
886,s,1ff2
886,s,1dap
886,s,8wm
886,s,blg
886,s,a8w
886,s,wly
886,s,10th
886,s,ete
887,s,wid
888,s,1htv
889,s,1grb
88a,s,149b
88c,h,3hu
88d,h,tk
88e,s,q51
88e,s,8i5
88e,s,z8f
88e,s,o55
88e,s,nn4
88f,s,31y
88g,s,o54
88i,h,q3u
88j,h,1d84
88k,h,1d8a
88l,h,ktk
88m,h,vd3
88n,h,de6
88o,h,z8s
88p,m,u9u
88r,s,1frc
88u,h,w27
88v,h,hp6
88w,h,1jg7
88x,h,1rc
88y,h,1rb
890,m,42y
890,m,rs4
890,m,g4n
890,m,4cq
890,m,14fd
890,m,d66
890,m,nfa
891,h,e5t
892,m,10kd
893,h,1kgc
894,h,wtf
895,h,10r7
896,h,9gs
897,m,7yt
898,h,1d99
899,h,5hl
899,m,sap
89a,s,b1u
89b,s,1htf
89c,h,1a64
89d,h,avp
89e,h,oi1
89g,h,lun
89k,h,l8t
89m,h,vua
89n,s,o05
89o,h,15v8
89q,h,wiu
89s,s,19ro
89t,h,1234
89u,h,1233
89v,s,9of
89x,h,1jrx
8a0,h,8z5
8a1,h,jps
8a2,h,1a4b
8a2,m,wcs
8a3,m,8a4
8a3,m,jma
8a3,m,7x3
8a3,m,xng
8a4,h,1297
8a5,h,13e8
8a7,s,13e4
8a7,s,125r
8a8,h,4qw
8a9,m,8a8
8aa,h,kp9
8ac,h,1bh6
8ad,h,1agu
8ae,h,1ah6
8af,m,yp2
8af,m,1bme
8ah,h,1aha
8aj,h,1bni
8ak,h,1qp
8al,h,1d81
8am,h,6de
8an,h,1a13
8ao,h,8ap
8ap,h,11ve
8ap,h,11zo
8ap,h,2c8
8ar,h,16yj
8as,h,16yk
8at,h,c08
8au,h,1760
8aw,h,dje
8ay,h,65p
8b0,h,1261
8b2,h,1kjy
8b3,h,1kkz
8b4,h,1g6s
8b5,h,cxg
8b7,h,ckc
8b8,h,ckb
8b9,h,ckb
8ba,h,10b1
8bd,h,42d
8be,s,is2
8bf,h,zjo
8bh,m,oz4
8bi,h,lr1
8bj,h,lnk
8bk,h,n8y
8bm,h,1cn
8bn,m,17sw
8bp,h,vso
8bq,h,17d8
8br,h,1ggj
8bt,h,9c5
8bu,h,7f2
8bv,h,edz
8bw,h,pte
8bw,h,1isc
8bx,h,152d
8by,h,zou
8c0,h,610
8c2,h,17jw
8c3,h,oav
8c3,m,8c4
8c3,m,8c2
8c5,h,171j
8c7,h,1geg
8c8,h,nv9
8c9,h,azc
8ca,h,ooc
8cb,h,h74
8cc,h,bug
8cd,h,py5
8ce,h,1kbf
8cf,h,q6p
8cg,h,9tf
8ch,h,azb
8ci,h,nv9
8cj,h,15az
8ck,h,1dzz
8cl,h,nv8
8cm,h,nv9
8cn,h,qna
8co,h,b29
8cp,h,1410
8cq,h,4r6
8cr,h,2mb
8cs,h,1gaw
8ct,h,ko2
8cu,h,n3x
8cv,h,1436
8cw,h,gjd
8cx,h,yt1
8cy,h,nv9
8cz,h,1gg6
8d0,h,z2y
8d1,h,1kbf
8d2,h,11ff
8d3,h,h73
8d3,h,b3p
8d4,h,429
8d7,h,1jfj
8d7,m,8e8
8d8,h,1gee
8d9,h,nut
8de,h,1klm
8dg,h,kod
8dh,m,8dj
8dj,h,10m
8dk,m,181t
8dn,h,x0b
8dp,m,vna
8dr,s,1g3m
8dt,h,m15
8dw,h,6gh
8dx,h,1kgc
8dz,h,gfc
8e0,h,gd6
8e1,h,8e2
8e2,h,1s8
8e2,m,77g
8e3,h,wvy
8e4,m,1ddc
8e5,h,vso
8e6,h,vso
8e8,h,1k19
8e8,m,1c27
8ea,h,1k1c
8ec,h,1kpt
8ed,h,13uc
8ef,h,19qt
8ef,h,df9
8eg,h,df9
8eh,h,df9
8ei,s,hup
8ei,s,1au1
8ei,s,mue
8ek,h,18wh
8em,m,ofn
8em,m,11zu
8em,m,115a
8em,m,19ol
8en,h,as2
8eo,m,nbt
8eo,m,1cnh
8eo,m,f0q
8eo,m,10rf
8eo,m,8vd
8eo,m,2sq
8eo,m,18ao
8et,h,1kih
8eu,h,1jpx
8ev,h,1dke
8ew,h,ep9
8ex,h,2yb
8ey,m,ma
8ez,h,4ev
8f0,h,73t
8f0,m,8ez
8f1,s,no9
8f2,h,nne
8f3,h,j48
8f4,h,bs4
8f5,h,11k5
8f6,h,13tv
8f7,h,2ts
8fb,h,15ob
8fd,h,bs4
8fe,h,qx9
8fg,h,1s8
8fg,m,1a3d
8fi,s,1cfj
8fj,s,19tr
8fk,s,6dr
8fl,h,11se
8fn,h,18cg
8fp,h,dca
8fq,h,113h
8fs,h,ilu
8ft,h,uqz
8fu,h,8fw
8fv,s,bzp
8fw,h,1d8o
8fx,s,10cd
8fy,m,8fz
8g0,h,11k5
8g1,h,3y
8g2,h,l5g
8g3,h,j2h
8g4,h,1kk5
8g5,h,cl3
8g6,h,l30
8g8,h,86o
8ga,h,6gh
8gb,h,hp4
8gf,h,o7d
8gh,h,1chb
8gi,h,17jw
8gj,h,1a64
8gk,h,fkh
8gl,h,fkg
8gm,h,bs4
8gn,h,1gi7
8go,h,t5i
8gs,h,wiu
8gu,h,1j00
8gv,h,15f6
8gw,s,17ej
8gx,s,1icu
8gy,h,lun
8gz,h,1be5
8h0,h,48r
8h1,h,c4k
8h2,h,1fia
8h3,h,m8i
8h4,h,ec5
8h5,h,ec5
8h6,h,19qt
8h7,m,108z
8h7,m,9dt
8h7,m,1gm
8h9,h,1ckm
8ha,h,9zd
8hb,h,9zd
8hd,h,1klm
8he,h,19p3
8hf,h,17hj
8hg,h,14ja
8hh,h,15mn
8hi,h,14je
8hk,h,1bp8
8hm,h,k3w
8hn,h,9kk
8ho,h,e16
8hp,h,kxx
8hp,m,1h1e
8hp,m,saw
8hq,h,9dk
8hs,h,xe0
8hu,m,4tu
8hv,s,df6
8hv,s,1m5
8hv,s,1bro
8hw,h,y99
8hx,h,zig
8hy,h,1ah6
8i1,s,1hg0
8i2,s,1i2y
8i3,s,qni
8i4,s,1i2y
8i5,s,88e
8i6,s,rj8
8i7,s,h0h
8ia,h,qnl
8ib,h,1j1x
8ic,h,1j1x
8id,h,e3y
8ie,h,1gi7
8if,h,15lk
8ii,h,2tx
8ij,h,id5
8ik,h,8my
8il,h,1k2n
8im,h,jmc
8in,h,mmk
8in,h,1kib
8io,h,kfl
8is,s,ess
8it,h,1gy5
8iu,h,5aq
8ix,h,1bp5
8iy,h,17i3
8iz,h,i0h
8j0,h,pgn
8j2,h,14cz
8j3,h,66v
8j4,h,u15
8j5,h,tnc
8j6,h,a04
8j7,h,b50
8jb,h,jv
8jc,h,8nw
8jf,h,924
8jg,h,182s
8jh,h,v0m
8ji,h,ews
8jj,h,hu2
8jk,h,1436
8jm,h,1jpx
8jn,h,qmc
8jp,h,vh
8jr,s,nq6
8jt,h,1fxk
8jv,h,18mh
8jv,m,8jt
8jw,h,1aj7
8jy,h,1aj6
8k0,h,182s
8k1,h,d4n
8k2,h,env
8k3,h,gfy
8k5,h,tk
8k6,h,yzp
8k7,h,v7n
8k8,h,16so
8k9,h,jf3
8ka,h,lpb
8kb,h,1g2w
8kc,h,1dxz
8kd,h,11d6
8ke,h,197m
8kf,h,3il
8kg,h,5z4
8kh,h,m40
8ki,h,91v
8kj,h,bxb
8kk,h,o0f
8km,h,1hlo
8kn,h,bv8
8ko,h,i8f
8kp,h,o0f
8kq,h,pbm
8kr,h,16kg
8ks,h,17hd
8kt,h,1c59
8ku,h,12f0
8kv,h,1kh5
8kw,h,ebv
8kx,h,n19
8ky,h,15ob
8ky,h,hp6
8kz,h,qll
8l0,h,132x
8l1,h,12gc
8l2,h,hg
8l3,s,qkr
8l4,h,1d96
8l5,h,xbv
8l5,h,11u0
8l6,s,f4j
8l7,h,1eru
8l9,h,1ekq
8la,h,r7q
8lb,h,66v
8lc,h,1ers
8ld,h,ike
8le,h,1erq
8lf,h,oys
8lg,h,92
8lh,h,1daj
8lj,s,1i4f
8ll,h,n3k
8lm,h,15lb
8ln,s,9zz
8lo,h,b8r
8lp,h,8yi
8lq,h,ddf
8lr,h,1493
8ls,h,1dut
8lt,h,z4a
8lu,h,t16
8lw,h,d4q
8m0,h,c5f
8m2,h,14l2
8m3,h,14l2
8m4,s,o05
8m5,s,hlu
8m6,s,t71
8m7,h,1fhs
8m9,h,9qb
8m9,m,8m7
8ma,h,9qb
8md,h,1guu
8me,h,zig
8mf,h,qvi
8mh,m,18te
8mi,h,hdj
8mj,h,1f20
8mm,h,9ny
8mo,h,9nz
8mq,h,rgb
8ms,h,qn2
8mu,h,oav
8mx,h,bc1
8mz,h,4vj
8n0,h,v0u
8n1,h,6ez
8n1,m,4vk
8n1,m,7p1
8n2,h,1cve
8n3,h,zml
8n4,h,1jwr
8n5,h,12e0
8n6,h,1jgx
8n7,m,8nb
8n7,m,9sm
8n9,h,xxw
8na,s,1k49
8nc,h,vvx
8nd,h,vvs
8ne,h,1d99
8ng,s,8nj
8nh,s,1352
8nj,s,8ng
8nj,s,1efe
8nj,s,60c
8nk,s,1af9
8nm,h,1cdn
8np,h,d2a
8np,m,8nq
8ns,h,18y5
8nt,h,18y0
8nu,s,9hr
8nv,s,8nz
8nx,h,169i
8nz,s,qh8
8nz,s,8nv
8nz,s,xax
8nz,s,xay
8nz,s,13d2
8nz,s,js
8nz,s,jeu
8nz,s,274
8nz,s,bcx
8nz,s,4h
8nz,s,16r4
8o0,h,zq9
8o1,h,s7a
8o2,h,uya
8o3,h,8nw
8o4,s,1i10
8o5,s,1hvo
8o6,h,17cx
8o7,h,1duw
8o8,h,1127
8o9,h,ii
8oa,h,b5l
8ob,s,ess
8od,h,1ghu
8oe,h,qyu
8of,h,zig
8og,h,3hu
8oh,h,1jll
8oj,h,1jlf
8ok,s,1475
8ol,s,n65
8ol,s,m7h
8ol,s,7mk
8ol,s,j2d
8ol,s,101g
8om,s,wuc
8oo,h,13uk
8oq,h,wyw
8or,s,g4k
8os,h,wew
8os,m,8ov
8ot,m,1gq6
8ot,m,8ow
8ou,h,1e67
8ov,h,1bd1
8ow,h,1bd1
8ox,h,m1b
8ox,m,1jhq
8ox,m,1cde
8ox,m,1cdd
8ox,m,17j9
8ox,m,kg5
8oy,h,opl
8oz,h,iui
8p0,h,am6
8p1,h,ysc
8p2,h,13q0
8p4,h,hp8
8p5,h,8ox
8p6,h,opl
8p7,s,oph
8p8,m,8pe
8p9,h,17g7
8pa,h,yzt
8pb,h,1bo1
8pc,h,dzj
8pd,h,1d99
8pe,h,17g1
8pf,h,d4q
8pg,h,1iku
8pi,h,838
8pi,m,9gh
8pj,h,kaq
8pk,h,9gh
8pl,h,rip
8pm,h,rio
8pn,h,12xj
8pp,h,hq3
8pq,s,bum
8pt,h,11qc
8pu,m,84f
8py,h,8pd
8py,m,2j8
8pz,h,bj4
8q0,h,1kiy
8q1,h,bj4
8q3,m,8q1
8q5,h,10ul
8q7,h,1mo
8q8,h,bx9
8q9,h,1mo
8qb,h,12z9
8qd,h,11k5
8qe,h,13oy
8qf,h,vvo
8qg,s,snn
8qh,s,mdm
8qi,h,xu
8qj,h,fx7
8qk,h,17bz
8qm,h,pyk
8qn,h,oav
8qn,m,8qo
8qp,h,1098
8qq,h,oav
8qq,m,8qr
8qr,h,1iso
8qv,s,o2o
8qx,h,1dwv
8qx,m,2fe
8qx,m,1l1k
8qx,m,xr8
8qx,m,1kzw
8qy,h,wiu
8r0,h,bc2
8r2,s,97v
8r3,h,b1h
8r4,m,hss
8r4,m,1ilr
8r4,m,yur
8r4,m,zoi
8r4,m,dk9
8r7,h,17jj
8r8,h,17jj
8ra,h,5t3
8ra,m,8r8
8rb,h,xmc
8rc,h,6fk
8rf,s,1ng
8rf,s,xhf
8rf,s,7vz
8rg,h,1558
8ri,h,p6
8rj,h,qmc
8rk,h,1fat
8rl,s,31e
8rm,h,12vi
8rn,h,ygh
8rp,h,1krk
8rq,h,12d3
8rr,h,8pd
8ru,h,ifo
8rx,m,1dn4
8rx,m,nd8
8ry,h,bak
8s0,h,oz
8s1,h,jwq
8s2,h,5ep
8s3,h,aef
8s4,h,jey
8s5,h,b5l
8s8,h,1akh
8sa,h,16bx
8sb,h,vz4
8sd,m,14vw
8sd,m,1f3m
8se,h,z6z
8sf,h,1izm
8sg,h,11k5
8sh,h,z8s
8si,h,vru
8sj,s,iwt
8sl,h,cgl
8sm,h,ecb
8sn,s,cxh
8so,h,fe9
8sp,h,cfb
8sq,h,cfd
8sr,h,z8s
8ss,h,l1n
8ss,h,1cad
8su,m,c8b
8su,m,8sx
8sw,h,ki1
8sy,h,l1n
8sz,h,zbp
8t0,s,zb5
8t2,h,259
8t3,s,8uu
8t4,h,2sg
8t5,h,75x
8t6,h,12of
8t7,h,yzr
8t9,h,kwc
8ta,h,4kc
8tb,h,txn
8tc,h,128f
8td,h,9zd
8td,m,8ut
8tf,h,1e34
8tg,h,132x
8th,h,txp
8ti,h,132x
8tj,s,8u0
8tk,h,xds
8tl,h,1g6f
8tm,h,132x
8tn,h,12g
8tp,s,8u0
8tq,h,10vj
8tr,h,twm
8ts,h,jja
8tt,h,e3i
8tw,m,wgg
8tx,h,l1n
8ty,m,wgh
8tz,h,30n
8u0,s,8tj
8u0,s,5au
8u0,s,klt
8u0,s,1rn
8u0,s,yue
8u0,s,vth
8u0,s,8ui
8u0,s,8tp
8u1,h,1km1
8u2,m,ym9
8u2,m,chh
8u4,h,1ebi
8u4,m,y8c
8u4,m,6ju
8u5,h,nph
8u7,h,12ra
8u9,h,132v
8ua,h,bo2
8ub,h,lug
8uc,h,91u
8ue,s,bo5
8ue,s,8ur
8uh,h,8u1
8ui,s,8u0
8uk,s,e0c
8ul,s,h7l
8um,h,xxy
8un,h,2hv
8uo,h,1bxs
8up,h,zoi
8ur,s,8ue
8us,s,ya
8ut,h,tk
8uu,s,8t3
8uw,h,1d99
8uy,h,dk9
8uz,h,65p
8v0,h,1jm4
8v1,h,1fon
8v1,m,dys
8v4,h,wxv
8v5,h,9zg
8v5,m,8v4
8v6,h,2aj
8vb,h,qz5
8vc,h,2zw
8vd,m,xcq
8ve,m,vuo
8vf,m,ozl
8vg,m,14jo
8vh,h,zr7
8vk,m,n6m
8vm,h,4qd
8vn,h,1koo
8vp,h,mt1
8vs,m,1ixr
8vz,m,8vv
8vz,m,o8z
8vz,m,nc3
8w0,s,kvo
8w2,s,kvo
8w4,h,xu
8w5,h,kh
8w6,h,kh
8wc,h,15uo
8wd,h,w63
8wf,m,sib
8wg,h,8wo
8wh,s,c0f
8wi,s,qfh
8wi,s,e8h
8wj,s,g64
8wj,s,6ds
8wj,s,kti
8wk,s,e8g
8wl,s,16b6
8wm,s,886
8wo,h,14te
8wp,s,qu8
8wq,s,8wx
8wr,h,g0u
8ws,h,3sp
8wt,h,3ns
8wu,h,dyh
8wv,s,8wx
8ww,h,3nr
8wx,s,8wq
8wx,s,8wv
8wy,s,1651
8wz,h,d7
8x0,h,193q
8x1,h,n5q
8x2,h,e23
8x3,h,1kq6
8x4,h,8wn
8x5,h,1jrx
8x6,h,wiu
8xa,h,qmc
8xb,m,dn3
8xb,m,1cb
8xb,m,e5t
8xb,m,8xd
8xb,m,82u
8xb,m,15b5
8xb,m,z6s
8xb,m,vpu
8xb,m,x9c
8xc,h,zq2
8xd,m,1jjw
8xd,m,rtd
8xd,m,187k
8xd,m,15uu
8xf,h,edy
8xg,h,w63
8xh,h,1cxq
8xi,h,16c9
8xj,h,9v6
8xk,h,9zg
8xk,m,1emh
8xk,m,o7h
8xl,m,8xn
8xn,m,kj4
8xn,m,5w9
8xt,h,7bp
8xu,h,m80
8xv,h,an9
8xw,h,3w4
8xx,h,10kf
8xy,m,8y1
8y1,h,10m
8y4,h,1ez6
8y5,h,rkr
8y6,h,jlf
8y7,h,54
8y8,h,1jl7
8y9,s,10cn
8yb,h,kmn
8yc,h,jye
8ye,s,1ko3
8yf,h,1ez6
8yh,h,his
8yi,h,19gc
8yj,h,1hwx
8yk,h,tqp
8yl,h,7f2
8ym,h,16so
8yn,m,tyt
8yn,m,1kth
8yp,h,y1p
8yq,h,y1p
8yr,h,2yb
8ys,h,jey
8yt,h,617
8yu,h,139c
8yv,s,6dp
8yw,h,18zw
8yw,m,tdi
8yw,m,3xn
8yx,h,18zx
8yy,h,nxy
8yz,h,1ana
8z0,h,132u
8z1,h,8bn
8z2,h,8yw
8z4,h,190m
8z5,h,14vp
8z6,h,pfg
8z8,h,wiu
8z9,h,wiu
8zb,h,z48
8zc,h,19ai
8zd,h,p3w
8ze,h,d9o
8zf,h,7o1
8zg,h,1k4b
8zi,h,gfc
8zj,s,g0
8zk,h,6n5
8zl,h,1akt
8zn,h,14xd
8zo,h,yzx
8zp,h,ees
8zq,h,bti
8zr,h,rf1
8zs,h,16lm
8zt,h,yzt
8zu,s,btj
8zv,s,1csy
8zw,s,149y
8zx,h,j2h
902,h,hp6
903,h,8pd
904,h,17jj
905,h,37e
906,h,p45
907,s,fxp
908,h,8v4
90a,h,1ghm
90b,h,1cqg
90c,h,uvx
90d,h,15ob
90f,h,j2h
90g,h,11k5
90h,h,u5a
90i,h,tay
90k,h,oav
90l,h,9e6
90n,m,2s3
90p,h,17ca
90q,h,e6w
90r,s,56h
90s,h,3xx
90u,h,btg
90w,s,ss
90x,h,17bn
90y,h,nna
90z,h,2sj
90z,m,9kq
912,h,13qr
914,h,132u
915,h,cj0
916,h,2rp
917,h,1bj4
918,h,1h72
919,s,dp1
91a,s,1hdw
91d,h,17b8
91g,h,16tw
91h,h,uz6
91i,h,7wi
91j,h,1cyk
91l,h,nne
91m,h,169i
91n,h,j9
91o,h,bm5
91p,h,8fp
91q,h,1fcm
91r,h,aao
91s,h,aka
91t,h,8fp
91x,h,ghd
91y,h,16ht
91z,h,16ht
920,h,91v
921,h,91n
922,h,xe4
923,h,91v
924,h,91v
925,s,16zs
925,s,3as
925,s,9ae
925,s,1jba
925,s,kit
925,s,ry5
925,s,q4
925,s,s8k
925,s,wsx
925,s,kiw
925,s,i7u
926,s,1iq3
927,s,aqp
928,h,14te
929,s,1gbm
929,s,1iqq
929,s,im0
92a,s,1m4
92b,s,w6e
92c,s,rd0
92d,s,1he6
92e,h,9fw
92f,h,11k5
92g,s,gvl
92h,h,1gde
92i,h,10vy
92j,h,61a
92k,h,azg
92m,h,1cmy
92n,h,v3x
92o,h,bqa
92p,h,1d0d
92q,h,1gde
92s,h,1agv
92t,s,xm4
92u,h,124k
92v,h,11p
92x,s,1742
92y,h,hsd
92z,h,93e
930,h,bh4
935,s,fnw
936,s,1k8x
939,h,v0g
93a,h,cn8
93b,h,tee
93c,h,cng
93d,h,k9t
93f,h,19i5
93g,h,e6w
93h,h,ia0
93i,s,ebf
93j,h,a4l
93k,h,132u
93n,h,1163
93o,s,17mx
93p,h,192t
93q,h,11p3
93r,h,abv
93s,h,37e
93t,h,i2y
93u,h,85f
93v,h,1859
93w,h,7ci
93x,h,7co
93z,h,1g8v
93z,m,1ffk
93z,m,16r2
93z,m,r14
940,h,1329
941,h,tk
942,h,16li
943,h,15re
945,h,3iy
946,h,18sv
947,h,e5z
948,s,ftu
948,s,ezd
948,s,115q
949,h,14te
94a,h,r0n
94b,h,143k
94d,h,epq
94e,h,fu1
94f,s,znu
94g,h,1kki
94h,m,94g
94i,m,sgb
94i,m,g86
94j,h,85f
94j,h,le6
94l,h,mv2
94m,h,gg6
94n,s,g0
94o,h,gfc
94p,h,ecu
94q,h,4w3
94q,m,94r
94r,h,mxe
94s,h,1j4j
94u,h,3gk
94v,h,12gw
94w,h,cdg
94y,h,ekw
94z,h,tlx
950,h,16ll
951,h,oat
952,h,iut
953,h,17vy
955,h,d1
956,h,eh
957,h,9wy
958,h,91u
959,h,dy5
95a,h,1130
95b,h,tos
95c,h,10cw
95d,h,17l
95e,h,avl
95f,h,qyn
95g,h,qyn
95h,h,eug
95i,h,91u
95j,h,1duw
95k,h,pzo
95l,s,n7x
95m,s,y39
95m,s,1339
95m,s,p2s
95m,s,12qa
95n,s,hlu
95o,s,149y
95q,h,ews
95r,h,8bn
95t,h,1gee
95u,h,1762
95v,h,gku
95w,h,3iv
95w,h,r3y
95x,s,3is
95z,s,52f
960,s,sh6
962,h,kzz
963,h,52s
964,h,m9l
965,h,qyf
966,h,fkt
96j,h,doi
96m,h,es6
96o,h,yzp
96p,h,kap
96q,h,bxa
96r,h,146u
96s,h,11l8
96t,h,11k5
96u,s,12hc
96v,s,1dt8
96x,s,z7s
96y,h,1iry
96z,h,jpc
971,h,v9r
972,h,v9s
973,h,12af
975,h,g0u
976,h,bv4
977,h,tnv
979,h,wyz
97a,h,icx
97b,h,1620
97d,s,1hyp
97f,h,u06
97g,s,9of
97h,h,a1z
97i,h,1k3b
97k,h,l2k
97l,h,14mr
97m,h,1kix
97n,h,df9
97o,h,xds
97p,h,gj9
97q,h,zhi
97r,h,dol
97s,h,doh
97t,h,xcj
97u,h,1amo
97v,s,8r2
97v,s,14ks
97w,s,129x
97x,s,x5n
97z,h,91u
980,h,12a5
981,h,7qx
982,h,7n
983,h,1j00
984,h,byw
985,h,1jut
986,h,1ehj
989,h,jwl
98a,h,wr6
98b,h,8yk
98e,h,11kl
98f,h,yij
98g,h,yij
98h,h,1bks
98i,h,df9
98j,h,1ehk
98k,h,1ehk
98l,h,1brt
98n,s,1jca
98o,s,azo
98q,h,gkt
98r,h,1110
98s,h,5c3
98t,h,110x
98v,s,110y
98y,h,9e6
98z,s,1al6
98z,s,uh8
990,s,1ctg
991,s,ql4
994,h,1ep3
995,h,wo1
996,h,e0d
997,h,1j20
998,h,4sa
999,h,dzs
99a,h,dzs
99b,s,1hqc
99d,h,17wm
99e,h,8n9
99g,h,gcr
99h,h,5d4
99i,h,qxa
99j,h,5qf
99k,h,1juf
99l,h,z2u
99n,h,1wq
99o,h,ikd
99p,h,1cxv
99q,h,1ix7
99r,h,91u
99t,h,z2n
99u,h,bna
99v,h,bna
99w,h,1cxv
99x,h,1cxv
99y,h,gfc
99z,h,xe0
9a0,h,e6r
9a1,h,3gt
9a2,h,1kqe
9a3,h,1ix7
9a4,h,1cxy
9a5,h,cnj
9a6,h,vd3
9a7,h,15sf
9a8,s,111p
9a9,h,3hd
9aa,h,ikg
9ab,h,v3q
9ac,h,1irc
9ad,h,5z3
9ad,m,ezh
9ad,m,1c84
9ae,s,925
9af,m,9ad
9ag,h,u15
9ah,h,1j2h
9aj,h,4sa
9al,h,cfo
9am,h,1cxt
9an,h,ika
9an,m,hd9
9ap,h,9bb
9aq,h,jjb
9ar,h,1ehj
9as,h,65p
9as,m,1l2v
9au,h,d4q
9av,h,2ml
9aw,h,hpi
9ax,h,2jg
9az,h,168y
9b0,h,hpi
9b1,s,9ba
9b1,s,4qt
9b1,s,5sn
9b1,s,4qq
9b1,s,7ah
9b1,s,9ik
9b2,s,zks
9b4,h,3iy
9b5,h,nni
9b6,h,hpk
9b7,h,9b0
9b8,h,1dvb
9b9,h,t8s
9ba,s,9b1
9bb,h,kp4
9bc,h,fh3
9bd,h,1c30
9be,h,1ggy
9bf,h,nid
9bg,h,7n5
9bh,h,11t0
9bi,h,lvh
9bj,h,1g76
9bk,s,1ctg
9bl,h,5bg
9bn,h,c1c
9bo,h,qmc
9bq,h,oja
9bt,h,oe6
9bu,h,kvl
9bv,h,13ud
9bx,m,19ve
9bz,m,9c1
9c5,h,vlw
9c6,h,3io
9c7,h,1dik
9c7,m,3ez
9c8,h,9c9
9cc,h,uky
9cd,h,1hkg
9cd,m,1d1n
9ce,h,ghb
9cf,h,th
9cg,h,18oj
9ci,h,1dik
9ck,h,19c2
9cl,h,1eal
9cm,h,1eqw
9co,h,1f9n
9cq,h,c5f
9cr,h,j2h
9ct,m,9cu
9ct,m,185m
9ct,m,1849
9ct,m,3fp
9ct,m,4ky
9cu,m,mll
9cv,h,1kgi
9cx,h,17wm
9cz,m,9d0
9d1,s,ugv
9d3,h,rio
9d4,h,rip
9d5,h,9rg
9d6,h,1kiy
9d7,m,9d8
9d8,h,gnx
9d9,h,14sp
9da,h,14sq
9db,h,1ad7
9dd,h,3w8
9de,h,20m
9df,h,oav
9df,m,9dg
9dg,h,oaw
9dh,h,6y3
9di,m,9ad
9dj,h,9ad
9dk,h,v3q
9dl,h,6gh
9dl,m,tob
9dm,h,liv
9dm,m,gg2
9dm,m,19us
9dp,h,dsw
9dq,h,mw0
9ds,h,1kiy
9dt,h,1gi7
9dt,m,9du
9dv,h,6zu
9dw,h,7rt
9dx,h,ozx
9dy,s,9of
9e2,h,41i
9e3,h,951
9e4,h,x8a
9e6,h,mtk
9e7,h,1fcv
9e8,h,bz2
9e9,s,1eyo
9ea,h,br8
9eb,h,1e34
9ec,s,1g3m
9ed,s,hb7
9ef,h,1ee
9eg,h,1ed
9eh,h,tjc
9ek,h,11xo
9el,h,1d99
9en,h,hep
9eo,s,1dd4
9es,h,w9b
9et,h,ghy
9eu,s,1dd4
9ev,h,9f1
9ew,h,1fsb
9ey,h,qdg
9f0,h,1386
9f0,m,6ps
9f1,h,g3t
9f1,m,9f0
9f2,h,btg
9f3,s,clo
9f5,h,vhg
9f6,h,139w
9f7,h,gkp
9f8,h,tfa
9f9,h,tf9
9f9,m,9fa
9f9,m,9f8
9fa,h,tfb
9fb,h,oav
9fc,h,n8y
9fd,h,17jw
9fe,h,oav
9fe,m,9fg
9fe,m,9fd
9fi,h,15mn
9fj,s,pyi
9fn,h,132u
9fo,h,j2h
9fp,h,9dm
9fp,m,gg2
9fq,h,net
9fr,h,kb2
9ft,m,9fs
9fu,h,1g57
9fv,h,5nh
9fw,h,s7r
9fx,h,z9i
9fy,h,11k5
9fz,h,epa
9g1,h,10uh
9g1,m,edy
9g2,h,19i4
9g4,h,pru
9g5,s,prr
9g8,s,1hsc
9g9,h,1akt
9ga,s,1kxh
9gb,s,xs0
9gc,m,10yh
9gc,m,t1k
9gc,m,1inq
9gc,m,mqn
9gc,m,1z7
9gc,m,9ge
9gg,h,fkh
9gi,h,alk
9gj,h,1e8c
9gk,h,2lj
9gl,h,emk
9gm,h,alk
9gn,s,1b3
9go,s,1how
9gp,s,al2
9gq,s,1hs8
9gt,h,1bks
9gv,h,pql
9gx,s,1i4w
9gy,h,kii
9gy,m,k1v
9gy,m,do6
9gz,h,c7v
9h0,h,a1z
9h2,h,jjb
9h2,m,mh4
9h3,h,157x
9h4,m,1kys
9h4,m,dmo
9h4,m,o3v
9h4,m,mhg
9h4,m,1fkp
9h4,m,p9k
9h4,m,v4b
9h4,m,1ks9
9h4,m,1ks8
9h4,m,vwu
9h4,m,4yb
9h4,m,nmi
9h4,m,19qb
9h4,m,xt6
9h4,m,1kra
9h4,m,n5d
9h4,m,19vn
9h4,m,9m2
9h4,m,1ebz
9h4,m,91k
9h4,m,1ui
9h4,m,9hk
9h5,h,12zx
9h6,h,a10
9h8,h,1gi7
9h9,h,6g9
9ha,h,cyc
9hc,h,li9
9hd,h,aeo
9he,h,17g1
9hf,h,deu
9hg,h,1by2
9hh,h,7gc
9hj,h,1aic
9hk,h,34m
9hl,h,d2a
9hm,h,1j4e
9hm,m,skk
9hn,h,9hk
9ho,h,cn8
9hp,h,1bkn
9hq,h,12jw
9hr,s,8nu
9ht,h,1grj
9hu,h,j2h
9hv,h,lzz
9hw,h,1kbn
9hy,h,1851
9hy,m,9hz
9hz,h,1853
9i1,h,j2h
9i2,h,kep
9i3,h,gmh
9i5,h,cfp
9i6,h,199o
9i7,h,2lz
9i8,h,6p8
9i9,h,19e0
9ia,h,1a13
9ib,h,19qt
9ic,h,df9
9id,h,5z0
9ie,h,3dm
9if,h,3dn
9ig,h,1ca6
9ih,h,rrw
9ik,s,9b1
9il,h,1jaw
9im,h,8st
9in,h,3b3
9io,m,9ip
9io,m,wcd
9iq,h,1bsg
9ir,h,1gi1
9is,h,1f9m
9it,m,4ly
9iu,h,1bkn
9iw,h,1bkn
9iy,h,8eg
9iz,s,ftp
9j0,h,m80
9j1,h,984
9j2,h,12vi
9j4,h,1gxw
9j5,h,wxv
9j7,h,1175
9j8,h,1iqw
9j9,s,10x8
9ja,s,cjb
9jb,h,cjf
9jc,h,13r0
9jd,m,9je
9je,h,oaw
9jf,h,1iug
9ji,h,1c3b
9jj,h,80y
9jk,h,1e8c
9jl,h,2d5
9jm,h,2aj
9jn,h,185n
9jo,h,1dw
9jp,h,b5l
9jq,h,ngv
9jr,h,13ue
9js,h,flb
9ju,h,fld
9jv,h,nht
9jv,h,9c7
9jv,h,lst
9jw,h,wiu
9jx,h,pdk
9jx,h,1bfy
9jy,h,12t5
9k0,h,20g
9k1,h,9zg
9k2,h,11zo
9k3,h,12d8
9k4,h,7g3
9k5,h,2bw
9k8,h,uxx
9k8,h,11pp
9ka,h,5sz
9kc,h,jey
9kd,h,ooc
9ke,s,lf4
9kf,h,kp4
9kg,h,6zu
9kj,h,e1a
9kk,h,j9
9kl,s,1dsp
9km,s,1ep7
9kn,h,dm3
9ko,h,9nf
9ko,m,9na
9kp,h,19j8
9kq,h,2sj
9kr,h,1agv
9ks,h,9na
9kt,h,xmd
9ku,h,ak6
9kv,h,1ioa
9kw,h,6q5
9kx,h,b63
9ky,h,b63
9kz,h,b63
9l0,h,j5g
9l1,h,qq0
9l2,h,hwi
9l3,h,lcy
9l4,h,9d7
9l4,m,9l3
9l5,s,z2q
9l6,h,1hrz
9l7,h,y1p
9l8,h,amc
9l9,h,13ry
9la,h,fnm
9lb,h,1dms
9lc,s,1fmt
9ld,h,qmc
9le,h,32
9lf,h,qmc
9lj,h,ltl
9lk,s,10ws
9lm,s,22f
9ln,h,1cq0
9lo,h,3vn
9lq,h,i0h
9lr,h,7l5
9ls,h,9e6
9lt,h,9e5
9lx,h,9zg
9ly,h,17es
9ly,m,9m1
9m0,h,18bp
9m1,h,ms3
9m3,h,e0k
9m5,h,igf
9m6,s,jf5
9m8,h,deu
9m9,h,ruc
9ma,h,16xr
9mb,h,n2w
9mc,h,df9
9md,h,xdt
9me,h,uya
9mf,h,1d63
9mg,h,df9
9mh,h,1d64
9mi,h,xlw
9ml,h,1a0a
9mm,s,dem
9mn,h,1fya
9mo,h,1cyv
9mp,s,1dlp
9mq,s,1cyy
9mr,h,1ect
9mt,h,pfh
9mv,h,yrs
9mw,h,12f5
9my,h,11un
9my,m,1iyq
9my,m,9n0
9n0,h,239
9n2,h,uya
9n3,h,vjw
9n4,h,csc
9n6,h,doe
9n7,h,yrj
9n8,h,17z6
9na,h,1ah6
9nb,h,18es
9nc,h,vyq
9nd,h,t4s
9ne,h,1bkn
9ng,h,twj
9ng,m,9nj
9nh,h,b11
9ni,h,1iku
9nj,h,dom
9nk,h,dqr
9nm,h,hgi
9no,h,jcn
9np,h,1c06
9nq,h,1bla
9nr,h,ile
9ns,h,zak
9nu,h,60z
9nu,m,9qc
9nu,m,9qa
9nv,h,4c2
9nx,s,9o3
9nx,s,9o5
9nz,h,16br
9o0,h,bz9
9o1,h,mc
9o2,h,bzh
9o3,s,9nx
9o5,s,9nx
9o6,h,18zi
9oc,h,185n
9of,s,1235
9of,s,7vo
9of,s,1d2s
9of,s,vek
9of,s,84x
9of,s,18ax
9of,s,zc7
9of,s,1ejv
9of,s,1ixk
9of,s,utu
9of,s,14m1
9of,s,xd4
9of,s,17kv
9of,s,17wi
9of,s,6zx
9of,s,nx4
9of,s,1h7u
9of,s,mwt
9of,s,1j49
9of,s,cuo
9of,s,crv
9of,s,1h89
9of,s,c44
9of,s,c58
9of,s,5wv
9of,s,1b7p
9of,s,1cwx
9of,s,seb
9of,s,17wu
9of,s,3lh
9of,s,1ej6
9of,s,zlp
9of,s,74m
9of,s,zcd
9of,s,1232
9of,s,114d
9of,s,1kv0
9of,s,1bjf
9of,s,89v
9of,s,t5x
9of,s,4ya
9of,s,1eq9
9of,s,rr6
9of,s,1826
9of,s,9dy
9of,s,ou8
9of,s,3jb
9of,s,3vj
9of,s,6yp
9of,s,gyz
9of,s,z5b
9of,s,3rz
9of,s,1ow
9of,s,ljg
9of,s,15uq
9of,s,97g
9of,s,gsf
9of,s,5y4
9of,s,1re
9of,s,vor
9of,s,5yq
9oh,h,jrg
9oj,h,15sp
9ol,h,xxy
9om,h,9oq
9on,h,12du
9oo,h,13ue
9op,h,wiu
9oq,h,w63
9or,h,n3c
9ot,h,611
9ot,m,9oh
9ot,m,1ewm
9ot,m,lxe
9ot,m,9oi
9ot,m,8uw
9ou,h,t7f
9ov,s,ea6
9ow,s,uba
9ox,s,1ijk
9p0,h,15sg
9p1,h,okt
9p2,h,1foz
9p7,h,p7w
9p8,h,a7t
9pa,h,14k1
9pb,h,ki2
9pc,h,ki1
9pc,m,9pb
9pd,h,wiu
9pe,h,zch
9pg,h,8z5
9ph,h,32j
9pi,s,qld
9pj,h,dje
9pk,h,urh
9pl,h,12l0
9pm,s,jfb
9pn,m,5n8
9pn,m,1a3p
9po,m,rue
9pp,h,1fib
9pq,h,l
9pr,h,88k
9ps,h,t4u
9pu,s,12h9
9pv,h,yij
9pw,h,1bks
9px,h,1a7s
9py,h,xxw
9pz,h,10si
9q0,h,43t
9q1,h,1851
9q2,h,1b9b
9q3,s,l9c
9q4,s,a8u
9q5,h,1j1y
9q6,h,1jf1
9q9,s,1a28
9qa,h,16bs
9qa,m,9ny
9qb,m,2n9
9qb,m,xv5
9qb,m,90z
9qb,m,1j02
9qb,m,13jd
9qb,m,1gan
9qb,m,xzc
9qc,h,60z
9qd,h,11fg
9qe,h,1f8u
9qf,m,t4e
9qg,m,gsx
9qh,h,19i5
9qj,s,16bv
9qn,s,16bv
9qp,h,1ktj
9qq,s,1hsn
9qs,h,1izm
9qt,h,1cu2
9qu,h,xdt
9qv,s,14e
9qw,s,14e
9qx,h,nau
9qx,m,1anb
9qy,h,fwm
9qz,h,bc1
9r0,h,d4a
9r1,h,1gz8
9r2,h,1gz9
9r3,h,u0f
9r4,h,3f0
9r5,h,kp3
9r7,m,t96
9rb,h,n7b
9rf,h,588
9rg,h,17h9
9rg,m,jwk
9rh,h,17h9
9ri,h,9rg
9rm,h,9zg
9rm,m,9rn
9rm,m,qoh
9rn,h,148g
9ro,s,17my
9rp,h,zoi
9rq,m,4uk
9rr,s,dq1
9rs,h,1hm5
9rt,h,1cb4
9rv,h,jey
9rw,h,1952
9rx,h,vjh
9ry,h,4ev
9rz,h,1gi7
9rz,m,9ry
9s1,h,l26
9s2,h,1kib
9s4,h,1f7n
9s6,h,ki1
9s8,h,1d99
9s9,h,wiu
9sb,m,8go
9sb,m,9sd
9sc,h,4ev
9sd,h,t5i
9sd,m,9sc
9sd,m,9se
9se,h,1bwe
9sf,h,ki8
9sg,h,1a64
9sh,h,8ek
9si,h,w51
9sj,h,ayp
9sk,h,ahi
9sm,h,1k4a
9sn,h,azy
9so,h,8n9
9sp,h,1bj0
9sq,h,hgv
9sq,m,2q5
9sr,h,19qr
9ss,h,190b
9su,h,1gg6
9sv,h,1gg6
9sw,h,9sq
9sx,h,st
9sy,m,80m
9sy,m,1a6t
9sy,m,16p5
9sy,m,9ku
9sy,m,1a2j
9sy,m,1guv
9sy,m,16aj
9sz,h,10zp
9t0,h,n3b
9t1,h,1gg6
9t3,h,ljh
9t4,s,qeu
9t6,h,lr
9t7,s,dhw
9t8,h,17on
9t9,h,vo
9ta,h,12so
9tb,h,802
9td,h,91u
9tf,h,14e8
9tg,h,xds
9th,h,17tv
9ti,h,xds
9tj,h,1gg6
9tk,s,dcc
9tl,h,fre
9tn,h,cfa
9to,h,cfa
9tp,h,922
9tq,h,1c56
9tt,h,9su
9tu,h,df9
9tv,h,16ed
9tx,h,17bu
9ty,h,5x
9tz,h,1alm
9u0,h,6dz
9u1,h,tgj
9u1,m,19mj
9u2,s,11h2
9u3,h,ez7
9u4,h,1iwq
9u5,h,ih4
9u6,s,qeu
9u7,h,9su
9u8,h,1gg5
9u9,s,1j7h
9ua,s,12q9
9ub,h,1g5h
9uc,h,1g5h
9ud,s,16ss
9ue,h,16sw
9uf,s,14aj
9ug,h,fil
9uh,h,bc2
9ui,h,qnp
9uj,h,8w4
9uk,h,133p
9ul,s,1bsu
9uo,h,ih6
9up,h,b11
9uq,h,1a4b
9ur,h,fvk
9us,h,1cbj
9ut,h,2so
9ut,m,9uv
9uu,m,nrq
9uv,h,800
9uw,h,4k2
9uy,h,aat
9uz,h,1ezb
9v0,h,aat
9v1,h,13uc
9v4,h,1k56
9v4,m,sui
9v5,h,1ek9
9v6,h,16ni
9v6,h,12xs
9v7,h,17z6
9v8,m,17fq
9v9,h,3so
9vb,h,yrv
9vc,h,1dq0
9ve,m,n2s
9vf,s,1ihg
9vg,h,pz
9vh,h,xw6
9vi,h,n3b
9vi,m,9vh
9vk,h,ef6
9vl,h,ibk
9vl,h,185n
9vm,h,924
9vo,h,14vp
9vp,h,9vt
9vq,h,9vu
9vq,m,9vp
9vs,m,1jqa
9vt,m,1933
9vu,m,9vt
9vv,h,n89
9vw,h,xjh
9vx,m,14dz
9vx,m,1igz
9vy,h,xji
9vz,h,12p3
9w0,h,10dd
9w1,s,b5w
9wb,s,9we
9wc,s,9wk
9wd,h,zn1
9we,s,yjx
9we,s,9wb
9wf,h,9vh
9wg,h,cjf
9wh,h,1ba8
9wj,h,91u
9wk,s,9wc
9wk,s,uj
9wk,s,p7m
9wl,s,1606
9wo,h,yij
9wp,h,1ioa
9wq,s,19tr
9ws,h,1cdn
9wu,h,37p
9wv,h,37p
9ww,h,eeu
9wx,h,177u
9wy,h,yu
9wz,h,16lm
9x0,h,16lm
9x1,h,yt
9x2,h,y19
9x3,h,2jx
9x4,h,14c5
9x5,h,14c2
9x6,s,izr
9x7,s,143v
9x8,h,5ko
9x8,m,9x9
9x9,h,19vd
9xa,h,luh
9xb,s,pvl
9xc,h,c1t
9xd,h,a5r
9xe,h,a5t
9xf,s,1k03
9xg,h,d4n
9xh,h,eev
9xi,h,iw5
9xj,h,b22
9xl,h,jey
9xm,h,qn0
9xn,h,tv9
9xo,h,19v0
9xq,s,cl6
9xr,h,yij
9xs,h,1bks
9xt,h,5y5
9xu,h,1bks
9xv,s,yit
9xw,h,1bks
9xx,s,yit
9xy,s,rzr
9xz,s,13s8
9y0,h,1b5w
9y1,h,vyj
9y2,h,14nw
9y3,h,4sg
9y4,h,m3s
9y5,h,4sm
9y6,h,olj
9y7,h,olh
9y8,h,1a9t
9y9,h,ckb
9ya,h,t4p
9yb,h,1d6i
9yd,h,kog
9ye,h,8bn
9yg,h,69k
9yh,h,gjd
9yi,h,r7b
9yj,h,ith
9yk,h,91u
9yl,s,qys
9yn,h,xmc
9yo,h,6lp
9yp,s,ufu
9yq,h,12f5
9yr,h,13ur
9ys,h,b5t
9yy,h,9rg
9yz,h,1824
9z0,h,bfw
9z1,h,bfw
9z2,h,bfz
9z3,h,fdr
9z4,s,q7h
9z5,h,jf3
9z6,h,mt0
9z7,h,msy
9z8,h,197m
9z9,h,12nf
9za,s,og7
9zb,h,anb
9zc,h,lun
9zd,h,11c5
9ze,h,t9b
9zf,h,lun
9zg,h,1er0
9zg,m,zn5
9zh,h,hep
9zi,h,cs4
9zj,h,31s
9zk,s,y4p
9zk,s,9zn
9zm,s,1cfk
9zn,s,9zk
9zo,h,xm1
9zq,h,31w
9zq,h,p7w
9zr,h,31s
9zs,h,p7t
9zu,s,pm2
9zv,h,2yi
9zx,h,16sw
9zz,s,8ln
9zz,s,n3g
a00,s,1925
a00,s,19ce
a00,s,16su
a00,s,bev
a02,h,1fd9
a03,h,x7l
a03,h,1kki
a04,h,8lm
a05,h,16sq
a06,s,efv
a07,h,17jj
a08,h,18ni
a09,s,1dd4
a0a,s,flq
a0b,s,et0
a0c,s,hp5
a0d,h,yij
a0e,h,uz3
a0h,h,bqf
a0j,s,bf8
a0k,s,10f
a0m,m,i6q
a0o,h,65p
a0q,h,ozo
a0r,h,j0f
a0t,h,uyq
a0u,h,197m
a0v,h,18su
a0w,h,3gs
a0x,h,16rw
a0z,s,2vz
a10,h,1bch
a13,s,b0i
a14,h,6wx
a17,s,1flz
a18,s,1ia5
a18,s,18va
a18,s,1i8u
a18,s,1jn4
a18,s,l7w
a18,s,13s5
a18,s,a1x
a18,s,prg
a18,s,a26
a19,s,sor
a19,s,nfr
a1b,s,2d8
a1d,s,1i4f
a1e,s,14ko
a1f,s,14ko
a1g,s,11et
a1h,s,x5n
a1i,s,tei
a1j,s,j6f
a1k,s,h0h
a1l,s,b3m
a1m,s,1hav
a1n,s,ta
a1p,h,91u
a1q,h,16ed
a1r,h,4pe
a1s,h,en5
a1t,h,16ed
a1u,h,16ed
a1v,h,16ed
a1w,h,1jwu
a1w,m,rvt
a1x,s,a18
a1y,h,1a1m
a1z,h,srl
a20,h,1a1g
a21,h,q16
a22,h,ncb
a23,h,1g8v
a26,s,a18
a28,h,14lr
a29,h,n1c
a2a,h,175q
a2b,s,2d4
a2c,h,kx8
a2d,h,132x
a2e,s,a2g
a2f,s,ffg
a2g,s,1j9p
a2g,s,tvx
a2g,s,a2e
a2g,s,6w2
a2g,s,1i0u
a2h,s,pcr
a2h,s,u0d
a2h,s,1hf3
a2h,s,1gdb
a2h,s,d5o
a2h,s,1hsa
a2i,s,j6l
a2i,s,ab8
a2i,s,19ft
a2j,h,qsj
a2l,s,a3g
a2m,s,1i1p
a2n,s,l58
a2o,s,1ic0
a2p,s,1hp3
a2q,s,ftp
a2r,s,11et
a2s,s,y79
a2t,s,tei
a2u,s,ffg
a2v,h,uya
a2w,h,16ed
a2y,h,1iph
a2z,h,10vm
a30,h,9yj
a31,h,l5g
a32,h,175q
a33,h,198n
a34,h,10vn
a35,h,19kb
a36,h,91u
a37,h,hnh
a38,h,1egr
a39,h,hnh
a3a,h,16ed
a3b,h,cey
a3d,h,r8r
a3e,h,tnu
a3f,s,q14
a3g,s,1hf2
a3g,s,a2l
a3h,h,1g6f
a3i,h,tmu
a3j,h,q16
a3m,h,14te
a3n,h,13zj
a3o,h,jf3
a3p,h,1d79
a3q,h,1duw
a3r,h,jey
a3s,h,1a0a
a3s,m,a3n
a3t,s,fyf
a3u,h,1cj7
a3x,h,2si
a3y,h,fyh
a3z,h,1ese
a40,h,uya
a41,h,slj
a42,h,4v8
a44,h,qce
a45,s,b5j
a48,h,a5w
a48,h,1j4e
a49,h,tgt
a4b,s,47j
a4c,s,tgv
a4d,h,v4m
a4e,h,v4q
a4f,h,197m
a4g,h,1c9g
a4h,s,1fmt
a4j,h,1kca
a4k,h,13p3
a4k,m,a4l
a4m,h,a4l
a4q,h,12rb
a4r,h,hn0
a4s,h,1kkz
a4t,h,132u
a4x,s,ta
a4z,h,cid
a50,h,466
a51,h,c5f
a52,s,1i24
a53,h,emy
a54,h,1bks
a55,h,1423
a58,h,8f5
a59,h,11c5
a5a,s,1ezz
a5b,h,m1b
a5c,h,btg
a5d,h,i30
a5h,h,bc2
a5k,h,it9
a5l,h,w7g
a5m,h,s5o
a5n,h,wy9
a5o,h,ead
a5q,h,17b6
a5r,h,17b5
a5s,h,17b8
a5t,h,xdt
a5u,h,1awf
a5v,h,13yn
a5w,h,1j4e
a5x,h,3e6
a5y,h,v5g
a5z,h,yno
a60,h,jf3
a61,h,jey
a62,h,ooa
a63,h,hjy
a64,h,jey
a65,h,19kb
a66,h,2ts
a67,h,eu6
a68,h,1fy1
a6b,h,1g36
a6d,h,msy
a6e,h,ooa
a6g,h,19j3
a6j,s,z00
a6l,h,13ab
a6m,h,1bkv
a6n,h,6s6
a6p,h,91v
a6q,s,16yw
a6x,h,1bkn
a6y,h,jf3
a6z,h,rwu
a70,h,df2
a71,h,5vj
a72,h,3g4
a73,h,1a2q
a75,s,1gn9
a76,s,1a26
a78,h,19tk
a79,h,18oz
a7a,h,ile
a7b,h,19jb
a7e,h,32
a7f,m,13j1
a7h,h,8pd
a7i,h,cl3
a7k,h,ckb
a7l,s,cl6
a7m,s,cl0
a7o,h,ug6
a7p,h,17jj
a7q,h,4sb
a7r,h,1478
a7s,h,wgj
a7t,h,1foy
a7t,m,xe7
a7t,m,ljo
a7u,h,14tr
a7v,h,15io
a7w,h,gtt
a7x,h,coi
a7y,s,eyo
a80,h,vso
a80,m,ux1
a81,s,1dce
a82,h,kqt
a83,h,oj5
a84,h,z2o
a85,h,doi
a86,h,16sg
a87,h,1axi
a88,h,adk
a89,h,jw8
a8b,s,1fbe
a8c,s,hpu
a8d,s,13ns
a8e,h,hod
a8f,h,cj8
a8g,h,1dye
a8h,h,1dye
a8i,h,rm5
a8j,s,1idm
a8k,s,13s8
a8m,h,zou
a8n,h,c4o
a8q,h,c13
a8r,h,1bks
a8s,h,5q0
a8t,s,pd
a8t,s,3d3
a8t,s,2lt
a8t,s,btq
a8t,s,2mu
a8t,s,hzs
a8t,s,s7t
a8t,s,hpe
a8t,s,y72
a8t,s,1jgt
a8t,s,1p2
a8t,s,14aa
a8u,s,683
a8u,s,beu
a8u,s,2mt
a8u,s,r9f
a8u,s,dwu
a8u,s,ja9
a8u,s,9q4
a8u,s,cmw
a8w,s,886
a8x,s,e7
a8y,s,i46
a8z,s,bf8
a90,s,jyu
a91,s,16sh
a92,s,13s8
a93,s,1fmt
a94,s,1a27
a95,s,1hfl
a97,h,924
a98,h,hqf
a99,h,hqf
a9a,h,1g6w
a9b,h,145h
a9c,h,hqg
a9d,h,xdt
a9e,h,xdt
a9f,h,2m0
a9g,h,rzj
a9h,h,4h0
a9i,h,jwc
a9j,h,b3p
a9k,h,ck
a9m,h,rzj
a9n,s,gge
a9n,s,5tl
a9n,s,1cy7
a9p,s,1c9w
a9p,s,5s6
a9p,s,b64
a9q,s,1hw4
a9r,s,1a75
a9s,s,16ss
a9t,s,1i53
a9u,s,hp5
a9v,h,8yj
a9w,h,9sy
a9x,s,1ctg
aa0,h,50q
aa2,h,11k5
aa3,h,16bq
aa4,h,17jj
aa4,m,19us
aa5,h,bf5
aa6,h,11t0
aa7,s,b9z
aa8,h,2lv
aaa,h,zn3
aac,h,1f27
aad,h,hqf
aae,h,aaa
aaf,h,466
aag,h,924
aah,h,91u
aai,h,ckc
aaj,s,1h24
aaj,s,1do3
aaj,s,cdy
aaj,s,1hug
aaj,s,aek
aaj,s,6qr
aaj,s,2yr
aaj,s,2hy
aaj,s,nck
aaj,s,cm4
aaj,s,mnz
aaj,s,80w
aaj,s,101y
aaj,s,1hk5
aaj,s,ghw
aak,h,l30
aal,h,c5f
aam,h,jf3
aan,h,w28
aao,h,cl3
aao,m,1jkl
aap,h,1a1g
aar,s,aba
aau,h,1i4y
aav,h,mdc
aaw,h,1dzu
aax,h,5du
aay,h,xz
aaz,h,91u
ab0,h,gr5
ab1,h,15dh
ab2,s,1grb
ab3,s,bgy
ab6,h,zgd
ab7,h,1ipw
ab8,s,a2i
ab9,s,aba
aba,s,713
aba,s,o3c
aba,s,kmg
aba,s,ab9
aba,s,aar
aba,s,w9r
aba,s,gr1
abb,s,qfj
abc,s,zgh
abd,h,1enc
abe,h,1d63
abf,h,xrq
abh,m,abg
abi,h,ls4
abj,h,1bwe
abk,s,fxp
abl,h,oav
abm,h,r36
abp,h,kpa
abq,h,au8
abr,h,s0b
abs,h,18d4
abt,s,1e31
abv,h,39d
abw,h,1cqp
aby,h,1hx5
abz,h,vvs
ac0,h,olj
ac1,h,luh
ac2,s,1b9c
ac3,h,1e8c
ac4,s,1b9c
ac5,h,e9m
ac6,h,75x
ac6,m,ac7
ac7,h,17jj
ac8,h,d4q
ac9,h,1iku
aca,h,iiw
acb,h,1kbt
acc,s,1hv9
acd,h,1bp6
ace,h,1jgz
acg,s,3jq
ach,m,ode
ach,m,6v8
aci,h,vvs
acj,s,mxx
acl,h,6yv
acm,h,115w
acn,h,cid
acn,m,acm
aco,h,42b
acp,h,fnq
acq,h,yil
acr,h,jw8
acs,s,1ibd
acx,m,1k34
acy,h,11un
acy,m,12v5
acy,m,18x2
acy,m,vvb
acy,m,rvd
acy,m,ai3
acy,m,29j
acy,m,pew
acz,s,r0w
ad0,h,1g8q
ad1,h,1ers
ad2,h,8bn
ad2,m,6gn
ad3,h,1erq
ad4,h,gk5
ad5,h,zwk
ad6,h,coi
ad7,h,hn4
ad8,h,gku
ad9,h,38x
ada,h,12o
adb,h,i0h
adc,s,1fbe
add,s,1be1
ade,s,g0
adg,h,1duw
adi,h,5l4
adj,h,wis
adk,h,1huk
adl,h,1hwd
adm,s,1hx9
adn,h,1hw7
ado,h,l30
adp,h,xuy
adq,s,udi
adq,s,ms0
adq,s,12lv
adq,s,jcu
adr,s,1i5d
ads,s,ql4
adu,h,91u
adv,h,91u
adw,s,ql4
adx,h,17nd
ady,h,17nd
adz,h,qil
ae0,h,1awe
ae1,h,1j36
ae2,h,mc7
ae4,s,aec
ae4,s,qvo
ae4,s,vcu
ae4,s,190g
ae5,h,16o5
ae6,h,xea
ae7,h,1478
ae8,h,wf3
ae9,h,swy
aea,h,zxy
aec,s,ae4
aed,m,aeq
aee,h,nej
aef,h,ckb
aeg,h,ghe
aeh,h,ckc
aei,h,oat
aei,m,cuq
aej,s,zaj
aej,s,mbn
aej,s,3ym
aek,s,aaj
aem,h,cl3
aeo,h,j2h
aep,h,152d
aeq,h,k82
aer,h,1kqf
aes,s,b8o
aet,h,7ka
aeu,s,11lb
aew,h,1e1d
aex,h,w63
aey,h,74c
af0,h,1127
af1,h,16gm
af2,h,uz6
af3,h,oh5
af4,h,ymm
af5,h,1f4w
af7,h,nx5
afa,h,j2h
afb,h,jrg
afd,s,fcz
afg,h,akw
afi,m,afl
afj,h,lhm
afk,h,qli
afm,m,ok1
afm,m,sti
afn,s,17np
afr,h,65p
afs,h,g3t
aft,h,gvd
afw,h,1guw
afw,m,wvl
afz,h,11a1
ag0,h,9f1
ag1,h,5hl
ag2,h,7yz
ag3,h,14nw
ag4,h,jmk
ag5,h,e3i
ag7,s,kpe
ag8,h,10ru
ag9,h,10ru
agc,h,1bp6
agd,h,ag0
age,h,vkx
agg,h,19vd
agh,h,5ko
agl,h,ub0
agm,h,huc
agn,h,b1i
agn,m,7yu
agn,m,hal
ago,h,1269
agp,h,18zx
agr,h,oav
ags,h,805
agt,h,1gi7
agu,h,19cz
agv,s,beq
agx,h,2jd
agy,h,ghb
agz,s,37q
ah0,h,588
ah1,h,kp9
ah2,h,1gi7
ah3,h,kp4
ah5,h,10gn
ah5,m,ah4
ah7,h,16we
ah8,h,hzl
ah9,h,1913
aha,m,ah5
ahb,h,8gl
ahg,h,c1g
ahk,h,1eer
ahl,h,hpa
ahm,h,e6v
ahn,h,zj9
ahn,h,2dj
ahn,h,1vy
aho,h,u15
ahp,h,v9d
ahq,h,zbd
ahr,h,2j7
ahs,h,1ebq
aht,s,1kqp
ahu,h,1ebr
ahv,h,ahf
ahw,h,19f2
ahx,h,k82
ahz,h,h5x
ai0,h,bp5
ai1,h,ai0
ai3,h,re0
ai5,h,wxj
ai6,s,i46
ai7,h,b22
ai8,h,htg
ai9,s,139i
aia,s,1e8x
aib,h,11c5
aic,h,aid
aid,h,ipw
aie,h,4yc
aif,s,1e8x
aig,s,awf
aih,h,b5l
aii,m,aik
aij,h,588
aik,h,1gi7
aik,m,ail
ail,h,195b
aim,h,7n5
ain,h,1367
ain,m,nko
aio,h,10ic
aip,h,9dl
aiq,h,6gh
air,h,14nw
ais,h,l03
ait,h,1dh2
aiu,h,1fyb
aiv,h,17ha
aiw,h,rzj
aix,h,16b3
aiy,h,csk
aiz,s,11lb
aj0,s,1fyi
aj1,s,1fd7
aj2,h,9e7
aj3,h,plc
aj4,h,bsk
aj5,h,6li
aj6,h,1kki
aj7,s,169f
ajb,h,sng
ajc,h,11di
ajd,h,12zl
aje,h,qpa
ajg,h,91u
ajh,h,4pe
aji,h,bkl
ajj,h,b5t
ajk,s,18yn
ajm,s,15ek
ajn,s,oy
ajp,h,n46
ajq,h,krd
ajr,s,oy
ajs,s,1hx9
ajt,h,1j74
ajv,h,1851
ajv,m,1aea
ajw,h,b12
ajx,h,19jb
ajy,h,1apk
ajz,h,ckb
ak0,h,neu
ak1,h,1d96
ak3,h,1gbn
ak4,h,bv2
ak5,h,1guu
ak6,h,15i1
ak7,h,1kbt
ak8,s,1koe
ak8,s,ak9
ak8,s,rfg
ak8,s,rff
ak8,s,c0o
ak9,s,ak8
aka,h,akc
aka,m,16zj
aka,m,nxt
aka,m,1efa
aka,m,z3a
akc,h,dca
akd,h,aid
ake,h,vl2
akf,h,bo
akg,h,132v
akh,s,1e8x
aki,s,biu
akk,h,kuk
akl,h,lym
akn,h,r00
ako,h,jra
akr,h,le6
aks,h,afh
akt,h,924
aku,h,10va
akv,m,so6
akx,h,1d0u
aky,h,18e7
akz,h,1vy
al2,s,162q
al2,s,19zk
al2,s,1hti
al2,s,5q1
al2,s,cwx
al2,s,lcd
al2,s,o2a
al2,s,9gp
al2,s,2ry
al2,s,162n
al3,s,hm0
al3,s,l9u
al4,m,172z
al5,h,1exc
al6,s,1cdf
al7,s,c1w
al8,s,11et
al9,s,1i24
ala,s,r20
alb,s,1hzy
alc,s,qqd
ald,s,1hpa
ale,s,1hgj
alf,s,jc3
alg,s,duo
alh,s,6vv
alk,h,1exb
alk,h,1irm
all,m,dav
all,m,8v9
all,m,84o
all,m,afm
all,m,1cgo
all,m,1ezc
all,m,gwx
all,m,4w8
all,m,9pf
aln,h,183j
alp,h,oav
alq,h,10cg
alr,s,1htf
alt,h,qmc
alu,h,1kkz
alv,h,alu
alw,h,c2o
alx,h,c2o
aly,s,c2q
alz,h,1g8w
am0,h,393
am1,h,11xo
am2,h,anb
am5,h,ppv
am6,h,nne
am7,h,91v
am8,h,kn0
ama,h,1jsy
amb,s,1evz
amb,s,kn3
amc,h,48j
amc,m,j42
amd,h,48g
ame,h,y1t
amf,h,owp
amg,h,6ue
amh,h,48j
amh,m,nie
ami,h,16sl
amj,h,197m
amk,h,197m
aml,h,i5a
amm,h,s8g
amn,h,s8h
amo,h,115c
amq,h,b1a
amr,h,znc
amu,s,1dvc
amv,s,191l
amw,s,10mq
amx,h,and
amy,h,b1e
amz,h,393
an0,h,393
an1,h,13bk
an3,s,gq0
an4,h,1eg7
an5,h,17hd
an6,h,m40
an8,s,b52
an9,h,dbj
ana,s,gq0
anb,h,n3b
anc,h,14e3
and,h,n3k
ane,s,12w
ane,s,13j
ane,s,smk
ane,s,anm
anf,h,hxr
ang,s,1b9v
anh,h,12s2
ani,h,1b9u
anj,s,1b9v
ank,h,bpo
anl,h,zp6
anm,s,ane
ann,h,dbj
ano,h,11k5
anp,h,1klm
anq,h,cqk
anr,h,hdj
ans,h,m80
ant,h,60z
anu,m,ant
anv,h,75z
anx,h,1daj
anz,m,ao0
ao0,h,qum
ao1,h,9po
ao2,h,48n
ao4,h,oli
ao5,h,a6
ao6,h,19vt
ao7,h,1km1
ao7,m,wil
ao8,h,1f7
ao9,h,qc
aoa,h,1evt
aoc,s,txc
aoe,h,oh5
aof,h,brs
aog,h,bn
aoh,h,fqa
aoi,h,z4p
aoj,h,n3e
aol,h,1bfj
aom,h,wsg
aoo,s,qnj
aop,h,kx9
aor,h,be6
aos,h,nk
aot,h,be7
aou,h,byw
aow,h,168
aox,s,cl6
aoz,m,1enn
ap1,h,11fn
ap2,m,ln0
ap2,m,61x
ap2,m,1bdd
ap2,m,8db
ap2,m,utq
ap2,m,7p6
ap2,m,1z7
ap2,m,vta
ap2,m,ap4
ap5,m,8sy
ap8,m,8sy
apb,h,14ir
apd,h,15hv
apg,h,16o5
aph,s,b41
api,h,iu9
apj,h,4z7
apl,h,hsl
apm,h,bpo
apn,h,24z
apo,h,19kc
app,s,qpc
apq,h,l03
apr,h,1d96
aps,s,as7
apt,h,hs1
apu,h,60z
apu,m,apg
apv,m,8hc
apx,h,128f
aq0,h,hje
aq3,h,r3y
aq4,h,1fo8
aq5,h,151m
aq6,h,sh7
aq7,h,2im
aq8,h,91u
aq9,h,qna
aqa,h,e3g
aqb,h,2gw
aqc,h,1qp
aqd,m,14f7
aqd,m,2vf
aqd,m,aqf
aqd,m,19w2
aqd,m,ejk
aqd,m,6d9
aqd,m,16kw
aqg,h,aq2
aqh,h,9kk
aqi,h,1bio
aqj,h,1aha
aql,s,qer
aql,s,17dc
aql,s,59v
aql,s,4os
aql,s,cwg
aql,s,m7d
aql,s,12ts
aql,s,xb2
aql,s,5le
aql,s,x0n
aql,s,u4a
aql,s,1glc
aqm,s,5l3
aqn,h,5l7
aqo,s,pwx
aqp,s,13rx
aqp,s,1a5d
aqp,s,927
aqp,s,3a
aqp,s,1j0w
aqp,s,kjg
aqp,s,6tu
aqp,s,e5g
aqp,s,14bx
aqq,s,11xu
aqq,s,yiu
aqq,s,6mc
aqq,s,k98
aqu,h,kp9
aqw,h,vlw
aqx,h,10d9
aqy,s,y9d
aqy,s,10ev
aqz,s,idt
aqz,s,1k4q
aqz,s,gr7
aqz,s,1js3
aqz,s,gce
aqz,s,5pw
aqz,s,347
aqz,s,10yc
aqz,s,10ew
aqz,s,umh
ar0,h,k6b
ar1,h,hje
ar2,s,t0j
ar4,h,11ua
ar5,h,pyk
ar6,m,1cwb
ar7,h,wfa
ar8,h,v0f
ar8,h,klj
ar9,h,171f
ara,h,1jvi
arb,s,12g5
arc,h,oav
ard,m,151w
are,h,1b3j
arh,h,15oq
ari,h,1iry
arp,h,ki1
arq,h,oav
arv,h,arz
arw,h,jvg
arx,h,1guu
ary,h,2yn
arz,h,19qr
as0,h,30u
as1,h,1d96
as2,h,1ifv
as2,m,1167
as2,m,81m
as2,m,hxd
as2,m,19od
as3,h,1f62
as6,s,as7
as7,s,as8
as7,s,aps
as7,s,120s
as7,s,as6
as8,s,as7
as9,h,s1x
asa,h,1hgo
asb,h,1gw3
asc,h,aas
asd,h,1a3a
asf,s,nf8
ash,s,1hgj
asi,h,asn
asj,h,ews
asj,m,1fyb
ask,h,cur
asl,h,1fy1
asl,m,1fyb
asm,h,12do
asn,h,nen
aso,h,1d0d
asp,h,18z1
asq,h,n1c
asr,h,4ny
ast,h,11k5
asu,s,wep
asv,h,13w
asx,h,1klm
asy,h,1jrc
asz,h,uqz
at0,s,at8
at1,h,anb
at2,h,19f2
at3,h,19f2
at4,h,1hwv
at5,h,1hj
at6,h,vmm
at8,s,ata
at8,s,at0
at9,s,r11
ata,s,at8
atb,h,nsw
atc,h,bwq
atd,h,r2s
ate,s,bi0
ate,s,b5s
ate,s,z3x
ate,s,zey
atf,h,1hwb
ath,s,atk
ati,h,213
atj,h,14te
atk,s,k7o
atk,s,7cq
atk,s,q55
atk,s,ath
atl,h,le6
atm,h,1089
atn,h,1gx5
ato,h,1gg6
atp,h,nna
atq,h,91v
atr,h,zqk
ats,h,ipw
att,h,17tt
atu,h,4pg
atv,h,1gg6
atw,h,16t3
atx,h,4u5
aty,h,2z3
atz,h,isr
au0,h,15bf
au1,h,15kl
au2,h,zqk
au3,h,2ig
au4,h,1ids
au5,h,fs
au6,h,924
au7,h,15kn
au8,h,11fm
au9,h,kl
aua,h,au9
aub,h,au8
auc,h,p8w
aud,h,gea
aue,h,4tn
auf,h,17ca
aug,h,kp3
auh,m,asc
auh,m,yut
auj,h,1e34
auk,h,bc2
aul,h,12hg
aum,h,mtp
aun,h,177
aup,h,16bl
auq,s,orc
auq,s,h0p
auq,s,1bhw
auq,s,cmu
aur,s,auy
aus,s,1k7o
aut,s,1dmi
auu,s,174w
auv,h,50q
auy,s,aur
auz,h,ews
av0,s,18dj
av1,s,15lv
av3,s,1hff
av4,h,1dv1
av5,h,oav
av6,h,oaw
av8,h,zhv
av9,h,8dx
av9,m,l2m
avb,h,nr2
avc,h,14ir
avf,h,wf4
avg,h,3nm
avh,h,nkm
avi,h,1ckm
avj,h,1anr
avk,h,g4d
avl,h,zn9
avm,h,eew
avn,h,r47
avp,h,197n
avq,h,t8s
avs,h,avv
avt,h,132u
avu,s,ogo
avv,h,wev
avw,h,ave
avx,h,19ik
avy,h,wf4
avz,h,z21
aw1,h,16dh
aw2,h,8w4
aw4,h,yzp
aw5,h,iog
aw5,m,3wr
aw6,h,13ax
aw7,h,1327
aw8,h,hzb
aw9,h,13ax
awa,h,w1f
awc,h,zou
awd,h,xok
awe,s,awf
awf,s,144d
awf,s,awe
awf,s,aig
awg,h,144b
awh,h,1cjh
awi,h,yrx
awj,h,ith
awk,h,15vc
awl,h,15vc
awm,h,1kqf
awn,h,1g9r
awn,m,1geh
awo,h,byw
awp,s,w1x
awp,s,1etg
awp,s,awx
awp,s,w1y
awr,h,lr
aws,s,ql4
awt,h,awn
awu,h,iu8
awv,h,iu7
aww,h,91u
awx,s,awp
awz,h,5qm
ax1,h,jlq
ax2,h,1e81
ax3,h,z8s
ax4,h,kp3
ax5,h,1a1g
ax6,h,1b37
ax7,h,jkp
ax8,h,3nr
ax9,h,zib
axa,h,ave
axb,h,8wr
axc,h,i5a
axd,h,zna
axe,h,3ns
axf,h,g6d
axh,h,qt
axi,h,vyj
axj,h,y6h
axk,h,1gav
axl,h,145h
axm,h,c2o
axn,h,htw
axo,h,w52
axp,h,bf9
axq,s,12hw
axr,h,19gt
axs,m,axi
axt,h,yl4
axx,s,17jp
axy,h,31c
ay0,s,14ds
ay0,s,az1
ay1,s,efx
ay1,s,lxq
ay1,s,1cfq
ay1,s,3r2
ay1,s,l7h
ay1,s,mtd
ay1,s,eha
ay2,s,19r9
ay3,s,ja6
ay4,s,qnj
ay5,s,uho
ay6,s,znu
ay7,h,9mv
ay8,h,av5
ay8,m,av6
ay9,h,mk9
aya,h,ox3
ayc,h,rtr
ayd,h,t66
aye,h,urh
aye,m,urg
ayf,h,xgz
ayg,h,151j
ayh,h,1824
ayh,m,1823
ayi,h,1821
ayj,h,19xs
ayl,h,107u
aym,h,1kmw
ayn,h,lxx
ayo,h,9zd
ayp,h,11k5
ayq,h,yo8
ayr,h,znt
ays,s,znu
ayt,s,1hpw
ayu,h,10y9
ayv,s,15lc
ayw,h,1cj6
ayy,m,saf
ayy,m,wxb
ayy,m,1il6
ayy,m,m29
ayy,m,1gzg
ayy,m,1eg0
ayy,m,2w2
ayy,m,3v0
ayy,m,1h6z
ayy,m,17wk
ayy,m,4yk
ayy,m,sqn
ayz,h,fvk
az1,s,ay0
az3,h,axm
az6,h,lun
az7,h,azc
az8,h,ck5
az9,s,azo
aza,h,9ny
azb,h,c00
azc,h,r2s
aze,h,r2s
azf,h,ck5
azg,h,ii
azh,h,80
azi,h,bkk
azj,s,azo
azk,h,fg0
azo,s,zzi
azo,s,5ku
azo,s,m3v
azo,s,1iwc
azo,s,yng
azo,s,azj
azo,s,zhg
azo,s,az9
azo,s,xum
azo,s,irj
azo,s,1zw
azo,s,98o
azo,s,m3u
azo,s,oar
azo,s,ynf
azo,s,iwj
azp,h,11k5
azq,h,17bz
azr,h,r3o
azs,h,eib
azt,h,1b9t
azu,h,12s2
azw,h,12s6
azx,h,1b9u
azy,h,lun
azz,h,107p
b01,h,167
b02,h,n3b
b03,h,91n
b04,h,bpo
b05,s,bzu
b05,s,1m2
b06,s,ily
b07,h,1gg5
b08,h,1jlu
b09,h,a49
b0a,s,qcn
b0b,h,1e5i
b0c,h,s20
b0d,h,91v
b0e,h,1gg8
b0f,h,91u
b0h,h,10w6
b0i,s,1fmy
b0i,s,10am
b0i,s,pub
b0i,s,a13
b0i,s,19hh
b0i,s,bo0
b0j,h,8f4
b0k,h,84i
b0l,s,1a28
b0m,h,4pe
b0n,h,15sr
b0o,h,b8k
b0r,h,1bek
b0s,h,l97
b0t,h,1ggj
b0u,h,3hd
b0v,s,1b9c
b0w,s,l9c
b0x,h,1cd5
b0y,h,qyf
b0z,m,12ee
b10,h,l9i
b11,h,zoy
b11,m,8gy
b13,h,1hwv
b14,h,bof
b16,s,187n
b19,h,v9
b19,h,pj
b1a,h,1wq
b1b,h,4pe
b1c,h,1day
b1d,h,qmo
b1e,h,ika
b1f,h,169i
b1g,h,ttl
b1h,h,1bo1
b1i,h,17jj
b1j,s,b1m
b1k,h,fs1
b1l,h,19dv
b1m,s,b1j
b1o,h,80d
b1q,h,fs
b1r,h,fc5
b1s,h,1e81
b1t,h,w2e
b1u,s,1ez2
b1u,s,89a
b1v,h,1e81
b1w,h,949
b1x,s,nqn
b1x,s,bix
b1x,s,bhp
b1z,s,wnj
b21,h,xw6
b22,h,qgt
b23,h,y19
b24,s,139i
b25,s,11lb
b26,s,b9r
b27,h,1dpk
b28,s,10cd
b29,h,44l
b2a,h,1130
b2b,h,1130
b2c,s,10cd
b2d,h,15rj
b2e,h,e7c
b2g,h,2q
b2h,s,1klz
b2h,s,h77
b2h,s,3d
b2j,s,om
b2n,s,15d
b2n,s,hnx
b2n,s,vlb
b2o,s,81u
b2p,s,13s
b2r,h,13w
b2s,h,anc
b2t,h,and
b2u,h,uyd
b2v,h,1kqf
b2w,h,13ye
b2w,m,10s3
b2x,h,18df
b2y,s,bt7
b31,h,957
b32,s,147u
b32,s,l8k
b33,h,d4o
b34,h,yzx
b35,h,12gw
b36,h,163
b37,s,c0
b38,h,bk7
b39,h,bqf
b3a,h,cfa
b3b,h,1klf
b3c,h,pt
b3d,h,i0h
b3e,h,cgu
b3f,h,44l
b3g,s,na
b3j,h,fuy
b3k,h,ejz
b3m,s,6d
b3m,s,o1p
b3m,s,ip7
b3m,s,b3v
b3m,s,1g7
b3m,s,1bkq
b3m,s,dv3
b3m,s,1io
b3m,s,mke
b3m,s,a1l
b3m,s,lf6
b3m,s,ci
b3n,s,11et
b3o,s,k08
b3p,h,hqf
b3q,h,jw8
b3r,h,12f0
b3u,s,brg
b3v,s,b3m
b3x,h,r13
b3z,h,v5e
b40,h,1f27
b41,s,rar
b41,s,7j8
b41,s,b4i
b41,s,1wp
b41,s,srr
b41,s,aph
b41,s,r4r
b41,s,xhj
b41,s,b5n
b41,s,1fbq
b41,s,mlr
b41,s,b58
b41,s,xi0
b42,h,1k67
b43,h,b5l
b44,h,jlr
b45,h,yvk
b46,h,91v
b47,h,aq2
b48,h,at1
b49,h,12p3
b4a,h,2im
b4b,h,xym
b4c,h,1fqj
b4d,h,14te
b4f,s,1qa
b4g,h,91u
b4h,h,91u
b4i,s,b41
b4j,h,b4d
b4k,h,oj6
b4l,h,1akt
b4m,h,fj8
b4n,h,ewd
b4o,h,n7u
b4p,h,13av
b4q,h,13ax
b4r,h,mxr
b4s,s,t4q
b4s,s,hpc
b4t,s,1i2d
b4v,h,yzk
b4w,h,10si
b4x,h,10sf
b4y,h,bpn
b4z,h,uya
b50,h,uyd
b51,h,7rz
b52,s,c1z
b52,s,pww
b52,s,7ry
b52,s,an8
b52,s,1hrk
b53,h,xmd
b55,m,1ej9
b55,m,1adt
b55,m,19b6
b55,m,29b
b55,m,vmy
b55,m,5ag
b55,m,if0
b55,m,2rz
b55,m,8dk
b55,m,1kmw
b55,m,14ps
b55,m,zbs
b55,m,1827
b55,m,10sr
b55,m,1krm
b55,m,diw
b55,m,o6e
b55,m,tm7
b55,m,b57
b55,m,t7l
b55,m,89f
b55,m,h1z
b55,m,17r5
b55,m,8su
b55,m,iie
b55,m,1en4
b55,m,9v2
b55,m,9pc
b55,m,cuc
b55,m,m2m
b55,m,o6c
b55,m,usy
b55,m,87p
b55,m,1fe7
b55,m,i6y
b55,m,3wx
b55,m,jm5
b55,m,505
b55,m,hl6
b55,m,og5
b55,m,1beg
b55,m,st2
b55,m,1bh1
b57,h,ki1
b58,s,b41
b59,h,1291
b5a,h,wsg
b5b,h,iaq
b5c,h,cs4
b5d,s,r11
b5e,h,13rh
b5f,h,b5a
b5g,h,bzf
b5h,h,fpx
b5i,h,es6
b5j,s,1gm2
b5j,s,1gmv
b5j,s,153l
b5j,s,123h
b5j,s,123f
b5j,s,u6o
b5j,s,1go6
b5j,s,10gr
b5j,s,5h0
b5j,s,a45
b5j,s,bje
b5j,s,1f2g
b5j,s,5dz
b5j,s,5h4
b5j,s,10sp
b5j,s,q5y
b5k,h,1k67
b5l,h,9c5
b5m,h,hp6
b5n,s,b41
b5o,h,mn
b5p,h,d1
b5q,h,37a
b5r,h,wsc
b5s,s,ate
b5t,h,14te
b5u,s,ba
b5u,s,2li
b5u,s,jgb
b5v,h,1hls
b5w,s,9w1
b5w,s,i8
b5w,s,12i2
b5w,s,1h8k
b5w,s,chw
b5w,s,1cjt
b5w,s,zdh
b5w,s,ci1
b5w,s,1brd
b5w,s,1drp
b5w,s,t0o
b5w,s,hpz
b5w,s,cdd
b5x,s,q6w
b5y,h,ikb
b60,h,b3x
b61,h,gi2
b62,h,1jvj
b63,h,1fn0
b64,s,a9p
b65,s,b68
b66,s,1fc8
b67,h,1bc5
b68,s,b65
b69,s,1bbf
b6a,h,1a5s
b6b,h,hpb
b6c,h,13ll
b6d,h,48r
b6e,m,dio
b6f,h,c2o
b6g,h,c2
b6h,h,15z
b6i,h,19kb
b6j,h,14wm
b6k,h,y3y
b6l,s,1kwh
b6m,s,1jef
b6q,h,8o9
b6r,h,11k5
b6s,s,y8z
b6t,s,1pb
b6v,h,1g8v
b6x,s,z0l
b6y,h,1bji
b6z,s,7o7
b72,h,1bca
b73,h,uqz
b73,m,11h3
b73,m,8mh
b73,m,x04
b73,m,sds
b73,m,8u5
b73,m,9i6
b73,m,7ee
b73,m,fmg
b73,m,vzb
b73,m,nph
b74,h,1d97
b75,h,sds
b76,h,hu7
b77,h,1duw
b78,h,1cyh
b7a,h,azx
b7b,s,l9c
b7e,h,2ts
b7h,h,8yr
b7i,h,mn
b7j,h,bkl
b7k,h,bkk
b7l,h,rzq
b7m,s,15ot
b7m,s,1h8d
b7m,s,f1
b7m,s,59w
b7m,s,fko
b7n,h,1be5
b7p,h,19qq
b7r,s,1b4z
b7r,s,lja
b7r,s,ofq
b7r,s,dq6
b7r,s,1921
b7r,s,7ey
b7r,s,18y8
b7r,s,q6y
b7r,s,ofr
b7s,s,ret
b7u,h,kh
b7v,h,re
b7w,h,15v
b7x,h,m8h
b7y,h,1dy7
b7z,h,1gqe
b81,h,ewt
b82,h,1g8v
b83,s,148m
b84,s,1fd7
b85,h,1340
b87,h,924
b88,h,1f7
b89,h,kp9
b8a,h,148d
b8b,h,924
b8c,h,1fcv
b8d,h,byp
b8e,s,792
b8e,s,1ahi
b8e,s,1fbg
b8e,s,1fbz
b8f,s,1hn8
b8g,s,r20
b8h,h,143k
b8i,h,1bof
b8j,h,1d4c
b8k,h,q9m
b8l,h,3hm
b8m,h,37g
b8n,h,7u6
b8o,s,aes
b8p,h,9t8
b8r,h,plc
b8s,h,19mv
b8t,s,7p
b8u,s,jpd
b8v,s,7p
b8y,h,b8r
b90,h,r3x
b91,h,2e5
b92,h,1e81
b95,s,10g
b95,s,1bdx
b95,s,nv0
b95,s,10h
b96,s,rfp
b97,h,11fi
b98,h,12ag
b99,h,19kb
b9a,s,rzr
b9b,h,4d7
b9d,h,am8
b9e,h,9zo
b9f,h,bv4
b9g,h,37j
b9h,h,16a
b9j,h,ltt
b9k,h,1d99
b9l,h,and
b9l,h,uzk
b9m,h,88n
b9n,h,113v
b9o,h,vtn
b9p,h,vtp
b9q,s,1bbo
b9q,s,1440
b9q,s,109o
b9q,s,2iu
b9r,s,hh0
b9r,s,2ft
b9r,s,b26
b9r,s,6td
b9r,s,cx0
b9r,s,d58
b9r,s,1ev3
b9r,s,127f
b9t,h,1f3j
b9u,h,vvx
b9v,h,hqf
b9w,h,15v
b9x,h,hqe
b9y,h,15z
b9z,s,aa7
ba0,h,3a1
ba1,h,144m
ba2,h,19ks
ba3,h,192t
ba4,s,e8l
ba6,h,wsc
ba7,h,c1f
ba8,h,kp9
ba9,h,ws8
baa,h,rda
bad,h,2yc
bae,h,2yb
baf,h,qd3
bag,s,cp
bah,h,nhp
bai,h,w2z
baj,s,z04
baj,s,15jf
bak,h,112b
bal,s,1be1
bam,h,ckb
ban,h,1bei
bap,h,vm9
baq,h,xxy
bar,h,121v
bas,h,91v
bat,h,aje
bau,h,wr5
bav,h,nna
baw,h,16a
bax,h,c2o
bay,h,167
baz,h,1ag0
bb1,h,19oq
bb2,h,qra
bb3,h,qre
bb4,h,5vk
bb5,h,eip
bb6,h,e21
bb7,h,b22
bb8,h,3i1
bb9,h,pz8
bba,s,1kqr
bbb,h,fec
bbc,h,bc2
bbd,s,qaf
bbe,h,l7y
bbf,h,13ub
bbg,h,xxy
bbi,h,1dpk
bbj,h,u04
bbk,h,16ed
bbm,h,r28
bbn,h,2uq
bbo,h,91u
bbp,h,2hv
bbq,h,ak5
bbr,h,tgz
bbs,h,b6c
bbt,h,im
bbu,h,im
bbv,h,im
bbx,h,2z7
bby,h,fo4
bbz,h,xq
bc0,s,w3c
bc1,h,kaq
bc2,h,1cj7
bc3,h,13hy
bc4,h,1cj7
bc5,h,mkr
bc6,h,ppv
bc7,h,1cjh
bc8,h,13u5
bc9,h,1erq
bca,h,57w
bcb,h,19q8
bcc,s,149t
bcc,s,el0
bcc,s,bu4
bcc,s,13ti
bcc,s,cgh
bcd,s,14t4
bce,h,1cj7
bch,s,k4h
bci,h,hls
bck,h,ad0
bcl,h,1bby
bcm,h,tak
bcn,h,btn
bco,h,btn
bcp,h,ax1
bcq,h,go
bcr,h,bv2
bcs,h,gv7
bct,h,p4u
bct,m,bcs
bcu,h,kuy
bcx,s,8nz
bcy,h,v3u
bcz,h,11ff
bd0,h,11fh
bd2,h,ql
bd3,h,v3x
bd5,s,199m
bd6,h,xmd
bd7,h,vlw
bd8,h,anp
bd9,h,ews
bda,h,bd8
bdb,h,10vy
bdd,h,13uc
bde,h,31c
bdf,m,12oj
bdi,h,587
bdj,h,ki1
bdk,h,1k9m
bdl,h,ki1
bdm,h,n3i
bdn,h,vz8
bdo,h,13vq
bdp,h,37a
bdr,h,uz6
bds,h,1e34
bdt,h,1a1g
bdu,h,z4a
bdv,m,m27
bdv,m,1ezl
bdv,m,1f60
bdv,m,1j5t
bdv,m,wqb
bdv,m,2ve
bdv,m,yp2
bdv,m,ug3
bdv,m,wq7
bdv,m,kgw
bdv,m,1ah
bdv,m,1bme
bdw,h,1bn3
bdw,h,1dvb
bdx,h,bl
bdy,s,1bmz
bdz,h,1hx5
be0,h,1hw9
be2,h,nt1
be3,h,3sp
be4,h,15pa
be5,h,azp
be6,h,vvx
be6,m,be5
be7,h,fj5
be8,h,re
be9,h,re
bea,h,rd
beb,h,g0u
bec,h,118v
bed,h,e1x
bee,h,16c0
bef,h,68v
beg,h,13oy
beh,h,azp
bei,h,10kf
bej,h,l97
bek,h,bej
bel,h,1ids
bem,h,193y
ben,h,oxo
beo,h,l9i
bep,h,191z
beq,s,3af
beq,s,agv
beq,s,15lu
ber,s,80e
bes,s,13s8
bet,s,13s8
beu,s,a8u
bev,s,a00
bew,h,13s7
bex,h,fik
bf0,s,1gtu
bf1,h,eql
bf3,h,37a
bf4,s,zp9
bf5,h,16se
bf8,s,11b7
bf8,s,a8z
bf8,s,1b79
bf8,s,a0j
bf8,s,or2
bf9,h,16sl
bfa,h,1dfd
bfb,h,18px
bfc,s,16sx
bfe,h,yu
bff,h,1d48
bfg,h,2mm
bfh,h,ck4
bfi,s,hmo
bfj,h,1429
bfk,h,qno
bfm,h,17zv
bfn,s,z8u
bfo,s,1he6
bfp,s,ufa
bfq,h,197s
bfr,h,deu
bfs,h,1e34
bft,h,k0w
bfv,h,1pe
bfw,h,1cj7
bfx,h,q7g
bfy,h,zk2
bfz,h,bwj
bg0,h,1gbt
bg1,s,zjv
bg3,h,5ql
bg4,s,byu
bg6,s,yzh
bg8,h,44i
bg9,s,zs4
bgb,h,bmj
bgc,h,166
bgd,h,c2o
bge,h,zs7
bgg,h,vvv
bgh,h,19jt
bgj,h,lbe
bgk,h,8zm
bgl,h,fha
bgm,h,fdy
bgn,h,16p0
bgo,h,b1e
bgr,h,4z7
bgu,h,wqs
bgv,h,4pe
bgw,h,hio
bgx,h,91u
bgy,s,nh
bgy,s,4wg
bgy,s,du5
bgy,s,14ic
bgy,s,1g9k
bgy,s,duc
bgy,s,ab3
bgy,s,nf
bgz,s,q71
bh2,s,fo0
bh3,s,1hes
bh4,h,fnn
bh6,h,his
bh7,h,at7
bh8,h,wqq
bh9,h,1637
bha,h,fq1
bhd,h,doi
bhe,h,wx9
bhf,h,tnu
bhg,h,fn8
bhh,s,1be1
bhi,h,n4m
bhj,h,ek3
bhk,h,6fb
bhl,h,9c5
bhm,h,1k68
bho,s,1b9e
bhp,s,b1x
bhq,h,l9b
bhs,h,b1w
bhu,h,h6o
bhv,s,lf4
bhw,h,1e8c
bhx,h,d1n
bhz,h,c9c
bi0,s,ate
bi1,h,1bvx
bi2,h,atf
bi3,m,skj
bi3,m,mjm
bi3,m,siy
bi3,m,bi4
bi3,m,uir
bi3,m,bi7
bi5,m,6n1
bi7,h,10m
bi9,h,1kg1
bib,h,iwd
bic,s,jm6
bid,h,9qi
bie,h,vvs
big,h,anb
bih,h,37g
bik,h,147w
bil,h,147t
bim,h,tew
bim,m,1hxr
bin,h,vvx
bio,h,tew
bip,h,jkl
biq,h,yl4
bis,h,tev
biu,s,aki
biu,s,pm0
biv,h,nr0
biw,s,nqm
bix,s,b1x
bj0,h,7aa
bj2,h,ph5
bj3,h,1c3b
bj4,m,bdg
bj5,s,iic
bj6,m,o93
bj7,s,1f95
bj9,h,15ll
bja,s,rzr
bjd,s,1hx9
bje,s,b5j
bjf,s,6dq
bjg,s,6dq
bjh,h,5qo
bji,h,qmo
bjj,h,91v
bjk,h,1bfj
bjl,h,qmr
bjl,m,1iw7
bjm,h,19j8
bjn,h,9zb
bjp,s,1hx9
bjs,h,vvz
bjt,h,xfg
bjv,s,bkr
bjv,s,c4j
bjw,h,qmc
bjx,h,s5o
bjz,h,uty
bk0,h,yqf
bk1,h,olj
bk2,h,1cmy
bk4,s,169f
bk5,s,xx3
bk8,h,rzj
bk9,h,oli
bka,h,rzj
bkb,h,4pe
bkc,h,169e
bkd,h,olh
bke,s,px
bke,s,btf
bke,s,htt
bke,s,pe
bke,s,cib
bkf,s,1key
bkg,s,zds
bkh,m,jd7
bkh,m,6t0
bkh,m,nsm
bkh,m,p3v
bkh,m,1jpk
bkk,h,169i
bkl,h,1hw7
bkm,h,qz5
bkn,h,h5
bko,h,19qr
bkp,h,1dut
bkq,h,1geg
bkr,s,bjv
bks,h,143k
bkt,h,16a
bku,h,2ml
bkv,h,37k
bkw,h,3no
bkz,h,vr3
bl0,s,pxt
bl0,s,r2c
bl0,s,ql1
bl1,h,py4
bl2,h,1fya
bl4,h,m4i
bl5,h,1j24
bl6,h,845
bl7,h,1dka
bl8,h,iul
bla,h,siz
blb,h,id2
blc,h,x5w
bld,h,19pw
blg,s,886
blh,h,frj
bli,h,blc
blj,h,88c
blk,s,s6z
bll,s,199p
bll,s,19dd
blm,s,r1y
bln,s,3sr
blq,h,hvs
blr,h,wsz
bls,h,e21
blt,s,zmw
blt,s,1jdl
blu,s,oqc
blv,h,axm
blw,h,188j
bly,s,znf
bm0,s,cp
bm1,h,167
bm2,h,11id
bm3,s,cp
bm4,s,1kal
bm5,h,11pn
bm6,h,16t2
bm7,h,1abw
bm8,s,pyi
bmc,h,axs
bmd,h,bmf
bme,h,q15
bmf,h,13km
bmg,h,13r1
bmh,h,12s2
bmi,s,lk8
bmi,s,ofy
bmi,s,1h7q
bmj,h,tk
bmk,h,vyj
bml,s,177t
bmn,h,jsk
bmo,h,18n9
bmp,h,18na
bmq,h,mx5
bmr,h,bfs
bms,h,sax
bmt,h,saz
bmu,h,18f9
bmv,h,13ku
bmw,s,13kx
bmz,h,nt1
bn0,h,1951
bn1,s,2l3
bn1,s,ml0
bn1,s,1ac0
bn2,s,1ffh
bn4,h,1fda
bn5,h,fj4
bn6,h,shi
bn7,h,shj
bn8,s,1jxn
bn9,h,l
bna,h,hzb
bnb,h,edn
bnc,h,15pa
bnd,h,19yk
bne,h,edv
bnf,h,4pe
bng,h,vl2
bnh,h,4pe
bni,h,143k
bnj,h,1hui
bnk,h,aji
bnm,s,cq
bnm,s,15rn
bnm,s,1he8
bnm,s,14mq
bnn,s,ost
bno,h,cj0
bnp,h,1hx5
bnq,h,aul
bnr,h,16bg
bnt,h,6ie
bnu,h,1ecf
bnv,h,1huk
bnw,h,1d49
bnx,h,1hx8
bny,h,1bej
bnz,h,1bei
bo0,s,b0i
bo1,h,atf
bo2,h,at7
bo4,s,r11
bo5,s,8ue
bo6,h,1bla
bo7,h,173s
bo8,h,nr4
bo9,h,11rp
boa,h,tjc
bob,s,nqk
boe,h,1c4i
bof,h,r2s
bog,h,39d
boi,h,zou
boj,h,1dpk
bok,s,5b9
bok,s,zzm
bok,s,d4x
bok,s,vd9
bok,s,62v
bok,s,jjg
bom,h,184b
bon,h,1j7e
boo,h,165
bop,h,12j4
boq,h,19jb
boq,m,bor
bor,h,cvw
bot,h,12j8
bou,h,r2s
bov,h,t6i
box,h,12r8
boz,h,cf3
bp1,h,11dh
bp2,h,jse
bp3,s,1hqa
bp3,s,1cl9
bp4,h,14tx
bp5,h,yvk
bp9,h,cf3
bpf,m,1ch0
bpf,m,3b0
bpg,h,qff
bph,s,6dv
bpi,h,1e8c
bpj,h,60z
bpj,m,bpk
bpk,h,1jdk
bpl,h,1eah
bpm,s,iaz
bpo,h,4xa
bpp,h,143k
bpt,h,1jgw
bpv,h,12s2
bpw,h,vz
bpy,s,y2
bpz,h,bfa
bq0,h,16sw
bq1,h,1fn0
bq2,s,xux
bq2,s,1227
bq2,s,1co3
bq3,s,1f00
bq4,s,xuq
bq5,h,xuy
bq6,h,b6a
bq7,h,jls
bq8,h,b6c
bq9,h,1b3j
bqa,h,uya
bqb,h,1g5h
bqf,h,bpl
bqg,h,1fda
bqh,h,vmm
bqi,h,r7b
bqj,h,awt
bqj,m,12kn
bqj,m,19xz
bqj,m,17je
bqj,m,vi5
bqj,m,10dg
bqk,s,kwj
bqk,s,cs9
bqk,s,kwi
bqk,s,1d91
bqk,s,ql2
bqk,s,15s6
bql,s,1332
bqn,h,14te
bqo,m,bqp
bqp,h,31s
bqs,h,fb2
bqv,h,132u
bqw,h,34v
bqx,h,16mg
bqy,h,15vd
bqz,h,13a6
br0,h,be7
br1,h,be7
br2,s,ise
br4,h,1bvb
br5,h,esi
br6,h,1bvb
br7,h,72
br8,h,1ijd
brb,h,7ue
brc,s,r20
brd,s,1anp
bre,h,8d3
brf,h,8d3
brg,s,lev
brg,s,b3u
brh,h,b40
bri,h,b40
brj,h,60s
brk,h,eet
brl,h,elg
brm,s,iua
brn,h,1a85
bro,s,pow
brp,h,r2t
brq,h,1g2w
brr,h,bkl
brs,h,nne
brt,h,16jo
bru,h,s5m
brv,h,azg
brw,h,tgz
brx,h,azh
bry,s,qkr
bs1,h,4pe
bs2,h,4pe
bs3,s,bxh
bs4,h,qz5
bs6,h,10a6
bs7,h,12ra
bs8,h,1ebe
bs9,h,16sl
bsa,h,vlw
bsb,h,91u
bsd,s,q1u
bse,h,q1x
bsf,h,1bci
bsg,h,nua
bsh,h,1j3b
bsi,h,bmx
bsj,h,1chk
bsk,h,bn4
bsl,h,11k5
bsm,h,baz
bsn,s,1e8x
bsp,h,117b
bsq,s,wuq
bsr,s,dcc
bss,h,fmi
bst,h,fhx
bsu,h,fqu
bsv,h,fnf
bsw,s,4lg
bsw,s,10zt
bsw,s,2t
bsy,s,fqy
bt0,h,9wy
bt2,h,anb
bt3,h,1442
bt4,h,aj8
bt5,h,tv6
bt6,h,18dn
bt7,s,b2y
bt7,s,18dl
bt7,s,1b2s
bt9,h,as
bta,h,37p
btb,s,2ty
btc,s,bxk
btd,h,nni
bte,h,u15
bte,h,1ece
btf,s,bke
bth,h,b2m
bti,h,zjs
btj,s,8zu
btj,s,dxu
btk,h,11k5
btm,h,fht
btn,h,hzw
btq,s,a8t
bts,h,16sm
btu,h,sxw
btu,m,1de4
btz,s,1ga5
bu0,h,ekx
bu1,h,lun
bu2,h,wf4
bu3,s,1342
bu4,s,bcc
bu5,s,1hdw
bu6,s,11k2
bu6,s,15u9
bu6,s,11eq
bu6,s,qwr
bu6,s,17v4
bu7,s,bum
bu9,h,kh
bua,h,z2x
bub,h,im
buc,h,1ehj
bud,h,sax
bue,h,im
buf,h,im
bug,h,4pe
buh,s,bui
bui,s,buh
buj,h,aji
buk,h,18um
bul,h,t2j
bum,s,8pq
bum,s,1e03
bum,s,2xo
bum,s,hr2
bum,s,g1z
bum,s,bu7
bum,s,l5j
bum,s,1d04
bup,h,1fof
buq,m,132h
bur,h,1h4b
bus,s,cyu
buu,h,hv
buv,h,rmv
buw,h,jja
bux,h,ed4
buy,h,ycp
buz,h,w27
bv0,s,uhe
bv2,h,ews
bv3,s,1475
bv4,m,62g
bv5,h,5a8
bv6,h,6so
bv7,h,140r
bv8,h,1a87
bv9,h,1a5m
bva,s,bvb
bvb,s,bva
bvc,h,zoc
bvd,h,2q
bve,h,1a2v
bvf,h,1kki
bvg,h,e41
bvh,h,75w
bvi,h,6sw
bvj,h,10um
bvm,h,bve
bvn,h,ewm
bvo,h,fdr
bvp,h,zk2
bvq,h,j9j
bvr,h,y2z
bvv,s,q7h
bvw,h,f4f
bvx,h,aat
bvy,h,15vd
bvz,h,15l9
bw1,h,1ah6
bw4,h,rej
bw5,h,zk2
bw7,h,1i6p
bw8,h,zk2
bwa,s,f3y
bwc,s,fnh
bwe,h,zk2
bwf,h,b1e
bwg,h,1j89
bwh,h,18px
bwi,h,fu0
bwj,h,f3v
bwk,s,f3y
bwn,s,fma
bwp,h,71l
bwq,h,m8h
bwr,h,1410
bws,h,3h4
bwt,h,m64
bwu,h,m9l
bwv,h,1dp4
bww,h,14e5
bwx,h,1kqf
bwy,s,11a2
bwz,h,rda
bx0,h,18m0
bx1,h,2yj
bx2,s,12bg
bx3,h,1397
bx4,h,169i
bx5,h,60s
bx6,h,kh
bx7,h,vso
bx8,h,1bz8
bxb,h,16se
bxc,h,1f41
bxd,h,1952
bxe,h,cxd
bxg,s,v3w
bxh,s,z26
bxh,s,fg7
bxh,s,nra
bxh,s,g4f
bxh,s,164b
bxh,s,bs3
bxi,h,132u
bxj,s,g48
bxk,s,2tn
bxk,s,12qz
bxk,s,btc
bxk,s,fqc
bxm,h,fqa
bxn,s,qz8
bxo,h,fnf
bxp,h,qzb
bxq,h,olc
bxs,h,nzy
bxt,h,1a85
bxu,s,pow
bxv,h,9ti
bxx,h,xxy
bxy,h,o21
bxz,h,vvs
by0,h,7r9
by1,h,auk
by2,h,1dny
by3,s,nlo
by3,s,jhn
by4,h,16c1
by4,m,8r7
by5,h,azy
by6,h,vvy
by8,h,vvx
by9,h,13a7
bya,h,1gi4
byb,h,37g
byc,s,kx3
byc,s,15o0
byc,s,1cvr
byc,s,def
bye,s,1c88
bye,s,7hi
bye,s,1cpc
byf,s,zs4
byh,s,1g7b
byi,h,bge
byj,h,1i25
byk,h,zs6
byl,s,31e
byo,h,69o
byp,h,vvs
byq,h,1huk
byr,h,nne
bys,h,19gh
byt,h,rzq
byu,s,bg4
byu,s,km8
byv,s,qny
byw,h,1bub
byx,h,16cz
byy,h,1brt
byz,h,144m
bz1,s,40c
bz2,h,1ehj
bz4,h,1gbh
bz5,h,7oe
bz6,h,18qi
bz7,h,15vs
bz8,h,e7c
bz9,h,91l
bzb,h,ilr
bzc,h,91n
bzd,h,11k5
bze,h,91u
bzf,h,91u
bzg,h,91v
bzh,h,91u
bzi,h,18qj
bzj,h,18qj
bzk,h,18qj
bzl,h,11l8
bzm,h,91v
bzn,h,ews
bzo,h,ilx
bzp,s,8fv
bzq,h,84i
bzr,h,193z
bzs,h,1bba
bzt,s,me
bzu,s,b05
bzv,s,6xi
bzv,s,59x
bzv,s,m5v
bzw,h,1be5
bzx,h,19qq
bzz,h,pun
c00,h,1gav
c01,h,1gax
c02,h,tdt
c03,h,1gde
c04,h,qz5
c05,h,1gat
c06,h,t6w
c07,h,w57
c08,h,50y
c09,h,13s2
c0a,h,1kqy
c0b,h,1424
c0c,h,4z2
c0f,s,8wh
c0g,s,1dz7
c0h,s,csn
c0h,s,fjg
c0j,s,1b9c
c0k,h,1b9b
c0l,h,lun
c0m,h,37g
c0n,h,1dpy
c0o,s,ak8
c0q,h,kc8
c0r,m,5f2
c0r,m,rgy
c0r,m,ddn
c0s,h,1j4e
c0t,h,13uk
c0u,h,anb
c0v,h,i9y
c0w,h,ia0
c0x,h,1uk
c0y,h,t4u
c0z,h,19oq
c10,h,19oq
c11,h,b63
c12,h,b63
c13,h,197r
c14,h,fvj
c15,h,1gr5
c16,s,1i9k
c17,s,1j55
c19,h,d4q
c1a,h,xk8
c1b,h,1iku
c1h,h,91u
c1i,h,15zm
c1l,s,7ct
c1l,s,10ol
c1l,s,6xe
c1l,s,g5i
c1l,s,62e
c1l,s,441
c1l,s,4d2
c1l,s,1fsz
c1l,s,18z8
c1l,s,vuy
c1l,s,6kc
c1l,s,1cm1
c1l,s,17dl
c1l,s,18eu
c1l,s,l95
c1l,s,uoz
c1l,s,101r
c1m,h,c1s
c1n,h,19vf
c1o,h,7n5
c1p,h,c1c
c1q,h,1f62
c1r,m,18zu
c1t,h,11xe
c1u,h,1cza
c1v,s,7rb
c1w,s,al7
c1x,s,1i66
c1y,h,alk
c1z,s,b52
c20,s,1i4f
c21,s,jeg
c22,h,91u
c23,h,924
c24,h,91v
c25,h,12o
c25,h,kir
c26,h,162t
c27,h,588
c28,h,8r8
c2a,h,34m
c2c,h,vso
c2e,h,7s4
c2f,h,jii
c2g,h,17wx
c2h,h,p3i
c2i,h,805
c2m,h,coi
c2n,h,uyd
c2p,h,13a4
c2q,s,aly
c2q,s,1e9v
c2s,h,39d
c2u,h,yvk
c2v,s,i46
c2w,h,v3u
c2x,h,vvq
c2y,s,r0v
c2z,s,ta
c30,s,vla
c31,h,mxn
c34,h,1anr
c35,h,1fp9
c37,h,9zw
c38,h,zpd
c39,h,156x
c3a,h,1h1g
c3b,s,18dj
c3c,h,zbu
c3e,h,10u8
c3f,h,a7j
c3g,h,im
c3i,h,d4d
c3j,s,pyi
c3k,s,o6h
c3n,h,1214
c3o,s,8h
c3p,s,12ah
c3s,h,12ul
c3t,h,w63
c3t,h,bd7
c3u,h,11an
c3v,h,15vb
c3x,h,aef
c40,h,ubu
c41,h,13r8
c42,h,hut
c43,h,coi
c44,s,9of
c46,h,ah3
c48,h,1104
c49,h,gmh
c4a,h,h12
c4b,h,h9a
c4c,h,9ny
c4e,h,h9b
c4g,h,1iw8
c4i,h,rzl
c4j,s,bjv
c4k,h,16je
c4l,h,1f62
c4m,h,vlx
c4n,h,1kqb
c4o,h,uya
c4p,h,66v
c4q,h,11k5
c4r,h,1f0z
c4s,h,16hn
c4t,h,hn0
c4u,h,g0u
c4v,h,13va
c4w,s,144r
c4x,h,hn0
c4y,h,1kib
c4z,s,19n3
c51,h,fkh
c52,h,fkg
c54,h,1233
c56,h,17g7
c57,h,29k
c58,s,9of
c59,h,1gi7
c5a,h,6ie
c5b,h,1duw
c5e,m,c5d
c5f,h,twt
c5h,h,bd9
c5i,h,j2h
c5j,h,1cbe
c5k,h,1fm7
c5l,h,vrp
c5m,h,17ka
c5n,s,1af9
c5o,s,17mx
c5p,m,1bpb
c5q,s,1jl1
c5r,s,1agf
c5s,h,1jxb
c5t,h,wiu
c5w,m,8sy
c60,h,19gc
c61,h,qw9
c62,h,st
c63,h,tay
c64,h,1grj
c65,h,17cx
c66,h,bqa
c67,h,k2b
c68,m,1fkn
c69,h,19j8
c6a,h,8t6
c6b,h,8t6
c6c,h,1883
c6d,h,1g1v
c6e,h,902
c6f,h,4ca
c6g,h,opl
c6h,m,9v4
c6j,h,oav
c6k,h,ews
c6l,h,ahm
c6m,h,g1l
c6n,s,1g3m
c6o,h,oav
c6o,m,c6p
c6o,m,c6q
c6p,h,kaq
c6q,h,oaw
c6r,m,c6u
c6u,h,mwk
c6v,h,4ev
c6x,h,12ju
c6y,h,12jw
c6z,h,1dba
c71,h,qzp
c72,s,411
c73,h,w52
c74,h,uqz
c76,h,1gzr
c77,h,1cdn
c79,h,8vp
c79,m,gxj
c79,m,c7b
c79,m,c8n
c79,m,c7k
c7a,h,scw
c7b,h,mpy
c7c,h,7rn
c7d,h,8vp
c7e,h,vov
c7f,h,jky
c7g,h,13ku
c7h,h,c7j
c7i,h,1k3n
c7k,h,c6a
c7l,h,com
c7m,h,cvd
c7n,h,vyq
c7p,s,13kw
c7s,s,noa
c7t,h,2sg
c7u,h,12of
c7v,h,2sj
c7w,h,r86
c7x,h,12of
c7y,h,x1x
c7z,h,13el
c80,h,10sg
c81,h,2sg
c82,h,1d96
c83,h,bxa
c84,h,1cmy
c85,h,1gzr
c86,h,kpx
c87,h,1cwn
c88,h,1cwn
c89,h,6lp
c8b,h,ki1
c8c,h,1klm
c8d,h,l30
c8e,h,wx9
c8f,h,13zj
c8g,h,1duw
c8i,h,72l
c8j,h,g3t
c8k,h,huh
c8l,h,vqo
c8m,h,c7j
c8n,h,1cdn
c8o,h,1chb
c8p,h,1d99
c8q,m,g2e
c8r,m,c8k
c8t,h,ak2
c8t,m,11mu
c8t,m,c8w
c8u,h,bm6
c8v,h,qky
c8x,h,tr9
c8y,h,1d99
c8z,h,9rg
c90,h,ffp
c92,h,1fhq
c93,h,qqv
c94,h,rea
c95,h,d1r
c97,s,yhe
c98,h,yk2
c9a,s,rzr
c9b,s,zp9
c9c,h,k2f
c9d,h,bx3
c9e,s,167v
c9e,s,60r
c9e,s,60m
c9f,m,fyg
c9g,h,60z
c9h,h,9ng
c9i,h,kc0
c9j,s,jfb
c9k,h,anb
c9l,h,10sg
c9m,m,8nl
c9o,h,hp4
c9p,h,2yb
c9q,h,17hd
c9r,s,e8
c9r,s,1d09
c9s,s,143d
c9t,s,143d
c9u,h,920
c9v,h,1ghu
c9w,s,16zo
c9x,s,15tp
c9x,s,2gf
c9y,h,q16
ca0,h,h5g
ca1,h,15mn
ca2,h,glo
ca3,h,1f9n
ca4,s,14jf
ca7,h,ews
ca8,s,yl7
ca9,s,57y
cab,h,14te
cac,h,144u
cad,h,1iq5
cae,h,vl2
caf,h,397
cag,h,15pg
cah,h,1cke
cak,s,169f
cal,s,15pc
can,m,tjb
cao,h,azp
cap,h,s1x
caq,s,169f
car,s,1aer
cat,h,10w4
cau,h,u15
cav,h,i85
caw,h,vl2
cax,h,dn7
cay,h,dzo
caz,s,1i90
cb0,h,eu2
cb2,h,b5l
cb3,s,18bl
cb4,h,kn0
cb5,s,lj4
cb6,h,176g
cb8,s,cbd
cb8,s,14oi
cb8,s,em8
cb8,s,fd8
cb8,s,13af
cb8,s,cbe
cb9,s,pvt
cba,s,1cdf
cbb,h,91u
cbc,h,wvj
cbd,s,cb8
cbe,s,cb8
cbf,s,194u
cbg,s,yu0
cbh,s,qkr
cbi,h,dzj
cbj,h,pt3
cbk,h,ea8
cbl,h,qgy
cbm,s,ij1
cbo,h,fku
cbp,h,fks
cbq,h,125d
cbr,h,125e
cbu,h,617
cbv,h,l02
cbw,h,ghe
cby,h,13uk
cbz,h,lun
cbz,m,61f
cc4,h,1cpz
cc8,h,cc4
cca,h,wiu
ccb,h,srg
ccc,h,1jm5
ccd,m,ccf
ccd,m,11w1
ccf,m,rpx
ccf,m,17jh
ccf,m,d1a
ccf,m,15g3
ccg,h,ki1
cch,m,ccg
cci,m,o75
cci,m,fzl
ccj,m,nx5
cck,h,qn2
ccm,h,tjp
cco,h,olj
ccp,h,1abu
ccq,h,1abu
ccs,h,1fuv
cct,s,yl3
ccu,s,xg
ccw,h,198t
ccx,h,it9
ccy,h,13a6
cd0,s,t0j
cd2,h,18oj
cd4,h,16je
cd7,h,3c7
cd8,h,w6s
cd9,h,3cf
cdb,s,1ggi
cdc,h,1bi8
cdd,s,b5w
cde,h,ki1
cdf,h,1arz
cdg,h,zxm
cdh,h,4pe
cdi,h,y19
cdj,h,1d99
cdl,s,17mx
cdm,s,174f
cdn,h,1g76
cdp,h,isn
cdq,s,isl
cdr,h,167o
cds,h,3ie
cds,m,1jkm
cdt,h,3ie
cdu,h,3ie
cdv,h,3ie
cdw,h,ghe
cdx,h,1duw
cdy,s,aaj
cdz,h,cjt
ce1,h,4ub
ce1,m,tdi
ce3,h,19vg
ce4,h,467
ce6,h,yaj
ce8,h,1a64
ceb,h,qpb
cec,h,1150
ced,h,19fx
cee,h,jf3
ceg,h,j2h
ceh,h,1a64
ceh,m,cem
cei,h,1fg5
cej,h,ttc
cek,h,7wt
cel,h,uqz
cem,h,zah
cen,h,12z1
ceo,s,1bbf
cep,m,77t
ces,h,k9r
cet,h,4ub
cev,h,14cw
cew,h,1k99
cex,h,1e8c
cey,h,irz
cez,h,uio
cf3,h,37e
cf4,h,vvx
cf4,m,cf5
cf5,h,vyj
cf6,h,cf5
cf7,h,cf5
cf8,h,vv
cf9,h,1du7
cfa,h,yvk
cfb,h,re9
cfc,h,ue9
cfd,h,eue
cfe,h,4pe
cff,h,15pv
cfg,h,a04
cfh,h,q6p
cfi,h,4pe
cfj,h,1gtn
cfk,s,7o7
cfl,h,cfb
cfm,h,2im
cfn,h,j2x
cfo,h,1ecf
cfo,m,chi
cfq,h,7oh
cfr,h,11k5
cfs,h,164r
cfv,h,27m
cfw,h,7vv
cfx,s,jz
cfy,h,2ts
cfz,h,3gk
cg0,h,3gl
cg1,h,3gr
cg2,h,b2d
cg3,s,44q
cg4,h,16ib
cg5,h,5jf
cg6,h,91u
cg7,h,ee
cg8,h,94u
cg9,h,bxb
cga,h,tds
cgb,h,9x0
cge,h,d8r
cgf,h,1d5y
cgg,h,cgl
cgh,s,bcc
cgi,s,zts
cgi,s,wtd
cgi,s,1225
cgi,s,4il
cgi,s,q47
cgi,s,39z
cgi,s,1eav
cgi,s,61y
cgi,s,14bd
cgi,s,41d
cgj,h,prd
cgk,h,k0x
cgl,h,r1f
cgm,s,1i4z
cgn,h,ave
cgo,h,vb3
cgp,h,vb6
cgq,h,16g4
cgr,h,vro
cgs,h,z7p
cgt,h,z7z
cgu,h,i5n
cgv,h,gta
cgw,h,1jg7
cgx,h,12j4
cgy,h,12va
cgz,h,b4z
ch0,s,nq6
ch1,h,144h
ch2,h,14id
ch3,h,1712
ch6,h,1719
ch7,h,1ab4
ch8,h,1abo
ch9,h,op0
cha,h,1c78
chb,h,t6u
chc,h,1mr
che,s,ogp
chg,h,18m0
chh,h,12g
chi,h,1ecs
chj,h,1gb3
chk,h,1jwo
chl,h,zjt
chm,h,sth
chn,s,q4f
cho,s,17vg
chp,m,g3g
chp,m,wch
chp,m,ek6
chp,m,1cj6
chq,m,10y9
chr,h,9vi
chs,h,kno
cht,h,b21
chu,h,17wx
chv,h,chq
chw,s,b5w
chx,h,17wx
chy,h,b21
chz,h,164d
ci1,s,b5w
ci2,h,1dka
ci4,h,84i
ci5,h,10di
ci6,h,jai
ci8,h,1h4q
ci8,m,vlm
ci9,h,1hwx
cia,h,3g4
cib,s,bke
cic,h,1cgm
cie,h,19mv
cig,h,1882
cih,h,1bz7
cii,h,doo
cij,h,h5x
cij,m,ciy
cij,m,ciu
cij,m,tix
cij,m,tc1
cik,h,19gc
cil,h,fc4
cim,h,j9
cin,h,yxh
cio,h,t7e
cip,h,j3y
ciq,h,1ggp
cir,h,pai
cis,h,8j3
cit,h,qno
ciu,h,19j4
civ,h,pap
ciy,h,1kkw
ciz,h,pah
cj0,h,37e
cj0,m,51e
cj0,m,s6x
cj1,h,17jj
cj1,m,51g
cj1,m,4cg
cj2,h,mnk
cj3,h,12gd
cj5,h,cbz
cj6,h,cj0
cj7,h,16o1
cj8,h,2sj
cj9,h,e7p
cja,h,im
cjb,s,9ja
cjc,s,12rr
cjd,h,12ru
cje,h,16cz
cjf,h,v7l
cjh,h,p43
cjh,m,cj1
cji,h,3hd
cjj,h,hep
cjk,s,f6f
cjl,h,hyy
cjm,h,fkh
cjn,h,10xf
cjo,h,169s
cjr,s,1606
cjs,h,gi8
cjt,h,csc
cju,h,deb
cjw,h,1iqa
cjx,s,1iq3
cjy,h,1iqi
cjz,h,qs1
ck0,h,8ox
ck1,h,37e
ck1,m,1kgd
ck3,h,165
ck4,h,12hs
ck5,h,12hs
ck7,h,b7u
ck8,h,k0x
ck9,h,15sr
cka,h,b7u
ckc,h,1g36
ckd,h,4pg
cke,h,18dm
ckf,h,6vz
ckg,h,146u
ckh,h,146u
cki,h,ofv
ckj,h,146u
ckk,h,1952
ckl,h,n5q
ckm,h,b29
ckn,h,hs9
cko,h,1dj1
ckp,h,4pe
ckq,h,ofv
ckr,h,12fc
cks,h,146u
ckt,h,ghe
ckw,h,1dp4
ckx,h,ixs
cky,h,ybe
cl0,s,18yb
cl0,s,gh8
cl0,s,1b6o
cl0,s,102r
cl0,s,a7m
cl0,s,d4h
cl0,s,4q3
cl0,s,gun
cl0,s,5od
cl0,s,1fnh
cl0,s,dkz
cl0,s,1k4l
cl0,s,xg1
cl0,s,7ys
cl0,s,x9k
cl0,s,1c0j
cl0,s,1b2m
cl0,s,12d0
cl1,h,1jfj
cl3,h,31c
cl4,h,146z
cl5,h,4v5
cl6,s,5lh
cl6,s,1922
cl6,s,1924
cl6,s,1dji
cl6,s,9xq
cl6,s,3zz
cl6,s,a7l
cl6,s,1hnh
cl6,s,aox
cl7,h,kfi
cl7,m,c39
cl8,s,146w
cla,h,i0d
clb,s,er1
clc,s,er8
cld,h,i0a
cle,h,lun
clf,h,kfi
clf,m,10uc
clf,m,n3n
clg,h,8n1
clg,m,12sl
clg,m,1h6o
clh,h,1297
clj,h,oav
clk,h,118m
cll,h,11k5
cln,h,1bz7
clo,s,cqp
clo,s,12th
clo,s,li2
clo,s,drp
clo,s,14ns
clo,s,j68
clo,s,9f3
clo,s,7n0
clp,h,4fb
clq,h,4ze
clr,h,cp4
clr,m,ty9
cls,h,yah
clu,h,11fm
clv,h,v3
clw,h,6h0
clx,h,clt
cly,h,tay
clz,h,oft
cm0,h,1k2n
cm1,h,kfl
cm2,h,ovk
cm3,h,ckb
cm4,s,aaj
cm5,h,nej
cm6,h,tfa
cm7,h,tf9
cm7,m,cm6
cm7,m,5ky
cmb,h,139w
cmc,h,ltt
cmd,h,13qf
cme,h,4pi
cmf,h,dow
cmg,h,o7j
cmh,s,wv5
cmi,s,qbu
cmj,s,1fp4
cmm,h,1khu
cmn,h,1b2u
cmo,h,k1c
cmp,h,17g1
cmq,h,999
cmr,h,hb
cmr,h,997
cmt,h,auk
cmu,s,auq
cmv,s,l9c
cmw,s,a8u
cmx,h,dza
cmy,h,n2c
cmz,h,19vd
cn0,h,17pl
cn1,h,1cmy
cn2,h,18wv
cn3,h,k3o
cn4,h,ugb
cn7,s,z0q
cn8,h,zhi
cn9,h,yij
cna,h,5qf
cnb,h,afh
cnc,h,3h4
cnd,h,91v
cne,h,1bks
cnf,h,olj
cng,h,cnd
cnh,h,6oz
cni,h,1ew9
cnj,h,91u
cnk,h,e30
cnl,h,91v
cnm,h,1dm3
cnn,s,qu8
cno,h,1dvp
cnp,s,17vg
cnq,h,6n5
cnr,h,13yj
cns,h,10up
cnu,h,yij
cnv,h,9h5
cnw,s,jb5
cnx,h,91w
cnz,h,h1i
co1,m,17fa
co2,h,5ib
co3,h,ooa
co4,h,15kw
co5,h,ooa
co6,h,df9
co7,h,1jmn
co8,h,12f0
co9,h,1ita
coa,h,9zd
cob,h,1ann
coc,h,1a56
cod,h,jef
cof,h,fli
cog,h,13x2
coh,h,csc
coj,s,30d
cok,h,a5b
col,s,17mx
com,h,156x
con,h,14nw
coo,h,1daz
cop,h,k5l
cor,h,1daj
cos,h,ad1
cot,h,18n9
cou,h,1f66
cov,h,9xk
cow,h,1d78
cox,h,jey
coy,h,xy
coz,h,1dm3
cp1,h,msu
cp2,h,1bwv
cp4,h,1a64
cp5,h,55q
cp5,h,55p
cp9,h,1jf1
cpa,h,1d52
cpb,h,m2l
cpd,h,zig
cpe,h,65p
cpe,m,3aw
cpe,m,id9
cpe,m,lbq
cpe,m,7sk
cpe,m,kp2
cpg,s,1i9b
cph,h,1cid
cpi,h,17lw
cpj,h,jey
cpk,h,kc8
cpl,h,p4v
cpn,h,17lz
cpp,h,ooz
cpq,h,jjl
cpr,h,10hw
cps,h,ckb
cpt,h,1dqx
cpu,h,1dqy
cpu,m,cpt
cpv,h,1h4q
cpw,m,8h2
cpx,h,bn
cpy,h,nne
cpz,h,olc
cq0,h,woi
cq1,h,ep9
cq2,h,xdt
cq3,h,ao4
cq4,h,10vk
cq5,h,flm
cq6,h,z4m
cq7,h,1bks
cq8,h,ao3
cq9,h,pb7
cqa,h,91v
cqb,h,j5j
cqc,s,1i5d
cqd,h,qvb
cqf,m,1k5g
cqf,m,5mv
cqf,m,nw6
cqg,h,6gh
cqi,h,hol
cqk,h,xxt
cql,h,y1v
cqm,h,er6
cqn,h,4wl
cqo,s,1jjo
cqp,s,clo
cqq,h,er3
cqr,h,1cwc
cqu,h,xan
cqw,h,u8e
cqx,h,1gg6
cqy,h,jlk
cqz,h,1eud
cr0,h,1e4c
cr1,h,11k5
cr2,h,19vd
cr3,h,dza
cr5,h,gfc
cr6,h,v69
cr7,h,cna
cr8,h,cng
cr9,s,qu8
cra,h,qua
crb,h,ule
crc,s,pze
crd,s,imf
cre,s,1d16
crf,s,hy6
crg,h,yij
crh,s,1kmx
cri,s,yit
crj,h,hgi
crl,h,1fuv
crm,h,4si
crn,h,4sa
cro,h,14o2
crp,h,wvj
crq,h,185n
crr,h,126z
crs,h,14ff
crt,h,1km1
cru,h,1fby
crv,s,9of
crw,s,1fbe
crx,s,1b1x
crz,h,im
cs0,h,2ke
cs1,h,uya
cs3,h,kh
cs4,h,31c
cs5,h,4x6
cs7,h,g0s
cs8,s,1kuu
cs8,s,js5
cs8,s,jb0
cs8,s,pqm
cs9,s,bqk
csb,h,2r
csc,h,11k5
csd,h,11k5
cse,h,1as0
csf,h,p1f
csg,h,16je
csi,h,3if
csj,h,74x
csk,h,14te
csl,s,13mn
csl,s,ttk
csm,s,ct8
csn,s,c0h
csp,h,381
csq,h,hze
csr,h,ck
css,h,113h
cst,h,3h0
csu,h,1fs6
csv,h,q20
csw,h,d1
csx,h,1gtn
ct0,h,csp
ct1,h,ibs
ct2,s,1ko7
ct3,s,3ix
ct4,h,11k5
ct5,h,u15
ct5,h,go
ct6,s,1gtx
ct7,h,1gtl
ct8,s,csm
ct8,s,1i4l
ct9,s,xs0
ctb,h,xs3
ctc,h,1ed
ctd,h,1ee
cte,h,g0s
ctg,h,qdg
cth,h,4k6
ctj,h,922
ctk,h,118m
ctl,h,f4w
cto,h,1g30
ctq,h,ji4
ctr,s,z7s
cts,s,1b3
ctt,h,7cf
ctu,h,q5u
ctv,h,x6z
ctw,h,lio
cty,s,17my
ctz,h,1duw
cu0,h,bqe
cu1,s,17my
cu4,h,1qq
cu5,h,1qp
cu6,h,xxw
cu9,h,13ue
cua,h,10kf
cub,h,j2h
cud,h,15fe
cue,s,dq1
cuf,h,1jce
cug,s,q9u
cuh,h,q9q
cui,h,ddf
cuj,s,17o7
cuk,h,78u
cul,h,11pg
cum,h,d2a
cuo,s,9of
cup,h,twq
cuq,h,hje
cur,h,13uc
cus,h,1fz6
cut,s,ss
cuu,s,ss
cuv,s,ss
cuz,h,ifo
cv0,m,cuz
cv1,h,pio
cv2,s,16ug
cv3,h,cn8
cv4,h,emw
cv5,h,1hwv
cv5,m,cv9
cv5,m,c3n
cv5,m,1dg6
cv6,h,1es3
cv7,h,v3s
cv8,h,ner
cva,h,hn0
cvb,m,c7l
cvd,h,5ef
cvd,h,mqt
cvf,h,999
cvg,h,129n
cvh,h,tx0
cvi,h,86o
cvi,m,cve
cvk,h,1bqq
cvm,h,1h4a
cvn,h,zsj
cvo,m,qsi
cvo,m,1b5b
cvp,h,12f0
cvq,m,nko
cvr,h,3e6
cvs,h,1163
cvs,h,17di
cvt,h,1gbw
cvu,h,1gbw
cvv,m,190n
cvv,m,1ksz
cvw,h,13qt
cvx,s,n7x
cvy,s,pp8
cw0,h,u15
cw1,h,n7u
cw2,h,teq
cw3,h,1ght
cw6,s,qaf
cw8,h,1bsf
cw9,h,1bah
cwa,h,sfn
cwb,h,u7o
cwc,h,kn0
cwd,h,dbw
cwe,h,15uo
cwf,s,5uv
cwg,s,aql
cwh,s,1dgm
cwi,h,jf3
cwj,s,1hpl
cwl,h,h24
cwm,h,11nl
cwn,h,j2h
cwo,h,11k5
cwp,h,1jsx
cwq,h,uwp
cwr,s,1hrc
cws,s,1hte
cwt,h,1akv
cwu,h,s5o
cwv,s,ftp
cww,s,1eyo
cwx,s,al2
cwy,s,l7o
cwz,s,dc4
cx0,s,b9r
cx1,h,o1u
cx2,h,tjp
cx4,h,l84
cx5,h,1f3j
cx6,h,vdr
cx8,s,16ut
cx9,h,1ggp
cxa,h,tx1
cxb,h,vd6
cxc,h,wiu
cxd,h,plf
cxe,h,13x2
cxf,h,igi
cxh,s,pg4
cxh,s,18kd
cxh,s,18z9
cxh,s,8sn
cxh,s,83w
cxi,s,1ds2
cxj,s,2l2
cxj,s,fiw
cxk,s,dp2
cxk,s,erq
cxk,s,le
cxm,s,qfc
cxn,s,d25
cxo,h,1ii4
cxp,h,s5p
cxr,h,feb
cxt,h,1kqj
cxu,h,ip
cxv,h,239
cxw,h,1ikw
cxx,h,1iku
cxz,m,cxy
cy0,s,7l2
cy1,m,1kyx
cy1,m,gp6
cy1,m,1c1f
cy1,m,cy3
cy3,h,1arz
cy4,h,y2o
cy6,h,ud5
cy7,h,nki
cy8,h,ymm
cy9,h,rti
cya,h,17u8
cyb,h,fda
cyc,h,1ect
cye,s,ss
cyg,h,cyh
cyi,m,cyg
cyl,h,1755
cym,h,jcv
cyq,h,fit
cyr,h,1cbl
cys,h,51p
cyt,s,1hrc
cyu,s,1616
cyu,s,2o9
cyu,s,1g1n
cyu,s,lzf
cyu,s,355
cyu,s,1jls
cyu,s,1a5
cyu,s,bus
cyu,s,e94
cyu,s,1kr6
cyu,s,1l0q
cyu,s,1c9r
cyu,s,mfq
cyv,s,1b50
cyw,h,19qq
cyx,h,fks
cyz,h,1agv
cz0,h,1ah6
cz1,h,1aha
cz2,h,1aha
cz3,h,fp1
cz4,h,zyd
cz5,h,12bp
cz6,h,anb
cz7,h,hqj
cz8,h,nko
cz9,h,dfx
cza,h,4r8
czb,h,jky
czc,h,jl2
czd,h,2ig
cze,s,12c6
czg,h,olh
czh,h,12f0
czi,h,fkh
czl,h,1cbo
czm,h,1czk
czn,h,7uh
czo,h,1d96
czp,h,hje
czq,h,ze
czr,s,d0u
czs,h,kn0
czt,h,ckd
czu,h,r84
czv,h,1kqb
czx,h,4ca
czz,h,d0p
d00,h,tev
d01,h,jye
d02,h,1e75
d03,h,6f5
d04,s,pcw
d05,h,6qw
d06,h,10zp
d07,h,df9
d08,h,152t
d09,s,e4g
d09,s,d0t
d0b,h,byw
d0c,h,k0x
d0d,h,8t7
d0e,h,19no
d0f,h,5sz
d0g,h,nyq
d0h,h,1gg5
d0i,h,12of
d0j,h,10zo
d0k,h,1jdz
d0n,h,6ar
d0o,h,1jdk
d0p,h,6hq
d0q,h,103i
d0r,h,yil
d0t,s,d09
d0u,s,czr
d0w,s,oym
d0x,h,14ov
d0y,h,oav
d0z,m,1a9q
d10,h,21l
d11,h,ow0
d12,h,1a64
d13,h,1a64
d14,h,51w
d15,h,51p
d16,h,217
d17,h,lp2
d19,h,6n5
d1b,h,d4q
d1c,h,1aj7
d1d,h,1aj6
d1e,h,1iku
d1f,h,1iku
d1g,h,tkj
d1h,h,1a64
d1i,h,lun
d1j,h,lun
d1k,h,z4n
d1l,h,vvs
d1m,s,1fhw
d1m,s,p6a
d1m,s,rsp
d1n,h,1akt
d1o,h,1e74
d1p,h,1fys
d1p,m,ho8
d1q,h,1kox
d1s,h,1iyu
d1t,h,aka
d1u,h,1fys
d1w,h,1fyt
d1x,h,re6
d1y,h,d7w
d1z,h,ny1
d20,h,ckb
d21,s,82p
d22,s,17pr
d22,s,82q
d23,s,1h7i
d24,s,1fyr
d25,s,1284
d25,s,cxn
d26,s,vlv
d28,s,1e7j
d29,h,1izm
d2a,h,oav
d2b,m,6lw
d2b,m,ody
d2b,m,1jme
d2b,m,thy
d2b,m,15cf
d2b,m,cum
d2b,m,d2a
d2b,m,86p
d2b,m,xvp
d2b,m,2oo
d2b,m,1jpu
d2b,m,2op
d2b,m,1nm
d2b,m,1agc
d2b,m,uld
d2b,m,coq
d2b,m,i8r
d2b,m,7tk
d2d,h,czp
d2f,h,inn
d2h,h,1g1s
d2i,h,ini
d2j,h,1b6r
d2k,h,fj8
d2l,s,fd0
d2m,s,1i8o
d2n,s,qb6
d2o,s,gxy
d2p,s,1had
d2r,h,1k8z
d2s,h,py8
d2t,h,qil
d2u,h,2jd
d2x,h,v2q
d2y,h,o1f
d2z,h,v0u
d30,h,6c5
d31,h,z4w
d32,h,1gg9
d33,h,1gg6
d34,h,18z0
d35,h,1je0
d36,h,84i
d37,h,1jm5
d3a,h,x8a
d3b,h,aef
d3c,h,6p2
d3d,h,16ed
d3f,h,flm
d3g,s,6p4
d3h,h,d3n
d3i,h,5ow
d3j,h,itx
d3k,h,7n5
d3l,h,yij
d3m,h,1akv
d3n,h,uz3
d3o,h,13lm
d3p,h,9e6
d3q,h,1d1l
d3s,h,tu7
d3t,h,is8
d3u,h,vl
d3v,h,7ui
d3w,h,1jm4
d3x,h,rti
d3y,h,d1i
d3z,h,b6c
d40,h,6p2
d41,h,p8s
d42,h,6np
d43,s,17mx
d44,h,tay
d45,h,ews
d46,s,ess
d48,h,t7f
d48,m,3b9
d49,h,cl2
d4a,h,fhx
d4c,h,9zg
d4c,m,uzl
d4c,m,zui
d4c,m,d4d
d4d,h,30n
d4d,m,a0r
d4h,s,cl0
d4k,h,1cbl
d4l,h,is3
d4m,h,12og
d4n,h,1ikw
d4o,h,1ikw
d4p,h,h86
d4q,h,1bkn
d4s,h,25e
d4t,h,1jjk
d4u,h,1iku
d4v,h,91u
d4w,h,60s
d4x,s,bok
d4y,h,162m
d50,h,11v3
d51,h,wiu
d52,h,1faw
d53,h,7bs
d54,h,18oe
d55,h,e2s
d57,s,qjs
d58,s,b9r
d5a,h,12bp
d5c,h,1kqj
d5e,h,1kqm
d5f,m,rtc
d5g,h,3p
d5h,h,1be3
d5i,h,b4x
d5j,h,17es
d5k,h,mb5
d5l,h,1478
d5m,s,d5w
d5m,s,12tv
d5m,s,waj
d5n,s,ftp
d5o,s,a2h
d5p,h,d5j
d5r,h,bqg
d5s,h,19qu
d5u,h,1bej
d5w,s,d5m
d5x,h,1bsf
d5y,h,11v3
d60,h,11un
d60,m,yuv
d60,m,d61
d61,h,re0
d61,m,asm
d62,h,ytl
d63,h,v0m
d65,h,m9b
d66,m,nv7
d66,m,18ac
d66,m,n5g
d66,m,d69
d67,m,d66
d6a,m,8sy
d6b,h,17jj
d6c,h,b1h
d6e,h,yvk
d6g,h,5sz
d6h,h,xib
d6i,h,df9
d6j,h,lcy
d6k,m,d6j
d6l,h,9rh
d6m,s,d6n
d6n,s,d6m
d6n,s,5ts
d6n,s,rmu
d6n,s,1bea
d6n,s,6h3
d6p,m,d6r
d6r,h,10d9
d6u,h,tu7
d6v,h,10mw
d6w,h,pbp
d6x,h,19mw
d6z,h,16h2
d70,h,vy8
d70,m,d71
d71,h,1iso
d72,m,1e3b
d72,m,d70
d73,h,d75
d74,m,1c8o
d74,m,14i8
d75,m,d72
d75,m,wyi
d75,m,9vs
d75,m,mna
d75,m,d74
d76,h,jkw
d77,h,hju
d78,h,a6e
d79,h,hjy
d7a,s,ugi
d7b,h,lnu
d7c,h,abw
d7d,h,olj
d7e,h,kk
d7f,m,1cur
d7g,h,sze
d7g,m,j42
d7h,h,1ar1
d7i,h,rwu
d7j,h,617
d7j,m,3zp
d7k,h,8ow
d7l,h,c1r
d7m,h,10vy
d7p,m,x9i
d7p,m,270
d7p,m,w4
d7p,m,1k8q
d7p,m,d7o
d7r,h,e1a
d7s,h,m4g
d7t,h,9m3
d7u,h,nau
d7v,h,1cdn
d7w,h,hqe
d7x,h,hqf
d7y,h,fs
d7z,h,15hc
d80,h,kvn
d82,h,1ap4
d83,h,16bs
d83,m,d88
d84,h,16bs
d84,m,d89
d85,h,16br
d86,h,16br
d87,h,ext
d88,h,kod
d89,h,kod
d8a,h,1iqu
d8c,h,k5l
d8e,s,1eig
d8f,h,swy
d8g,h,1ba0
d8h,h,13w4
d8i,h,n46
d8j,h,13w4
d8o,s,1b9h
d8q,h,1ba8
d8q,m,1dea
d8r,h,1eoo
d8s,h,n46
d8t,h,3if
d8u,h,d8h
d8v,h,n3w
d8w,h,kp3
d8x,h,7xu
d8y,h,xmm
d8z,h,gdx
d92,s,1id7
d94,m,sug
d95,h,oav
d95,m,d96
d97,h,m7x
d9a,h,aat
d9b,h,aat
d9c,s,1af9
d9e,h,18un
d9g,h,zlg
d9h,h,30f
d9i,s,3is
d9m,h,jn5
d9n,m,eyu
d9o,h,cyc
d9o,h,bs4
d9q,h,b7n
d9r,m,m6u
d9t,h,14ie
d9u,h,op0
d9v,h,1gqk
d9w,h,19qu
d9x,h,qvi
d9y,h,1ghu
d9z,h,kh
da0,h,3hd
da2,h,7n5
da4,h,hjf
da5,h,lio
da6,h,g3k
da7,h,1erg
da8,h,5ug
da9,m,dja
dac,h,d9s
dad,h,1dl5
dae,h,g1l
daf,h,cll
dah,s,1exd
dak,h,132u
dal,h,a4l
dam,s,o05
dan,h,de6
dap,h,132u
daq,h,h4o
daq,m,dau
dar,h,5jc
das,h,16sg
dat,h,1129
dav,m,29h
daw,m,1gzi
dax,h,kp9
daz,h,924
db0,h,1c1y
db1,h,aag
db2,h,xxy
db3,h,13ku
db4,h,now
db5,h,91v
db6,s,1jxq
db7,s,13uh
db8,s,18zs
db9,s,13kw
dba,h,zig
dbc,h,dvj
dbd,h,1abc
dbe,h,e47
dbf,h,qm
dbj,h,yzp
dbk,h,66v
dbm,s,qtx
dbm,s,yrc
dbn,s,1d16
dbo,s,r43
dbr,h,dbl
dbt,h,w63
dbw,h,1h4a
dbx,h,12f0
dby,h,51p
dbz,s,dc4
dc2,h,dde
dc3,h,lp9
dc4,s,11i7
dc4,s,1jrv
dc4,s,dbz
dc4,s,cwz
dc5,h,zbp
dc6,h,55p
dc7,h,1a64
dc8,h,158g
dcb,h,13nm
dcc,s,zdr
dcc,s,u40
dcc,s,1idy
dcc,s,10b
dcc,s,kt
dcc,s,u41
dcc,s,qal
dcc,s,bsr
dcc,s,zf6
dcc,s,1fzi
dcc,s,9tk
dcc,s,z4r
dce,h,khp
dcf,h,13kl
dch,h,1dpk
dcj,h,coi
dcl,h,fkh
dcm,h,18zj
dcn,h,13ue
dco,h,13wk
dcp,h,zg
dcq,h,iw5
dcr,h,8k
dcs,h,1580
dct,s,dnp
dct,s,5p3
dct,s,dnq
dct,s,ec
dcu,s,uf9
dcv,s,1kqo
dcw,h,qdz
dcz,h,1a35
dd0,h,5ri
dd0,h,lit
dd0,m,j1q
dd1,h,4h7
dd2,h,1duw
dd3,s,gew
dd4,s,1a27
dd8,h,m3x
dd8,h,16z2
dd9,h,6fc
dda,h,mxq
ddb,h,14ga
ddc,h,bc2
ddd,h,eoh
dde,h,19qq
ddf,h,twm
ddg,h,twm
ddh,h,126k
ddi,s,kch
ddi,s,15ud
ddi,s,1aiw
ddi,s,ddk
ddi,s,2qd
ddi,s,qay
ddi,s,199k
ddi,s,j7l
ddi,s,1aj3
ddi,s,ddl
ddi,s,19h8
ddi,s,owi
ddj,h,ght
ddk,s,ddi
ddl,s,ddi
ddm,h,11o7
ddn,m,g14
ddp,h,t7e
ddq,h,10b5
ddr,h,wvj
dds,s,1bbf
ddu,s,h0h
ddw,m,ddv
ddx,h,12op
ddy,h,k84
ddz,h,12oj
de0,s,22s
de1,s,1i5h
de2,h,bw7
de3,h,fkh
de5,s,1475
de6,h,e6w
de7,h,132u
de8,h,q0o
de9,s,56e
dea,h,13vq
deb,h,1dyv
deb,h,13a4
dec,h,13a7
ded,h,1g6t
def,s,byc
deg,h,br8
dei,h,91u
dei,h,bqa
dej,h,gux
dek,h,6nm
del,h,6nm
dem,s,1c1j
dem,s,11fa
dem,s,11yr
dem,s,19lq
dem,s,9mm
dem,s,q5z
den,s,oex
den,s,1ard
den,s,19tf
dep,h,19r2
deq,h,1gcc
der,h,lj0
des,h,mou
det,h,1koa
deu,h,vs1
dev,h,ile
dew,h,jed
dex,h,7vf
dey,h,1d81
dez,h,fyh
df0,h,zhk
df1,h,fyh
df2,h,1a2v
df3,h,e41
df4,h,61
df5,s,5e
df6,s,8hv
df7,s,e44
df8,s,f7i
df9,h,19dv
dfb,h,l5g
dfc,h,uya
dfd,h,eqp
dfe,h,olj
dff,h,wpq
dfg,h,ucg
dfh,h,xdt
dfi,h,10vk
dfj,h,1gc6
dfk,h,1e5o
dfl,h,1cxy
dfm,h,15sh
dfn,h,15sh
dfo,h,13vq
dfp,h,uya
dfq,h,11ff
dfr,h,lgi
dfs,h,4pe
dft,h,1a6n
dfu,h,15kj
dfv,h,jmg
dfw,h,119e
dfx,h,1a2r
dfy,h,iyl
dfz,h,fsa
dg0,h,e43
dg1,h,r7w
dg2,h,n3y
dg3,h,n3v
dg5,h,16je
dg6,h,aed
dg7,h,e41
dg8,h,1ekq
dg9,s,30d
dga,h,1ao7
dgc,h,1e67
dgd,h,1g76
dge,h,1ect
dge,m,nko
dgf,h,11y8
dgg,h,tv5
dgh,h,ews
dgi,h,1e5i
dgj,h,11t6
dgk,h,10sf
dgl,h,f8y
dgp,h,xjw
dgq,s,w2f
dgr,h,1cdn
dgs,h,10sg
dgt,h,f7k
dgu,s,1hyj
dgv,s,19rn
dgx,h,dz9
dgy,h,hk2
dgz,h,8lu
dh1,h,5y3
dh2,h,g1
dh3,h,185n
dh5,h,lst
dh6,s,1g4v
dh8,h,1e8c
dha,h,cvt
dhb,h,1kl6
dhd,h,qns
dhe,h,1kqf
dhg,h,ur0
dhh,h,nbm
dhl,h,ki1
dhm,h,1fom
dhm,m,11p5
dhn,h,19gc
dho,h,16h0
dhq,h,10vt
dhr,h,10vk
dhs,h,15u5
dhu,s,1iz1
dhv,s,oe5
dhv,s,5a4
dhw,s,1m7
dhw,s,9t7
dhw,s,1m9
dhx,s,11gr
dhy,h,1668
dhz,h,1c3i
di1,h,17nl
di2,s,17o7
di3,h,3es
di3,m,uhf
di4,h,1kcq
di7,h,i0h
dia,h,3p
dic,h,m5g
did,h,c3i
dih,h,a6
dii,m,14z5
dij,h,1e1d
dik,m,ehx
dil,m,1k6q
dil,m,1gt2
dim,h,1be5
dio,h,902
dip,h,bs4
diq,s,17o7
dir,h,wx9
dit,h,qn2
diu,h,pdk
div,s,eu9
diw,m,87l
diw,m,30s
diy,h,11qp
diz,s,fvf
dj1,h,11m9
dj3,m,55c
dj4,h,n79
dj5,h,8t7
dj6,m,i72
dj6,m,18ow
dj6,m,hfa
dj6,m,88s
dj6,m,194i
dj7,h,dj6
dj7,m,10lg
dj7,m,yxa
dj7,m,ln9
dj8,m,cmc
dj9,h,1kiy
dja,h,bj4
djc,s,1hee
djf,m,tjv
djf,m,8aw
djf,m,ysv
djf,m,dje
djf,m,djg
djh,h,ifo
dji,m,wdm
djk,m,ydb
djl,m,djk
djl,m,djh
djm,h,wq4
djn,h,1a64
djp,h,1l5
djr,h,1104
djv,h,jrt
dk2,h,dk6
dk2,h,lz9
dk3,h,147f
dk6,h,5g5
dk8,h,od6
dk9,h,148c
dk9,m,wbf
dk9,m,dkc
dkb,h,14pw
dkc,h,1d99
dkd,h,dk9
dkf,h,1g52
dkg,h,1bni
dkh,h,1h6b
dkl,h,ifo
dkm,h,1as9
dkn,m,dpi
dkn,m,dko
dko,h,ifo
dkp,h,tjc
dks,h,14o2
dkt,h,1d63
dkv,h,gss
dkw,h,12f3
dkx,h,7fz
dky,h,600
dkz,s,cl0
dl0,h,1o3
dl1,h,gpe
dl2,h,dje
dl8,h,1fc0
dl9,h,17dv
dla,h,12u2
dlb,h,w8u
dle,h,jfw
dlg,h,192w
dlh,h,n1f
dli,h,1duw
dlj,h,n1h
dll,h,ebd
dlm,h,xu3
dlp,h,oav
dlq,h,slk
dlq,m,ndp
dlq,m,oin
dlr,h,944
dlt,h,11t0
dlu,h,ki1
dlv,h,p3z
dlw,h,ybl
dly,s,11gr
dm2,h,hep
dm3,h,yxh
dm4,s,1606
dm5,s,ecn
dm6,s,1ep7
dm7,s,jf5
dm8,h,agw
dm9,h,jcv
dma,h,8n1
dmb,h,jd4
dmd,h,jd0
dmf,h,12e0
dmg,h,ki1
dmi,h,1aj7
dmj,m,1bmf
dmj,m,yp4
dmk,h,1aj6
dml,m,sio
dml,m,6mx
dml,m,ah2
dmm,h,1inm
dmq,h,ebu
dmr,h,pna
dms,h,mt1
dmt,h,im
dmu,h,in
dmv,h,bmx
dmx,h,ifo
dmy,h,g1l
dn0,h,4h5
dn1,h,jmz
dn2,h,z2o
dn4,h,91l
dn5,h,8id
dn7,h,91u
dn8,h,91v
dn9,s,4uy
dn9,s,4nk
dn9,s,pbi
dn9,s,6xt
dn9,s,53t
dn9,s,175y
dna,h,b2d
dnb,s,nq6
dnc,s,ess
dne,h,1eb6
dnf,h,eqm
dng,s,jb5
dnh,h,qs0
dni,h,1ecj
dnj,h,j2h
dnk,s,jb5
dnl,h,m80
dnm,h,1kib
dno,h,1ko4
dnp,s,dct
dnq,s,dct
dnr,h,ejj
dns,h,1cj7
dnt,s,qaf
dnu,h,11c5
dny,h,1k0d
dnz,s,1k03
do0,h,bxb
do1,h,1jsx
do2,h,do4
do3,h,99r
do4,h,dvb
do5,h,ews
do6,h,12dh
do7,h,ews
do8,h,16sl
do9,h,uvy
doc,h,12k6
dod,m,wys
doe,h,2zv
dof,h,10uj
dog,h,10ul
doh,h,xdt
doi,h,xdt
doj,h,xdt
dol,h,u8e
dom,h,11fm
don,h,11k5
doo,h,fx7
dop,h,oav
doq,h,18hm
dor,h,211
dos,s,her
dot,h,ghd
dou,h,127z
dov,h,18hm
dow,h,v3k
dox,h,ifo
doy,h,bc2
doz,h,8nw
dp0,h,2sg
dp1,s,10qz
dp1,s,1ggz
dp1,s,nwx
dp1,s,qvz
dp1,s,6pj
dp1,s,198a
dp1,s,ern
dp1,s,919
dp2,s,cxk
dp3,h,949
dp4,h,nlu
dp5,h,1dze
dp7,h,s2w
dpa,h,18j5
dpc,m,zo5
dpd,h,dny
dpj,h,1a64
dpk,h,yxx
dpm,s,jeg
dpn,s,111p
dpo,h,qdn
dpr,h,8zm
dps,h,im
dpt,h,v3
dpu,s,62u
dpw,h,rh3
dq0,s,719
dq1,s,gua
dq1,s,f7o
dq1,s,5lf
dq1,s,dqf
dq1,s,2fu
dq1,s,9rr
dq1,s,dqg
dq1,s,dqj
dq1,s,dqi
dq1,s,mdf
dq1,s,1ezd
dq1,s,fp
dq1,s,tsf
dq1,s,cue
dq2,s,dqh
dq3,h,pq3
dq5,s,719
dq6,s,b7r
dq8,s,q7w
dq9,s,q2q
dqa,h,5wr
dqb,h,91v
dqc,h,1enl
dqd,h,91u
dqe,s,zb5
dqf,s,dq1
dqg,s,dq1
dqh,s,dq2
dqi,s,dq1
dqj,s,dq1
dqm,h,18l3
dqn,h,1inz
dqo,h,b47
dqp,h,17jj
dqq,h,5l7
dqr,h,uh1
dqt,h,9c7
dqu,h,16gm
dqw,h,w01
dqx,h,16gk
dqz,h,13zf
dr0,h,1gvn
dr1,h,17vx
dr2,h,uls
dr3,h,5z3
dr4,h,239
dra,h,vz
drb,h,1f9f
drd,h,hep
dre,h,17tl
drh,h,ntf
dri,h,1fk5
drj,h,wsb
drk,h,bxf
drl,s,6xk
drm,s,1bza
dro,h,cll
drp,s,clo
drq,h,anb
drr,h,qno
drs,h,1bca
dru,h,dtg
drv,h,b0s
drw,h,vvy
drw,m,drv
drx,h,12oh
dry,h,13k1
drz,h,7ow
ds0,h,dtg
ds3,h,1ceh
ds3,h,ds5
ds4,h,eug
ds5,h,1duw
ds6,s,1hqm
ds7,s,qlt
ds8,s,1hin
ds9,s,1hin
dsa,s,1ha8
dsc,h,twn
dsd,h,ds5
dsf,h,z0r
dsg,h,qnp
dsi,h,a10
dsj,h,10dd
dsk,h,14o2
dsl,h,ckb
dsm,h,10d9
dsn,m,8c3
dsp,h,r9k
dsq,s,fhq
dss,h,cih
dst,h,13qi
dsv,h,er9
dsw,h,bzs
dt5,h,cp8
dt8,h,pna
dta,h,p3l
dtb,h,1ci8
dtc,h,1fon
dtd,h,4wx
dte,h,91v
dtg,m,ynn
dtg,m,dtj
dtg,m,p3k
dtg,m,ydu
dth,h,1fod
dtj,h,1fon
dtj,m,x76
dtl,h,i5w
dtm,h,1fon
dtn,h,zjq
dts,h,1bba
dtt,h,tc8
dtu,h,s1s
dtv,h,9g2
dtw,h,pn8
dtx,h,pna
dty,h,tr9
du0,s,uba
du1,h,tpb
du3,h,1dc9
du4,h,bh5
du5,s,bgy
du6,s,tj6
du8,h,6u3
du9,h,5rl
dua,h,1of
dub,s,5rf
duc,s,bgy
dud,s,q0a
duf,h,91u
dug,h,e43
duh,h,198n
duj,h,oqf
duj,h,a4l
duk,h,dui
dul,h,ffu
dum,h,fn8
dun,h,1f27
duo,s,xjv
duo,s,g62
duo,s,t2v
duo,s,1aqg
duo,s,ynh
duo,s,36x
duo,s,tpq
duo,s,35d
duo,s,5uc
duo,s,1csk
duo,s,alg
duo,s,6qi
duo,s,dxe
duo,s,e9u
duo,s,inm
duo,s,j8z
dup,s,tpt
dup,s,iye
duq,h,11c5
duq,m,dv7
dur,h,1fod
dus,s,13dc
dut,s,iyd
duu,s,qva
duv,s,qv9
dux,s,1i42
duy,s,1cg3
duz,s,iyc
dv0,s,qij
dv1,s,qtb
dv2,s,ykj
dv3,s,b3m
dv4,s,1heb
dv5,s,q2q
dv6,h,qn5
dv7,h,11k5
dv8,h,91u
dv9,h,16ub
dva,h,91v
dvb,h,91u
dvc,h,bzf
dvd,s,gqu
dve,h,vdx
dvf,h,fmd
dvi,h,1a73
dvj,h,12oh
dvk,h,1id6
dvl,h,1akv
dvm,s,z2q
dvo,s,jfh
dvp,s,jfh
dvq,s,1g4v
dvr,s,1i2i
dvs,s,1j6o
dvt,h,qik
dvu,h,q3b
dvw,s,1hfl
dvx,h,6ku
dvy,s,dw4
dvz,h,11c5
dw0,s,o54
dw2,h,eq2
dw3,h,do4
dw4,s,dvy
dw5,s,ufu
dw7,h,1g9r
dw8,h,5z0
dw9,h,16t2
dwa,h,fuz
dwb,h,1ik
dwc,h,im
dwd,h,1g9q
dwe,h,4xp
dwf,h,fuq
dwg,h,10vl
dwh,h,dwd
dwi,h,k2f
dwj,h,198t
dwl,h,1gi2
dwm,h,r37
dwq,h,hbu
dwr,h,873
dws,h,16o1
dwt,h,132u
dwu,s,a8u
dwv,s,1agf
dww,s,isl
dx0,h,ssd
dx1,h,18jv
dx2,h,91l
dx4,h,1cj7
dx5,h,hq3
dx6,h,hq3
dx8,h,sgh
dx9,h,1ii1
dxb,h,4ub
dxc,h,sgh
dxd,s,pt5
dxe,s,duo
dxg,h,15dx
dxh,h,1d96
dxi,h,4w8
dxj,h,am6
dxk,h,kfn
dxl,h,13no
dxm,h,sxl
dxn,h,imr
dxo,h,13nr
dxp,h,evm
dxq,s,uhc
dxr,h,11k5
dxs,s,fky
dxt,s,14xa
dxu,s,btj
dxv,h,14dy
dxw,h,bmz
dxx,h,nt1
dxy,h,fq8
dxz,s,pt2
dy0,h,tdt
dy1,s,ge3
dy1,s,dy3
dy2,h,1jt0
dy3,s,dy1
dy4,h,hze
dy5,h,d1
dy6,s,1606
dy7,h,vb6
dy8,h,rnw
dy9,h,zig
dya,h,14x9
dyb,h,r7q
dyb,h,16id
dyc,h,17qf
dye,h,qb3
dyf,h,tlx
dyg,h,z0j
dyh,h,g0w
dyi,h,11k5
dyj,h,c9u
dyk,h,13ye
dyl,h,176s
dyn,h,13kd
dyo,h,rb1
dyp,h,12fj
dyq,h,11fh
dyr,h,1kib
dys,h,1fon
dys,m,1kuj
dyu,s,qhg
dyv,h,aij
dyw,h,12ua
dyx,h,eqm
dyz,h,2zw
dz1,m,w7h
dz2,h,ek3
dz3,h,tb9
dz4,h,138o
dz5,h,1gbr
dz6,h,sfx
dz7,h,inn
dz8,h,sgh
dz9,h,8v4
dza,h,d4d
dzb,m,dza
dzc,m,dz9
dzd,h,16ed
dzf,h,3e9
dzj,h,xxy
dzk,h,e3z
dzm,h,1i93
dzo,h,91v
dzp,h,91v
dzq,s,1i90
dzr,s,fkq
dzs,h,1j20
dzt,h,wol
dzu,h,1kqy
dzv,h,e42
dzw,h,91u
dzx,h,91l
dzy,h,15dx
dzz,h,1buk
e00,m,9o7
e00,m,9o6
e01,h,144u
e02,h,16qb
e04,s,16qc
e05,s,wv5
e06,s,wv5
e09,h,1c56
e0a,h,91u
e0b,s,15wj
e0b,s,u79
e0c,s,8uk
e0d,h,j9p
e0e,s,1i4v
e0f,s,fkq
e0h,h,fks
e0i,h,m4g
e0l,h,hqf
e0m,h,qgt
e0n,h,euf
e0p,s,e1b
e0q,h,i3o
e0r,s,6wm
e0s,s,7lu
e0t,m,mq0
e0u,h,vcx
e0v,m,8tw
e0w,h,yvk
e0x,s,14ts
e10,h,91n
e11,h,sfx
e12,h,esq
e13,m,8ty
e14,h,15i4
e16,h,9kk
e17,h,s31
e18,h,16t2
e19,h,16t2
e1b,s,11em
e1b,s,jfs
e1b,s,e0p
e1c,s,1htl
e1d,s,e8g
e1h,h,16p9
e1j,h,12e0
e1k,h,10ap
e1l,h,12zy
e1m,h,4pe
e1n,h,e3g
e1o,h,4sc
e1p,h,31c
e1q,h,vco
e1r,h,l30
e1s,h,h4o
e1t,h,11ff
e1u,h,147p
e1v,h,zm3
e1w,h,15pt
e1x,h,1cjh
e1y,h,1f4p
e1z,h,1cjh
e21,h,1cjb
e22,h,yt
e23,h,igf
e24,h,3ns
e25,h,12fc
e26,h,1cjb
e27,h,13ur
e28,s,3sb
e28,s,1gi
e28,s,37n
e28,s,25i
e28,s,13ws
e29,s,itt
e2a,h,e41
e2b,s,1hem
e2c,h,l5f
e2e,h,qmr
e2e,m,ysz
e2f,h,9zb
e2h,h,1634
e2h,h,go
e2i,h,e3z
e2j,h,bc2
e2k,h,e42
e2l,h,glu
e2m,h,ep9
e2n,h,qmo
e2o,s,eph
e2q,h,iz7
e2r,h,171r
e2s,h,r18
e2t,h,uqz
e2u,h,d5e
e2v,h,y1s
e2w,s,y1m
e2y,h,tms
e2z,h,15n4
e30,h,19dw
e31,h,dzp
e33,h,dzm
e34,h,9c9
e35,h,dzj
e36,h,16sb
e37,h,e2u
e38,h,gzo
e39,h,ppv
e3a,h,15vc
e3d,h,a29
e3e,h,16ea
e3f,h,tmo
e3g,h,91u
e3h,h,ouz
e3i,h,31c
e3j,h,3so
e3m,h,31s
e3n,s,1949
e3p,h,1d7b
e3q,h,16ed
e3r,h,zig
e3s,h,144u
e3t,h,fu0
e3u,h,iyl
e3v,h,iyl
e3w,h,dzu
e3w,h,cf
e3x,h,hy8
e3y,h,91l
e3z,h,13ud
e40,h,1t5
e43,h,91u
e44,s,3hx
e44,s,1a5y
e44,s,wjv
e44,s,f89
e44,s,df7
e44,s,4me
e44,s,16dx
e44,s,3hv
e44,s,4za
e45,s,f8a
e45,s,j95
e45,s,gva
e45,s,emg
e46,s,e4c
e46,s,158w
e47,h,ih
e48,h,e21
e49,s,l2d
e4a,h,eu2
e4b,h,1bc7
e4c,s,e46
e4d,h,e42
e4e,h,teq
e4f,h,132t
e4g,s,d09
e4h,h,czu
e4i,h,q40
e4j,h,m8t
e4k,h,387
e4l,s,1800
e4l,s,exp
e4l,s,exq
e4m,h,jse
e4n,h,8w4
e4o,h,w51
e4p,h,mg
e4q,h,15la
e4r,h,15la
e4s,s,e50
e4t,s,1iu
e4u,h,1dp4
e4v,h,30w
e4w,h,1iy
e4x,h,qky
e4y,h,15ll
e50,s,e4s
e50,s,pp6
e50,s,pp7
e50,s,ql0
e51,h,tdt
e52,h,1951
e53,h,11y3
e54,h,hcs
e55,s,ib8
e56,s,oph
e57,s,13xz
e57,s,o3o
e58,s,6ct
e58,s,8y
e58,s,13y0
e59,h,wc0
e5a,h,z4s
e5d,s,13xx
e5e,s,ft2
e5f,s,r20
e5g,s,aqp
e5h,s,1fbd
e5i,s,1k7n
e5j,s,t0j
e5k,s,uhd
e5l,s,30d
e5m,h,hvf
e5n,h,91v
e5o,h,ewc
e5p,s,r2a
e5r,h,en9
e5t,h,17t2
e5t,m,1kgt
e5t,m,2dp
e5t,m,k6e
e5t,m,18wx
e5v,h,tay
e5w,h,ntm
e5x,h,va5
e5y,h,dn6
e5z,h,fo4
e60,h,954
e61,h,ev7
e62,h,61
e62,h,uf3
e63,h,j5v
e64,h,j5g
e65,h,zl1
e66,h,67
e67,h,dyi
e68,h,btk
e6a,h,hqy
e6a,h,j5w
e6b,s,to8
e6b,s,1dfc
e6c,h,11c5
e6d,s,1ia0
e6e,h,16of
e6f,h,11mb
e6g,h,hga
e6h,h,11k5
e6i,h,pvu
e6j,h,fdm
e6k,h,pvu
e6l,h,kbe
e6m,s,pvt
e6n,s,3l
e6p,h,pvu
e6q,h,2tp
e6r,h,13np
e6s,h,146u
e6u,s,rfw
e6v,h,u2x
e6w,h,13kz
e6x,h,ast
e6y,s,e7i
e6z,h,1fib
e70,h,hak
e71,h,wer
e72,h,146z
e73,h,1es3
e74,h,s7a
e75,h,anb
e76,h,zoy
e78,h,146z
e79,h,12g
e7a,h,12g
e7c,h,13ub
e7e,s,1jef
e7f,s,1hav
e7g,h,1jee
e7h,h,80b
e7i,s,2dd
e7i,s,2ae
e7i,s,e6y
e7i,s,2de
e7j,h,3if
e7k,s,2gr
e7l,h,1d96
e7o,h,19ck
e7p,h,12ru
e7q,h,cjf
e7r,s,16qh
e7u,h,2g
e7v,h,ra7
e7w,h,8zm
e7x,h,16p0
e7y,s,z2k
e7y,s,qz9
e7y,s,15mt
e80,s,q2y
e81,s,ymw
e82,h,qzg
e83,h,ssd
e84,h,18qc
e85,h,tlx
e86,h,kxx
e87,h,10va
e88,h,va5
e89,s,q1v
e8a,s,eu5
e8b,h,1bt7
e8c,h,94e
e8d,h,1a4e
e8f,s,ftp
e8g,s,ftr
e8g,s,8wk
e8g,s,e1d
e8h,s,8wi
e8i,h,itk
e8j,h,ftz
e8k,s,itt
e8l,s,ba4
e8m,h,atm
e8n,h,am8
e8o,h,1gzv
e8p,h,emb
e8q,h,91u
e8r,h,15x6
e8s,h,e42
e8t,h,i7i
e8v,h,e41
e8x,h,j4f
e8y,h,1gzr
e8z,h,1gzr
e90,h,28
e91,h,51v
e92,h,xe4
e94,s,cyu
e95,h,ews
e96,h,dn6
e97,h,19my
e98,h,c4i
e9a,s,t97
e9b,h,eji
e9e,h,a2w
e9g,h,ejh
e9h,h,91u
e9i,h,923
e9j,h,19qu
e9k,h,91l
e9m,h,zf
e9n,h,1130
e9o,h,fxi
e9p,h,fsg
e9q,h,o21
e9r,s,ta
e9t,s,qtb
e9u,s,duo
e9v,h,16ed
e9w,h,16oq
e9x,h,hhm
e9y,h,8zr
e9z,s,1hg0
ea1,h,16ed
ea2,h,eem
ea3,h,u
ea4,h,13ud
ea5,h,1gbh
ea6,s,9ov
ea7,h,c1f
eaa,h,1kne
eab,h,m4g
eac,h,143k
ead,h,1cj7
eae,m,wlw
eaf,h,iv0
eah,h,uv6
eai,h,eag
eaj,h,eag
eak,h,i8g
ean,h,16ed
eap,h,ea8
eaq,h,1egq
ear,h,vsw
eas,s,yl6
eat,h,goh
eau,h,13ku
eav,h,goh
eaw,s,1htf
eax,h,gop
eay,h,1fdr
eaz,h,iz7
eb1,h,1kki
eb2,s,pt5
eb3,h,bc2
eb4,h,hji
eb5,h,1kni
eb6,h,plq
eb7,h,ik4
eb9,h,m4g
eba,h,15eq
ebe,h,1994
ebf,s,mdg
ebf,s,93i
ebf,s,mex
ebf,s,ub4
ebh,h,ems
ebi,m,mqa
ebj,m,u1u
ebl,h,ucd
ebo,h,1ed
ebq,m,1kas
ebq,m,ebn
ebq,m,g9x
ebr,h,1ee
ebs,h,1qp
ebt,h,1121
ebu,h,q2w
ebv,h,dzv
ebw,h,1jg4
ebx,s,16ug
eby,h,11k5
ec0,s,1ep7
ec1,s,er1
ec2,h,2kn
ec3,h,16jo
ec4,h,ec5
ec5,h,2ke
ec6,h,3nr
ec7,h,16ed
ec8,s,nq6
ec9,h,xnw
eca,h,h5g
ecb,h,16ea
ecc,h,ikw
ecd,h,gyy
ecf,s,r1y
ecg,h,fj5
ech,h,bn4
eci,h,1ffk
ecj,s,1ffe
eck,h,1eoo
ecl,h,1aze
ecm,h,1edw
ecn,s,10xn
ecn,s,l23
ecn,s,1eyv
ecn,s,dm5
ecn,s,icv
eco,s,1anp
ecp,s,6p4
ecq,s,1eyp
ecr,s,f4j
ecs,s,19cb
ecu,h,1a1g
ecx,h,12hg
ecz,s,12h9
ed1,s,12hc
ed4,h,gfc
ed5,h,epn
ed6,s,el6
ed6,s,epo
ed6,s,ezn
ed7,h,gg6
ed8,h,yly
ed9,h,y3n
eda,h,wn8
edb,h,1kqy
edc,s,n7x
edd,s,gq0
ede,s,pef
edf,s,pow
edg,s,1k8x
edj,h,w0y
edk,h,14cs
edl,h,m4g
edm,h,1ehk
edn,h,6uq
edo,h,1iku
edq,h,m8g
edr,h,1fib
edt,h,13vw
edu,h,11k5
edv,h,1geg
edw,h,5ic
edx,h,c05
edy,h,ii
edz,h,hn0
ee0,h,opj
ee1,h,16ed
ee4,s,143v
ee5,m,11re
ee5,m,ee8
ee5,m,1h1f
ee5,m,zmr
ee5,m,g3c
ee6,h,ki1
ee9,h,1jg
ee9,h,m1b
eeb,h,tjc
eed,s,1af9
eee,h,jw8
eeg,h,wnk
eeh,h,e0d
eei,s,y8z
eej,s,1i4w
eek,s,174z
eel,s,her
eem,h,xxy
een,h,i62
eeo,h,91u
eeq,h,12s6
eer,h,hyy
ees,h,16lk
eeu,h,kh
eev,h,16lm
eew,h,9x0
eex,h,9x0
eey,h,1dpx
eez,h,16lm
ef0,h,11k5
ef1,s,1791
ef1,s,ipq
ef1,s,1cpo
ef1,s,y2r
ef2,h,fu0
ef3,h,tv6
ef4,h,1iph
ef5,s,1hn7
ef6,h,1g8v
ef7,h,qua
ef8,h,vd0
ef9,h,1kny
efc,h,t8s
efd,h,6c5
efe,h,fej
eff,h,1l1x
efh,h,9zd
efi,h,1104
efk,h,1gax
efl,h,91u
efn,h,ebd
efp,h,ffu
efq,h,ffu
efr,h,12s2
eft,h,12s6
efu,h,vz
efv,s,12zc
efv,s,16jq
efv,s,10t7
efv,s,a06
efv,s,16kx
efv,s,10qx
efv,s,10qw
efx,s,ay1
eg0,h,91v
eg1,h,91u
eg2,h,15og
eg4,h,1bag
eg6,h,1ck9
eg7,h,1bah
eg8,h,esh
eg9,h,m4i
ega,s,esk
egb,h,esq
egc,h,km
egd,h,1f27
ege,h,evl
egf,h,x2z
egh,s,ij1
egi,h,91u
egk,s,q8p
egl,s,z3d
egn,h,147q
ego,s,q8p
egp,h,1a4b
egq,h,147n
egr,h,142a
egt,s,i1o
egt,s,h88
egu,s,qys
egv,h,1422
egx,h,1ers
egy,h,1847
egz,h,1620
eh0,h,ea8
eh1,h,bh4
eh2,h,emu
eh3,h,bgv
eh4,s,11mc
eh5,s,fhq
eh7,h,ec5
eh9,h,ogc
eha,s,ay1
ehb,h,91n
ehd,h,vua
ehe,s,1bbf
ehf,h,yzx
ehg,h,yzt
ehh,h,12gv
ehj,h,94w
ehk,h,ebu
ehl,h,12gw
ehm,h,1hwv
ehn,h,17jj
ehp,h,91u
ehq,h,91u
ehr,h,91u
ehu,h,zml
ehw,m,1kv7
ehw,m,5lx
ehz,s,14xb
ei1,h,37p
ei2,h,e7c
ei3,h,1hwy
ei4,h,aka
ei5,h,fq8
ei6,h,fo4
ei7,h,j2h
ei8,h,924
ei9,h,zou
eia,m,2u6
eia,m,c3h
eia,m,1kzj
eia,m,dox
eib,h,yl4
eib,m,4z8
eib,m,bif
eic,h,9zb
eif,s,192q
eig,h,q6c
eii,h,fyu
eij,s,ixm
eij,s,2iz
eij,s,15zu
eij,s,15zt
eik,s,u1w
eil,h,eqv
eim,h,vqw
ein,h,16t2
eio,h,1bfk
eip,h,smf
eiq,h,25e
eir,h,qnf
eis,s,1fbe
eit,s,pvg
eiu,s,o33
eiv,s,1dce
eix,h,1dcg
ej0,h,vrx
ej1,h,b0r
ej2,h,bm5
ej3,h,5qf
ej6,h,1fg5
ej7,s,17my
ej8,h,1fyc
ej9,s,17my
eja,h,a2c
ejc,h,65p
eje,h,vu9
ejf,h,19j8
ejf,m,1fya
ejh,h,16ea
eji,h,a2w
ejl,h,bvo
ejm,h,fo1
ejn,h,1kgv
ejo,h,say
ejp,h,bxb
ejq,h,few
ejr,h,8q1
ejs,h,1fuv
ejt,h,91u
eju,h,91v
ejv,h,yuq
ejw,h,yuq
ejx,h,yup
ejy,h,yuq
ejz,h,12ul
ejz,m,lxe
ek0,h,85d
ek1,h,yuq
ek2,h,tb9
ek3,h,tb9
ek4,h,wd8
ek5,h,fyi
ek7,h,193b
ek9,m,xwg
eka,m,e7b
eka,m,1hxh
eka,m,e7a
eka,m,1hxg
eka,m,xwj
eka,m,e79
eka,m,1hxm
eka,m,xwc
ekd,m,xwe
ekd,m,8tn
ekd,m,kp7
ekd,m,1hxp
eke,m,jk4
ekf,m,jk0
ekf,m,jjz
ekf,m,gn4
ekf,m,1hxl
ekg,m,z4h
ekh,m,7b1
ekh,m,7b0
ekj,m,r5r
ekj,m,7az
ekk,m,1gei
ekk,m,jjy
ekm,h,w1z
ekp,h,ii
ekq,h,4pe
eks,h,16r2
ekt,s,1gtx
eku,s,1clh
ekv,s,1bki
ekw,h,15pa
ekx,h,1cj7
eky,s,10o5
eky,s,1hje
eky,s,o7x
eky,s,1e72
eky,s,r3r
eky,s,16b9
el0,s,bcc
el1,s,n0
el4,h,yzv
el5,h,91u
el6,s,ed6
el8,h,11xm
el9,h,aqg
ela,h,a21
elb,h,b5l
elc,h,ccs
eld,s,nex
elf,s,qzh
elg,h,e41
eli,s,411
elj,s,ql4
ell,h,smf
elm,h,b30
eln,h,1330
elo,h,1c58
elp,h,13if
elq,h,91o
elr,h,91u
els,h,1a5m
elu,h,hak
elv,h,zvo
elx,h,lgw
ely,h,1940
elz,h,n5l
em0,h,760
em1,h,m8h
em2,h,dj
em3,h,r7q
em4,h,zvs
em5,h,rej
em6,h,j3y
em8,s,cb8
em9,h,1gbw
ema,h,fee
emb,h,fo3
emc,h,13bk
emd,h,fo5
eme,h,evm
emf,h,e42
emg,s,e45
emh,h,e41
emj,h,12l3
emk,h,fhl
eml,h,uhv
emm,h,1jsx
emn,s,3da
emn,s,1bim
emn,s,xuc
emn,s,16a8
emo,s,uhc
emp,s,1fc8
emq,s,5wz
emq,s,1bgb
emt,h,cwt
emu,h,1815
emw,h,b7n
emy,h,14n8
emz,h,1a85
en2,h,y6e
en3,h,ews
en4,h,pz
en5,h,1eg7
en6,h,1kgv
en7,h,1knd
en8,s,1hlb
en9,h,ixs
ena,h,eac
enb,h,164d
enc,h,u
end,h,3iy
ene,h,zoy
enf,h,2ke
eng,h,t6i
enh,h,38x
eni,h,tev
enj,h,12n
enk,h,17z2
enl,h,1gg6
enm,h,woi
eno,h,qua
enp,h,uhw
enq,h,io8
enr,h,tmu
ens,h,111z
ent,s,y3o
enu,h,y3m
enu,h,1kqz
env,h,wte
enw,h,fqu
enx,h,fhy
eny,s,fqy
eo0,s,eog
eo1,h,4x9
eo2,h,qky
eo4,h,gg8
eo5,h,gg8
eo6,h,ii
eo8,h,b5l
eo9,h,1kki
eoa,s,eog
eob,h,tdt
eoc,h,z2y
eod,h,ijl
eoe,h,uya
eog,s,129m
eog,s,eo0
eog,s,eoa
eoh,h,7oe
eoi,h,itk
eol,m,gzb
eom,h,h47
eoo,h,1bsg
eop,h,vu9
eor,h,lhm
eot,h,1d2i
eou,h,5j
eov,s,1hft
eow,h,l30
eox,h,cp8
eoz,h,1263
ep0,h,1a64
ep1,h,j7h
ep2,h,1gax
ep3,h,91v
ep5,h,cc
ep6,h,1agv
ep7,h,fhu
ep9,h,1gg6
epa,h,169s
epb,s,eph
epc,s,169g
epe,h,xea
epf,h,tjc
epg,h,twk
eph,s,gmg
eph,s,gam
eph,s,e2o
eph,s,gl6
eph,s,epb
eph,s,157o
epi,h,922
epj,h,xan
epk,h,siz
epl,h,1awe
epm,s,iwa
epn,h,19ju
epo,s,ed6
epp,h,1cjh
epr,h,sh7
epv,h,qnp
epw,h,1c7b
epx,h,36n
epy,h,920
epz,s,13wh
eq1,h,e3z
eq2,h,91u
eq3,h,91u
eq4,s,yvv
eq5,h,5gb
eq5,h,1g6f
eq5,m,yyt
eq6,h,tb9
eq8,h,1505
eq9,h,1kqy
eqb,h,1kgl
eqc,h,bm6
eqd,h,4pe
eqf,s,1ko7
eqg,h,1ko2
eqi,s,go0
eqj,h,y1c
eql,h,2yj
eqm,h,e3i
eqn,h,1ams
eqo,h,r1x
eqp,h,cs1
eqr,h,cs1
eqs,h,m3o
eqt,h,r1w
equ,s,q76
eqw,h,eub
eqx,s,jej
eqy,h,12bh
eqz,s,30d
er0,h,mkb
er1,s,ec1
er1,s,hzt
er1,s,13g5
er1,s,12ku
er1,s,clb
er2,s,hg4
er3,h,jlr
er4,h,1eyj
er5,h,2xu
er7,h,16lm
er8,s,yr6
er8,s,3rq
er8,s,orv
er8,s,3e5
er8,s,clc
er9,h,1ecf
er9,m,gg2
era,h,1fyt
erc,s,q8k
ere,h,xxy
erf,h,bc2
erg,h,jlr
eri,s,oxq
erk,h,cvw
erl,h,1hrz
erm,s,16p7
ern,s,dp1
ero,s,6m9
erp,s,pvl
erq,s,cxk
ers,h,15pz
ert,s,ij1
erv,s,1hzw
erw,h,fqp
erx,s,v16
erz,s,esk
es0,h,erh
es1,h,emu
es2,s,oxq
es4,s,1hiw
es6,h,cin
es7,h,91l
es8,h,j9
es9,h,91v
esa,h,91u
esb,h,mgv
esc,h,zmv
esd,h,nne
ese,h,8nw
esf,s,12y5
esg,h,138w
esh,h,1i02
esj,h,sfx
esk,s,j8x
esk,s,18q6
esk,s,19sk
esk,s,6xs
esk,s,erz
esk,s,5rc
esk,s,7cs
esk,s,g5j
esk,s,1g2c
esk,s,1kp4
esk,s,iym
esk,s,5ve
esk,s,k0b
esk,s,253
esk,s,ega
esl,s,uf9
esm,h,1jm5
eso,h,esh
esq,h,1f27
esr,h,hqy
ess,s,257
ess,s,d46
ess,s,5p6
ess,s,pkz
ess,s,15fu
ess,s,i7l
ess,s,1jo7
ess,s,8is
ess,s,8ob
ess,s,dnc
esu,h,14te
esv,h,q2l
esw,s,14mc
esx,h,fgv
esy,h,19dx
esz,h,19e0
et0,s,a0b
et1,s,l64
et1,s,199r
et2,s,19dr
et3,s,1hgg
et4,s,1hzy
et5,s,1hrf
et6,h,19e9
et7,m,k7x
et8,h,j48
et9,h,10se
eta,h,fj4
etb,h,lq9
etc,h,haq
etd,h,387
ete,s,886
etf,h,qno
etg,h,13s2
eth,h,1c7b
eti,s,11dd
etj,s,ysj
etk,s,19c3
etk,s,11d8
etk,s,o0i
etl,s,ysl
etm,h,11dh
etn,h,fi2
etp,h,12r8
etq,h,rea
etr,h,ews
ets,h,15tq
etu,h,gzo
etv,h,bfa
etw,h,14je
etx,h,fee
ety,h,1k0g
etz,h,a2c
eu0,s,14lf
eu1,h,dzo
eu2,h,dzm
eu3,h,e2i
eu4,h,fho
eu5,s,337
eu5,s,e8a
eu8,s,k5v
eu9,s,div
eua,h,13et
eub,h,fi2
euc,h,16p9
eud,h,e1a
euf,h,8o2
euh,h,1bt8
euj,s,338
euk,s,16p7
eul,s,1da1
eum,s,19kp
euq,s,19kp
eur,h,oj6
eus,s,13ns
euu,h,fxi
euw,h,iun
euy,h,17cx
euz,h,ewl
ev0,h,1jkd
ev1,h,1ghu
ev2,h,1gi1
ev4,h,16ed
ev5,h,fo4
ev6,h,fo5
ev7,h,dix
ev9,h,dn4
evb,h,vlw
evd,h,1fm2
evf,h,rnf
evg,h,10ta
evh,m,w9e
evi,h,pd6
evj,h,166l
evk,h,e41
evl,h,eaa
evm,h,91u
evn,h,18un
evn,h,1e6k
evo,h,106o
evp,h,eu2
evq,h,jlr
evr,h,17s4
evs,h,cry
evt,h,91v
evu,h,nna
evv,h,n3u
evw,h,91u
evx,h,lya
evy,h,91v
evz,h,91u
ew0,h,1dsl
ew1,h,12f0
ew2,h,12f0
ew3,h,b4h
ew4,h,ir5
ew5,s,kx7
ew5,s,vo0
ew6,s,qhq
ew7,s,q12
ew8,h,csc
ewb,h,q16
ewc,h,13ud
ewd,h,91l
ewe,h,fva
ewf,h,q17
ewg,h,13uj
ewh,h,192t
ewl,h,1gzr
ewm,h,f3v
ewn,h,fxc
ewo,h,1iqe
ewp,h,1ck9
ewq,h,i80
ewr,h,3s
ews,h,qz5
ewt,h,iwk
ewu,h,v5f
ewv,h,eqm
eww,h,hje
ewx,h,q6c
ewy,s,1hh7
ex0,h,imm
ex1,h,c1f
ex2,s,ij1
ex3,s,12g5
ex5,h,ij2
ex6,s,qeu
ex7,s,1ic5
ex8,s,qet
exa,h,qf0
exb,h,rdc
exc,h,1ka4
exd,h,m64
exd,h,qpu
exe,h,54e
exf,h,13w0
exg,h,1jsx
exh,h,12ru
exi,h,ec6
exj,h,ec5
exk,h,1knd
exm,h,8n1
exo,h,16n8
exp,s,e4l
exq,s,e4l
exs,h,ugl
ext,h,axm
exu,h,13bj
exv,h,19i5
exw,s,124a
exx,h,esi
exy,h,hv6
exz,h,h0u
ey0,h,h0u
ey1,h,h10
ey2,s,16bv
ey4,h,11z0
ey5,h,bbh
ey8,h,5lt
ey9,h,55p
eya,h,glm
eye,h,1ao7
eyf,h,cc4
eyg,s,eyj
eyh,h,ok
eyj,s,eyg
eyl,h,12vi
eym,h,1tc
eyn,h,3p
eyo,s,a7y
eyp,h,mep
eyq,h,1gi7
eyv,h,6qq
eyy,m,12tz
eyy,m,12vv
eyz,h,eyy
ez1,h,1a85
ez2,s,pow
ez4,h,1bj1
ez6,s,fis
ez7,h,vd3
ez8,s,pm2
ez9,h,1wq
eza,h,1wq
ezb,h,eqw
ezd,s,948
eze,h,1bsg
ezh,h,twj
ezh,h,twl
ezi,h,19j9
ezj,s,z0q
ezl,h,gg6
ezm,h,gfc
ezn,s,ed6
ezp,h,j32
ezq,h,bx7
ezr,h,qdz
ezs,h,1983
ezt,h,zi3
ezu,h,9m3
ezy,h,11qw
ezz,h,bvp
f01,h,ua5
f02,h,15eo
f03,h,tyl
f04,h,1kcg
f05,h,1ehf
f06,h,18um
f06,m,kk
f08,h,19dw
f09,m,ztd
f0c,h,uul
f0d,h,tgj
f0d,m,155h
f0g,s,f3y
f0j,h,rwr
f0k,h,85f
f0m,h,15fh
f0p,s,ua2
f0q,m,1234
f0s,h,ls6
f0t,h,j2h
f0u,s,1fc8
f0w,h,vua
f0y,h,vyq
f0y,h,xlb
f0z,h,bv2
f10,h,fmd
f14,h,1kqg
f15,h,1e8c
f16,s,1hgq
f17,h,1kqj
f18,h,s1s
f1a,h,60z
f1b,h,fp0
f1c,h,fuy
f1d,h,fmp
f1e,h,zhi
f1f,h,14ho
f1h,h,wtr
f1i,h,19cj
f1j,h,1dw
f1j,h,11vj
f1k,h,jxb
f1k,h,gyn
f1n,s,1fwd
f1o,h,546
f1q,h,8mq
f1s,h,12bs
f1t,h,f58
f1u,h,9wu
f1w,h,lp1
f1z,h,9jp
f20,h,12t5
f20,h,qup
f21,s,fxp
f23,h,9zv
f24,h,12i8
f26,h,etp
f29,h,y3s
f2a,h,3zs
f2b,h,qvg
f2d,s,pug
f2e,h,21i
f2h,h,17sa
f2i,h,13r1
f2j,h,15i6
f2k,h,mnf
f2l,h,1bub
f2m,h,vnp
f2n,h,1brt
f2o,h,17so
f2r,h,3o9
f2t,s,qys
f2v,h,azh
f2z,h,d6g
f31,h,dgo
f32,h,924
f33,h,1dm2
f34,h,6ox
f35,h,jlf
f36,h,fl
f38,h,12f0
f39,h,91v
f3a,h,fdz
f3e,m,1f6n
f3e,m,127w
f3e,m,qo9
f3e,m,pig
f3g,h,r5n
f3h,h,jcn
f3i,h,tew
f3j,h,jcn
f3k,h,jeo
f3l,h,jev
f3m,h,jew
f3o,h,jcn
f3p,h,11k5
f3q,h,tpj
f3s,h,ic7
f3t,h,1bsf
f3w,h,14te
f3x,h,91m
f3y,s,1iqc
f3y,s,19lk
f3y,s,zk0
f3y,s,bwk
f3y,s,f0g
f3y,s,bwa
f3y,s,fwx
f3y,s,fo7
f3y,s,fwz
f3y,s,39q
f3y,s,fwy
f3y,s,ftq
f3y,s,2dh
f3z,s,zur
f40,s,1icg
f41,s,zur
f42,h,f3w
f44,s,fu2
f47,h,f3w
f4a,h,7o8
f4b,h,evv
f4e,s,1bsn
f4f,h,fiu
f4g,h,vmm
f4h,h,11k5
f4j,s,19gq
f4j,s,1ff1
f4j,s,8l6
f4j,s,2sd
f4j,s,1j0n
f4j,s,1pc
f4j,s,3tk
f4j,s,1ehp
f4j,s,1grd
f4j,s,l1t
f4j,s,xvs
f4j,s,428
f4j,s,ob8
f4j,s,17fv
f4j,s,ecr
f4j,s,17rw
f4j,s,1gud
f4l,h,bc2
f4m,h,14te
f4n,h,1fp6
f4p,s,16nd
f4r,h,19dz
f4u,s,fuw
f4v,s,1405
f4w,h,1c58
f4x,s,fuw
f4z,h,424
f51,s,fv3
f52,h,xxy
f53,h,1c52
f54,h,1akh
f55,h,ej3
f56,h,1g2w
f57,h,16ed
f58,h,opl
f59,h,ikr
f5a,h,1fiu
f5b,h,11gt
f5c,h,13ue
f5d,h,n19
f5e,h,11ij
f5f,h,91v
f5g,h,1ebr
f5h,h,flm
f5i,h,5c
f5j,h,e30
f5k,h,3o7
f5l,h,h54
f5m,s,13f2
f5m,s,trk
f5m,s,38j
f5p,h,tak
f5r,h,1dim
f5s,h,srl
f5t,h,ikw
f5u,h,u50
f5v,h,r0n
f5w,h,j0f
f5w,m,xrp
f5w,m,11o9
f60,h,3k4
f61,h,1evl
f64,h,qj
f68,s,jzj
f6a,h,1297
f6b,h,bz5
f6c,h,91u
f6e,h,f62
f6f,s,fu4
f6f,s,cjk
f6g,s,148m
f6h,h,tqd
f6i,s,yhf
f6j,h,13os
f6k,h,4rt
f6l,h,1ckm
f6m,h,f62
f6n,h,tjc
f6o,h,1ew8
f6p,h,w52
f6q,h,s20
f6r,s,rjo
f6s,s,qeu
f6u,h,hp4
f6v,h,esh
f6w,h,dzj
f6y,h,1k7y
f6z,h,fj4
f70,h,ira
f72,h,gmz
f74,h,1axn
f75,s,1axe
f76,h,1j14
f77,h,11jf
f78,s,1ds5
f79,h,blj
f7a,h,euc
f7b,s,384
f7b,s,npk
f7c,s,1109
f7e,h,oav
f7e,m,f7f
f7f,h,oaw
f7g,h,12o
f7h,h,1jsx
f7i,s,1k4p
f7i,s,1jqv
f7i,s,df8
f7j,h,1bfj
f7k,h,1jt1
f7m,s,5rf
f7n,s,16ug
f7o,s,dq1
f7p,s,qfj
f7r,h,91v
f7s,h,dqd
f7u,m,dne
f7v,h,aka
f7w,h,e1k
f7x,h,2br
f7x,h,2be
f7y,h,uv6
f80,h,vd5
f81,h,19qu
f83,s,xhi
f84,h,1bra
f85,s,zq1
f86,h,b5l
f87,h,e43
f88,s,pug
f89,s,e44
f8a,s,e45
f8b,h,1cji
f8c,h,1kki
f8d,h,1aze
f8e,h,j2h
f8i,h,172b
f8k,h,grb
f8l,h,qfk
f8n,h,12uv
f8o,h,12uw
f8p,h,emw
f8q,h,emw
f8r,h,vd6
f8s,h,1b0m
f8t,h,8xx
f8u,h,1afe
f8v,h,qad
f8w,h,h0v
f8x,h,jky
f8y,h,h10
f8z,h,16ro
f90,h,17jj
f91,h,1bkn
f92,h,179m
f93,h,1afe
f95,h,923
f96,h,91u
f97,m,117m
f97,m,1fk4
f98,h,fcx
f9a,h,h12
f9b,h,10w7
f9c,h,1ecg
f9d,h,ci6
f9e,h,yex
f9f,h,u8g
f9g,s,1az0
f9h,s,3is
f9i,h,vqm
f9j,h,10uj
f9k,h,mnu
f9k,h,kw6
f9l,h,kw6
f9m,h,vqp
f9n,h,1ect
f9o,h,k6m
f9q,h,vre
f9s,h,5ix
f9t,h,s6r
f9t,m,10px
f9t,m,194z
f9v,h,1guv
f9w,h,199o
f9z,h,1cg
fa0,h,jps
fa4,h,1hwy
fa7,m,1kt2
fa8,m,11jy
fa8,m,h1e
fa8,m,rte
fa9,h,108b
faa,h,emw
fab,h,21l
fac,h,bc1
fad,h,1dgb
fae,h,7wi
faf,h,1e4j
fah,h,e2k
fai,h,1ccu
faj,h,1kgi
fak,h,uhv
fal,h,e2l
fam,h,1awf
fan,h,gss
fap,h,ps9
faq,h,ps9
far,h,18pv
fas,h,2br
fat,h,pcy
fau,h,brz
fav,h,1jdw
faw,h,10n0
fax,h,f9p
faz,h,zou
fb0,h,8wr
fb1,h,y3w
fb2,h,z8s
fb3,h,vtp
fb4,h,1bsg
fb6,s,1edy
fb6,s,12rw
fb9,h,9zg
fb9,m,wgs
fbc,h,ci9
fbd,h,28y
fbe,s,1hrc
fbf,h,std
fbg,h,v68
fbh,h,lut
fbi,m,fbk
fbi,m,kkp
fbi,m,1ed8
fbi,m,1ec3
fbi,m,7rl
fbi,m,xky
fbi,m,z7b
fbj,h,1gi7
fbk,h,qum
fbk,m,nhz
fbl,h,2zv
fbn,s,1d0i
fbn,s,yn2
fbn,s,1hn0
fbn,s,1fi3
fbo,s,723
fbo,s,5xw
fbo,s,5y9
fbo,s,1iep
fbo,s,12p5
fbo,s,12a1
fbo,s,1c87
fbs,s,ps0
fbt,s,13pg
fbu,s,ijx
fbv,s,6b
fbw,h,zn9
fbx,h,uya
fby,h,v3u
fbz,h,qyo
fc0,h,hd1
fc1,s,zq0
fc2,s,v3w
fc3,s,t8x
fc4,h,10zp
fc5,h,132v
fc6,h,q6c
fc7,h,w52
fca,h,1bra
fcb,h,1426
fcd,h,14te
fch,h,949
fci,h,qr
fck,h,1du7
fcl,h,qt
fcm,h,5yz
fco,h,132u
fcp,h,15zm
fcq,h,u15
fcr,h,1bh4
fcs,h,dlq
fcu,h,ghb
fcv,h,fcx
fcw,s,1hv2
fcy,h,q1x
fcz,s,jxh
fcz,s,ugc
fcz,s,4xe
fcz,s,75d
fcz,s,jjp
fcz,s,1icw
fcz,s,xf9
fcz,s,18wl
fcz,s,afd
fcz,s,3kj
fcz,s,1b2r
fcz,s,1bhy
fcz,s,kl8
fcz,s,mvp
fcz,s,15fn
fcz,s,usc
fcz,s,1b6l
fcz,s,5lk
fcz,s,4wh
fcz,s,1iao
fd0,s,tl9
fd0,s,18kf
fd0,s,4ok
fd0,s,5oq
fd0,s,d2l
fd0,s,18h1
fd2,s,xvr
fd3,s,19ep
fd4,s,q1u
fd5,s,ppc
fd6,s,pp8
fd7,s,p20
fd8,s,cb8
fd9,s,1cyy
fda,h,91u
fdc,h,zml
fdd,h,1hrd
fde,h,91u
fdf,h,qra
fdg,h,11c5
fdh,s,1hrc
fdj,h,qnf
fdk,s,fjf
fdm,h,tlz
fdn,h,fiq
fdo,s,wlr
fdp,s,fh0
fdq,h,fmu
fds,h,4pe
fdt,s,nsd
fdt,s,25t
fdt,s,y6d
fdt,s,1ial
fdv,s,1hge
fdx,h,bfw
fe0,h,ekp
fe1,h,nne
fe2,h,nne
fe3,h,1fk5
fe5,s,1i6z
fe7,h,fr6
fe8,h,j5z
fe9,h,feb
fea,h,fmi
feb,h,w52
fec,h,s32
fed,h,igf
fee,h,igf
fef,s,1hqt
fei,h,bzl
fej,h,en5
fek,h,efo
fem,h,xds
fen,h,fno
feo,s,wp7
feo,s,feq
feo,s,fvl
fep,h,1ibc
feq,s,feo
fer,h,esh
fes,h,19dy
fet,h,19e3
feu,h,esq
few,h,ejl
fex,h,ei0
fey,h,fow
ff1,h,fqi
ff2,h,4a9
ff3,h,168r
ff5,s,qa0
ff6,h,1130
ff8,h,yzp
ff9,h,t
ffa,h,t
ffb,h,m4g
ffc,h,ftz
ffe,s,11dd
fff,s,ysj
ffg,s,a2f
ffg,s,13jh
ffg,s,a2u
ffh,s,1edx
ffi,s,fis
ffj,h,11di
ffk,h,df9
ffl,h,nne
ffm,h,hlf
ffn,h,vlw
ffo,h,60s
ffq,h,khp
ffr,h,1a1e
ffs,h,1c58
fft,h,16ed
ffu,h,tj4
ffv,s,1hoz
ffw,h,kod
ffx,h,132u
fg0,h,snk
fg1,h,1ebh
fg2,h,1g8v
fg3,h,1g8r
fg4,h,14je
fg5,h,evw
fg6,h,14ja
fg7,s,bxh
fg8,s,1g8o
fg9,h,ktz
fga,h,ejl
fgb,h,16l7
fgc,h,1hhv
fgd,s,1ico
fgg,h,479
fgh,h,doi
fgi,h,8j4
fgj,s,17np
fgk,h,91v
fgl,h,91u
fgm,h,91v
fgp,h,2e5
fgp,h,his
fgq,h,bc2
fgr,h,1dmd
fgs,s,fpl
fgv,h,19dv
fgw,s,fxp
fgx,s,z7e
fgy,h,19e9
fgz,h,fr7
fh0,s,16rz
fh0,s,fk1
fh0,s,fdp
fh1,h,ubx
fh2,h,1f27
fh4,h,hqe
fh5,s,r80
fh6,h,19e3
fh8,s,fr1
fh8,s,fm8
fh9,h,fnn
fha,h,fdy
fhb,h,1d5y
fhc,h,fsl
fhd,s,3d9
fhd,s,frm
fhe,s,qpk
fhg,s,q9a
fhh,h,e41
fhj,h,w1z
fhm,s,rk3
fhn,h,erg
fho,h,feb
fhp,h,eur
fhq,s,eh5
fhq,s,dsq
fhq,s,ldf
fhr,s,fsp
fhu,h,ckf
fhv,s,720
fhv,s,5n
fhv,s,7lf
fhv,s,1hds
fhw,s,py6
fhx,h,v7l
fhy,h,4xr
fhz,h,m3o
fi0,h,tah
fi2,h,ii
fi3,h,fge
fi4,h,qw5
fi5,h,fge
fi6,h,fn2
fi7,h,fo3
fi8,s,fqs
fi9,s,fqs
fia,s,342
fid,h,f3w
fie,h,ewo
fif,s,q8h
fig,s,q86
fih,s,19dr
fii,h,19e3
fij,h,tn5
fik,h,1821
fil,h,1kff
fim,s,2ps
fin,s,1i6b
fip,h,fu0
fiq,h,fu0
fir,h,1c47
fis,s,197x
fis,s,fiv
fis,s,ez6
fis,s,h2r
fis,s,2le
fis,s,mkn
fis,s,ffi
fiv,s,fis
fiw,s,cxj
fix,h,1ct0
fiy,s,1hqt
fiz,s,us
fj2,h,fmd
fj3,h,10t4
fj4,h,azg
fj5,h,1bub
fj6,s,148m
fj8,h,ppv
fj8,m,1aay
fj8,m,1e8c
fj8,m,1e9r
fj9,s,1htf
fja,h,sx1
fjb,h,175q
fjc,h,16ed
fjd,h,16ea
fje,h,fe3
fjf,s,fdk
fjf,s,fl8
fjg,s,c0h
fjh,h,h57
fji,h,en6
fjk,h,v3x
fjl,h,tj4
fjm,h,924
fjn,h,16w9
fjo,h,znc
fjp,s,1iay
fjq,h,1akt
fjr,h,en7
fjt,h,168v
fju,h,q6c
fjv,s,1h6v
fjw,h,2im
fjx,h,fh2
fjy,s,pt2
fk0,h,fr7
fk1,s,fh0
fk2,h,fh1
fk3,h,1999
fk4,h,3ie
fk5,h,b7u
fk6,h,ofv
fk7,h,fmi
fk8,h,1csw
fk9,h,16ha
fka,s,fpk
fkc,s,z7s
fkg,h,cyc
fkg,h,bs4
fkh,h,yxh
fkh,m,18e7
fkh,m,qp2
fkh,m,1g06
fkk,h,19qu
fkl,h,1ehj
fkm,h,fsl
fkn,h,fhl
fko,s,b7m
fkp,s,1ibd
fkq,s,dzr
fkq,s,1fc1
fkq,s,4xi
fkq,s,1p1
fkq,s,j9g
fkq,s,11w3
fkq,s,15d7
fkq,s,e0f
fks,h,1i6l
fkt,h,1kqz
fku,h,1cg6
fkv,h,1i6l
fkx,h,1636
fky,s,1kv2
fky,s,1i3u
fky,s,5li
fky,s,dxs
fky,s,19ne
fl1,h,10hk
fl4,h,srl
fl5,h,1jmh
fl6,h,1jou
fl7,s,4tk
fl8,s,fjf
fla,h,fmi
flb,h,a1p
flc,h,12o
flf,h,wom
flg,s,fu5
fli,h,fks
flj,h,en6
flk,h,fh2
fll,s,1hzw
fln,h,91u
flp,h,fdd
flq,s,a0a
flr,h,iks
fls,h,1fv9
flt,s,pup
flv,h,puq
flw,h,l5g
flx,h,19dv
fly,h,19e0
flz,s,1hgg
fm0,s,19dr
fm1,h,19dv
fm2,s,fxp
fm3,s,qrb
fm4,h,q6z
fm6,s,fxp
fm7,s,19dr
fm8,s,fh8
fm9,h,19e3
fma,s,10u4
fma,s,bwn
fma,s,fyr
fma,s,19ed
fma,s,1mh
fmb,h,awj
fmd,h,9st
fmd,h,12dh
fme,h,6we
fmg,h,uuf
fmh,s,fmk
fmi,h,jlr
fmk,s,1hzc
fmk,s,fmh
fml,h,xds
fmm,h,fp4
fmn,h,r82
fmo,h,fr2
fmp,h,qrd
fmq,h,16ed
fmr,h,fp4
fms,h,16ea
fmt,s,xob
fmt,s,j7b
fmt,s,r08
fmt,s,15t5
fmt,s,15ma
fmu,h,qlk
fmx,h,kh
fmy,h,l9p
fmz,h,sfx
fn0,h,19e0
fn1,h,1g1s
fn1,h,xo7
fn2,h,168r
fn4,h,fp5
fn6,h,yse
fn7,h,11id
fn8,h,1f27
fn9,s,16e9
fna,s,1hvs
fnc,h,fh2
fnf,h,qzb
fng,h,ra7
fnh,s,lcg
fnh,s,15uf
fnh,s,bwc
fnh,s,l1s
fni,s,qz8
fnj,h,1635
fnk,h,fn2
fnl,s,1h95
fnn,h,1cj7
fno,h,91u
fnq,h,bc2
fnr,s,62o
fnr,s,15fp
fns,s,1ibd
fnt,h,fnq
fnu,h,fvk
fnw,s,ldx
fnw,s,18s8
fnw,s,935
fnw,s,1i9x
fnw,s,6xq
fnx,h,bgv
fny,h,eeg
fnz,h,bh5
fo0,s,1dc2
fo0,s,1dcb
fo0,s,bh2
fo1,h,168r
fo2,h,16l7
fo3,h,smf
fo4,h,fqu
fo5,h,fec
fo7,s,f3y
fo8,s,oeb
fo9,h,frs
foa,h,qiw
foc,s,pup
foe,h,16ie
foe,m,dsc
fof,h,ekp
fog,h,8qp
foh,h,sgh
foi,h,1gef
foj,h,8d3
fok,h,im
fol,h,sfx
fom,h,hn0
foo,h,a6h
fop,h,tnu
foq,h,19r2
for,h,fuz
fos,h,io8
fot,s,fuw
fou,h,bs4
fov,h,1dut
fow,h,19dx
fox,h,19dz
foy,h,19dw
foz,s,fuw
fp0,h,1c52
fp1,h,1c56
fp2,s,1bzc
fp4,h,xds
fp5,h,16ee
fp6,h,162x
fp7,h,9c9
fp8,h,e7c
fp9,h,xe8
fpa,h,168u
fpb,h,egs
fpc,h,1a4b
fpd,h,16je
fpe,h,fge
fpf,h,azh
fpg,m,15dl
fph,h,1kix
fpi,h,fpg
fpk,s,lcj
fpk,s,z7m
fpk,s,ikm
fpk,s,25r
fpk,s,fka
fpl,s,fgs
fpl,s,ikn
fpm,h,fr6
fpm,h,25o
fpn,s,isf
fpn,s,3qg
fpn,s,kiv
fpo,s,1fik
fpp,h,rol
fpq,h,1397
fpr,h,ii
fpt,h,198n
fpu,h,euf
fpv,h,14nw
fpw,s,1kal
fpx,h,xym
fpx,m,9b4
fpy,h,143k
fpz,h,en5
fq0,s,1hry
fq1,h,iiv
fq2,h,foa
fq4,s,q7a
fq7,h,y2x
fq8,h,11k5
fqa,h,fdy
fqb,h,16p0
fqc,s,bxk
fqd,h,1hre
fqe,h,13nr
fqf,s,qip
fqg,s,qip
fqh,h,91u
fqi,h,1424
fqk,s,1grb
fql,s,1hfe
fqm,h,iaq
fqo,h,q3q
fqp,h,wr4
fqq,s,1i1h
fqr,h,1i93
fqs,s,fi8
fqs,s,uft
fqs,s,por
fqs,s,18yp
fqs,s,fi9
fqt,h,fku
fqu,h,w52
fqv,h,3if
fqw,h,169e
fqx,h,1951
fqy,s,q1n
fqy,s,254
fqy,s,bsy
fqy,s,px7
fqy,s,eny
fr1,s,fh8
fr2,h,fvk
fr3,s,1i4n
fr5,h,pbl
fr6,h,fh1
fr7,h,fpj
fr8,h,df9
fr9,h,df1
fra,h,1wc
frb,h,1wb
frc,h,fk6
fre,h,1gde
frf,h,fuy
frg,h,yzx
frh,h,fdy
fri,h,fdr
frj,h,11k5
frk,s,1i27
frl,s,y32
frm,s,fhd
frn,h,1gi0
fro,h,qrf
frp,h,fdy
frq,s,1i27
frs,h,f3w
fru,h,fk6
frv,h,u42
frw,s,qhg
frx,h,fp0
fry,s,fyf
frz,h,e30
fs0,h,19e9
fs3,s,fyf
fs4,h,qf3
fs5,h,xxy
fs6,h,1f27
fs7,s,1bfg
fs8,h,1gcc
fs9,h,924
fsb,h,hqf
fsc,h,1igc
fsd,h,6ox
fse,h,91u
fsf,h,flm
fsg,h,u04
fsh,h,hqf
fsi,h,91u
fsj,s,vyf
fsk,h,u00
fsm,h,15vd
fsn,h,fho
fso,h,azg
fsp,s,fhr
fsp,s,rr
fsq,h,1bvu
fsr,h,1cbl
fst,s,t37
fsv,h,1bof
fsw,h,164d
fsx,h,1alm
fsy,h,qe8
fsz,h,1fom
ft0,h,12oh
ft1,h,sax
ft2,s,1kx5
ft2,s,e5e
ft2,s,j08
ft3,s,jcg
ft3,s,1h7g
ft3,s,16eh
ft4,s,jc3
ft5,s,jc3
ft7,s,1i2h
fta,h,10cv
ftb,h,10dd
ftc,h,10de
ftd,h,10cw
fte,h,5su
ftf,h,1e3x
ftg,s,irg
fth,h,ira
fti,h,91v
ftj,h,uya
ftk,h,j11
ftl,h,u08
ftm,h,xxy
ftn,h,v97
fto,h,12bo
ftp,s,cwv
ftp,s,d5n
ftp,s,9iz
ftp,s,e8f
ftp,s,a2q
ftq,s,f3y
ftr,s,e8g
fts,h,14te
ftt,h,f3w
ftu,s,948
ftz,h,a3m
fu0,h,pm8
fu1,h,14ta
fu2,s,f44
fu3,s,pyi
fu4,s,f6f
fu5,s,flg
fu6,h,19qr
fu7,h,dn4
fu9,h,j9p
fua,h,wqq
fub,h,bgw
fuc,s,q3r
fue,h,bh5
fuf,h,q3q
fug,h,170g
fuh,s,14d
fui,h,10ch
fuj,h,vh
fuk,h,10cg
ful,h,197s
fum,h,fvg
fun,s,1grb
fuo,s,o36
fup,h,6kw
fuq,h,m8h
fur,h,1gax
fus,h,m8l
fut,h,1c5b
fuu,h,ipw
fuv,h,4pe
fuw,s,fot
fuw,s,15f4
fuw,s,6xu
fuw,s,fxr
fuw,s,1bqi
fuw,s,hpx
fuw,s,1czx
fuw,s,f4x
fuw,s,f4u
fuw,s,19e1
fuw,s,2kr
fuw,s,1hrm
fuw,s,jbk
fuw,s,jc1
fuw,s,18kn
fuw,s,1c0g
fuw,s,foz
fux,h,2yj
fuy,h,1bof
fuz,h,ii
fv0,h,awn
fv1,h,vdn
fv3,s,prl
fv3,s,11i4
fv3,s,19ee
fv3,s,1i3
fv3,s,f51
fv6,h,1dut
fv7,h,b0y
fv8,m,80m
fv8,m,17mk
fv8,m,fv9
fv9,h,bru
fva,h,164e
fvb,h,145k
fvc,m,1jnb
fvd,h,1g8v
fve,h,ff3
fvf,s,rus
fvf,s,g9c
fvf,s,tcr
fvf,s,diz
fvg,h,xz
fvh,h,dn7
fvi,h,14f
fvj,h,fnn
fvk,h,xak
fvl,s,feo
fvm,s,y8z
fvn,h,1grc
fvp,h,19e9
fvq,h,fdx
fvr,s,ykj
fvs,s,1e6o
fvt,h,1gi7
fvu,h,ikw
fvv,h,1jqp
fvw,h,o
fvy,h,cq8
fvz,h,15y8
fw0,h,14f
fw1,h,l8e
fw2,h,lk3
fw4,h,nk
fw4,h,1kqj
fw5,h,pfh
fw7,h,16h1
fw8,h,vd3
fw9,h,1bh4
fwa,h,1e8c
fwb,h,gmz
fwd,s,11gr
fwe,h,1bba
fwg,h,29g
fwh,h,5zd
fwh,h,904
fwi,h,fwt
fwj,h,1hrp
fwk,h,1e4j
fwl,h,epj
fwm,h,ep9
fwn,h,1dg7
fwo,h,1e4c
fwp,h,iul
fwq,h,1e4g
fwr,h,xdt
fws,h,4pe
fwu,h,19e9
fwv,h,19gh
fww,s,153r
fww,s,6l3
fwx,s,f3y
fwy,s,f3y
fwz,s,f3y
fx0,h,oea
fx1,h,91n
fx2,h,bc2
fx3,s,1iqp
fx4,h,91u
fx5,h,91w
fx6,h,91w
fx7,h,kh
fx8,h,1gzk
fx9,h,3gk
fxa,s,qet
fxb,h,bc2
fxc,h,19aw
fxd,h,1kgi
fxe,h,qmc
fxf,h,1104
fxg,h,ocm
fxh,h,xm7
fxi,h,l5g
fxj,h,1kgi
fxl,h,183t
fxm,h,fdx
fxo,h,7o8
fxp,s,i31
fxp,s,1g0q
fxp,s,abk
fxp,s,907
fxp,s,fm2
fxp,s,fgw
fxp,s,xhd
fxp,s,1936
fxp,s,fm6
fxp,s,5aw
fxp,s,59n
fxp,s,5az
fxp,s,196u
fxp,s,5as
fxp,s,w6c
fxp,s,141x
fxp,s,11bd
fxp,s,1gm0
fxp,s,f21
fxr,s,fuw
fxs,h,y7h
fxt,h,yvk
fxu,h,66i
fxv,h,11k5
fxx,h,n6r
fxy,h,143p
fxz,s,143v
fy0,s,o2o
fy1,s,o2o
fy2,s,17zy
fy3,s,1dsk
fy4,s,mdm
fy5,h,11d6
fy6,h,18yz
fy9,h,1j7r
fya,h,vkx
fyb,h,1cqp
fyc,h,14te
fyd,h,le2
fye,h,14te
fyf,s,fs3
fyf,s,a3t
fyf,s,fry
fyf,s,10t3
fyh,h,19e9
fyj,h,fha
fyl,h,11un
fym,m,1kdb
fyp,h,19e9
fyr,s,fma
fys,s,l1m
fyt,h,r0n
fyu,h,yvk
fyv,h,19e6
fyw,h,19dy
fyx,s,1i0e
fyy,h,1kib
fyz,h,1267
fz0,h,1gys
fz1,h,fxs
fz3,h,1367
fz6,h,1e8c
fz7,s,pow
fz8,h,91u
fza,m,fz9
fza,m,fzc
fzc,h,10m
fze,h,8d3
fzf,h,13u8
fzg,h,cs1
fzi,h,1gg6
fzj,h,123v
fzk,m,8sy
fzl,h,y8r
fzm,h,1ers
fzn,h,oc3
fzo,s,vve
fzo,s,1kwf
fzo,s,19u6
fzp,s,1g6j
fzq,s,1eig
fzr,h,1g6i
fzs,h,hp6
fzt,h,oav
fzu,h,12e0
fzv,h,sxj
fzx,h,hxi
fzy,h,en6
fzz,h,1kgw
g00,h,df9
g01,h,1cmy
g02,h,jkp
g03,h,7ot
g04,h,14nw
g05,h,1dp8
g06,h,2z1
g07,h,1a8f
g08,h,1jq0
g09,h,97
g0b,h,12ex
g0c,h,18mw
g0d,h,1ghu
g0e,h,g09
g0f,h,g09
g0g,h,g09
g0h,h,g09
g0i,h,g09
g0j,h,g09
g0k,h,g09
g0l,h,g09
g0n,h,1f8u
g0p,s,qys
g0s,h,4z2
g0t,h,16br
g0u,h,1kqj
g0u,m,30w
g0u,m,13bv
g0v,h,16je
g0w,h,azh
g0x,h,15sg
g0y,h,bfd
g10,h,xec
g11,h,bfk
g12,h,1inf
g13,s,15zo
g13,s,1652
g14,h,1j4e
g15,s,zb5
g16,h,9rs
g17,h,12ua
g18,h,12ui
g19,h,ih7
g1a,h,j9j
g1b,h,xdt
g1c,h,xdt
g1d,h,dzu
g1e,h,zbp
g1g,h,1297
g1h,h,tay
g1i,h,j2h
g1k,s,1kmx
g1l,h,7x7
g1l,m,k6e
g1m,h,939
g1o,h,s2w
g1p,h,btg
g1q,h,4ny
g1r,h,jue
g1s,h,1cc2
g1t,h,4nz
g1u,h,19rh
g1v,s,1da1
g1x,h,euc
g1y,h,1iyc
g1z,s,bum
g21,h,fju
g22,h,7p1
g23,s,uij
g24,h,16c0
g25,h,g0s
g28,s,xuo
g2a,h,10ts
g2b,h,1ash
g2f,h,1kiy
g2h,h,txt
g2l,h,1kbn
g2m,h,19r2
g2n,h,1b9q
g2o,s,180d
g2r,h,tk
g2t,h,12gl
g2u,m,8ss
g2v,h,5d5
g2w,h,aka
g2x,h,1e74
g2y,h,76s
g2z,h,p3w
g30,h,12gl
g32,h,c04
g33,h,c04
g34,h,rpy
g35,h,a7j
g36,h,vwa
g37,h,17et
g38,h,wiu
g3a,h,mz8
g3b,s,1bjj
g3d,h,1bph
g3f,m,g3e
g3g,h,164e
g3h,h,19j9
g3i,h,b7n
g3j,h,1cbj
g3k,h,17j7
g3l,s,17o7
g3m,s,oqu
g3m,s,xjg
g3o,s,g3z
g3o,s,pbr
g3p,h,19hl
g3q,s,1eig
g3r,s,xx2
g3s,h,36m
g3t,m,1386
g3t,m,180l
g3w,h,mc
g3x,h,91u
g3y,h,mc
g3z,s,g3o
g40,h,mg
g41,h,qb
g42,h,14te
g43,h,kh
g44,h,16o0
g46,h,bc2
g48,s,1050
g48,s,1dsv
g48,s,bxj
g48,s,1bnj
g48,s,mnj
g48,s,32x
g48,s,133v
g4a,h,yrs
g4b,h,1h1
g4c,h,qna
g4d,h,bxa
g4e,h,ton
g4f,s,bxh
g4g,s,1dgm
g4i,h,g46
g4j,h,1kib
g4k,s,o32
g4k,s,8or
g4k,s,3ob
g4k,s,3nh
g4k,s,5yw
g4k,s,zkc
g4o,m,g4n
g4t,h,l8t
g4v,m,8sy
g4w,h,g46
g4x,h,1cj9
g4y,h,9f1
g50,h,a7j
g51,h,vhl
g52,h,5sz
g54,h,a4l
g56,h,m0d
g57,h,nxg
g5a,h,1fs7
g5b,h,1fs7
g5d,h,m8l
g5g,h,ffw
g5h,s,k08
g5i,s,c1l
g5j,s,esk
g5k,s,1ia0
g5n,m,nn0
g5p,h,hjf
g5q,h,1kib
g5s,h,527
g5t,h,527
g5u,h,1db1
g5v,h,gfc
g5x,h,t16
g5z,h,esd
g60,h,n5p
g61,h,11c5
g62,s,duo
g63,s,1hry
g64,s,8wj
g65,m,u7n
g66,h,hz0
g67,h,1d96
g68,h,17jj
g69,h,14nh
g6a,h,l30
g6a,m,g6b
g6b,h,rs9
g6c,h,oqf
g6c,h,a4l
g6d,h,n5s
g6e,h,sm4
g6f,h,vkm
g6g,h,xrq
g6h,h,1adn
g6i,h,8k8
g6j,h,hyo
g6j,m,g6h
g6j,m,8g6
g6j,m,g65
g6j,m,g6a
g6k,h,1kti
g6n,h,etf
g6o,h,gn1
g6p,h,91u
g6q,h,gn0
g6r,s,1ghy
g6s,s,ra1
g6x,h,mwk
g6y,h,9vi
g73,h,g3t
g74,h,q2l
g75,s,14yi
g76,s,359
g78,h,1kca
g79,s,1idz
g7b,h,75x
g7b,h,u50
g7c,h,4v1
g7d,h,17g1
g7g,h,kcf
g7h,s,1ive
g7m,h,zia
g7n,h,vua
g7p,h,13ue
g7q,s,1ghz
g7s,h,vrx
g7u,h,1g98
g7y,h,ckd
g7z,h,1kqb
g80,h,vd6
g81,h,zbb
g82,h,zbp
g83,h,19ba
g84,h,ugp
g85,s,111p
g86,h,12jd
g87,s,jfb
g88,h,dzu
g8a,h,4in
g8b,h,1cez
g8c,h,11k5
g8d,h,xhw
g8g,s,xhv
g8h,s,xhv
g8i,s,xhv
g8j,s,t0j
g8k,s,i5q
g8l,h,xic
g8m,h,olh
g8n,h,lgi
g8o,h,5aa
g8p,h,944
g8q,h,9c9
g8r,h,51p
g8s,h,1625
g8u,h,41y
g8v,h,1ezn
g8w,h,rpy
g8x,h,ci8
g8y,h,czx
g8z,h,xi2
g90,h,157v
g91,h,aka
g95,h,1he0
g96,h,ff3
g97,h,fve
g98,s,14xa
g99,s,1hdu
g9a,s,1i84
g9c,s,fvf
g9d,h,1eb9
g9e,h,rkm
g9f,h,a29
g9g,h,ba8
g9h,h,qkb
g9k,s,o33
g9n,s,1i32
g9p,h,1b7t
g9q,h,1k08
g9r,h,17hc
g9s,h,1aqa
g9t,h,11z7
g9u,h,109v
g9v,h,hjf
g9w,h,5hz
g9z,h,k4m
ga0,h,1k86
ga1,h,qil
ga3,h,10y8
ga4,s,1dd2
ga5,s,1hqm
ga6,h,jf3
ga8,h,1b5n
ga9,s,15jr
gaa,s,gax
gaa,s,gaz
gaa,s,1jsr
gaa,s,j8w
gaa,s,gb3
gaa,s,19ji
gaa,s,4y5
gaa,s,gc1
gaa,s,1fim
gab,h,jir
gac,h,1gzl
gae,h,ohi
gaf,h,nej
gam,s,eph
gan,s,j94
gao,s,zvt
gap,s,11et
gaq,s,ui3
gar,s,qtb
gas,h,m4i
gau,h,1d63
gav,h,113h
gaw,h,173y
gax,s,gaa
gay,h,19oe
gaz,s,gaa
gb0,h,gcs
gb1,h,j5w
gb3,s,gaa
gb4,h,moy
gb5,h,15e0
gb6,h,1815
gb7,h,epl
gbb,h,1bc5
gbd,h,1gav
gbf,h,157e
gbh,s,oty
gbi,h,fch
gbk,h,1a8k
gbl,h,lim
gbm,h,1a5m
gbn,h,15x6
gbp,h,1cbw
gbu,h,1d87
gbv,h,mjh
gbw,h,1fon
gbz,s,1hry
gc0,h,1knh
gc1,s,gaa
gc3,s,tct
gc4,s,1bbf
gc5,s,nf8
gc6,h,m64
gc7,h,fxy
gc8,h,fy6
gc9,h,pfh
gca,h,hbu
gcb,h,1at6
gcd,s,gqs
gce,s,aqz
gcf,h,oav
gch,h,11w
gci,m,ti8
gcl,m,gdo
gcs,h,1kbn
gct,h,1ams
gcu,h,gj9
gcv,h,1f62
gcw,h,en9
gcx,h,166o
gcy,h,g7n
gcz,h,14gf
gd0,h,1kq7
gd1,h,19ik
gd2,h,1kqf
gd3,h,1kqi
gd4,h,1g6s
gd6,h,31s
gd7,s,t9q
gd8,h,16ov
gd9,h,oj4
gda,h,1eu7
gdb,h,aao
gdc,h,14gf
gdd,h,14gk
gde,h,1gg6
gdf,h,sts
gdg,h,xds
gdh,h,11l8
gdi,h,13u8
gdj,s,h81
gdk,h,1ebf
gdl,h,r7f
gdr,h,oav
gds,h,8ow
gdt,h,ai7
gdu,h,1dfb
gdv,h,hnk
gdw,h,1guu
gdx,h,124i
gdy,h,elg
gdz,h,17tv
ge0,h,br6
ge1,h,hnh
ge2,s,hng
ge2,s,ip1
ge3,s,dy1
ge5,h,gpe
ge6,m,18vh
ge7,m,mq2
ge9,h,i2y
gea,h,1kqn
geb,h,hlx
gec,s,nj3
gec,s,1btm
gec,s,vy3
gef,s,q0a
gek,h,1kqf
gel,h,1kqi
gem,h,16jl
gen,h,1kq7
geo,h,16j8
geq,h,azg
ger,h,v7k
ges,h,cl3
get,h,2yb
geu,h,2yb
gev,h,ckb
gew,s,dd3
gex,h,1g76
gey,h,j2h
gez,s,krp
gf1,h,qdh
gf2,h,xxw
gf3,h,n8q
gf4,h,k00
gf5,h,yzp
gf7,h,17tj
gf8,h,12q4
gf9,h,14gf
gfb,h,16ed
gfc,h,16j9
gfd,h,16ed
gfe,h,9m3
gff,h,2xw
gfg,h,1gg6
gfh,h,xe0
gfi,h,h73
gfj,h,91u
gfk,h,16ed
gfl,h,1kq7
gfm,h,crz
gfn,h,a96
gfo,h,4pe
gfp,h,y19
gfq,h,sfx
gfr,h,923
gfs,h,1fce
gft,h,1cmp
gfu,h,19qu
gfv,h,u77
gfw,h,12ae
gfx,h,3il
gfy,h,fdm
gfz,h,4ca
gg0,h,6sk
gg1,h,113f
gg2,h,bs4
gg2,m,u7n
gg4,h,1hl2
gg5,h,326
gg6,h,16je
gg7,h,2zw
gg8,h,gdy
gg9,h,hxw
gga,h,jje
ggb,h,a8
ggc,h,1423
ggd,s,uba
gge,s,a9n
ggf,h,1fm6
ggh,s,1i32
ggj,h,u7o
ggk,h,4o6
ggl,h,pql
ggm,h,pqk
ggn,h,16z9
ggo,h,11f0
ggp,h,pqo
ggq,h,11d6
ggr,s,1i4u
ggs,h,1asw
ggu,s,1ic0
ggv,s,1i4v
ggw,s,q3r
ggx,s,tj6
ggy,h,139d
ggy,m,18pt
ggz,h,aef
gh0,h,18yz
gh1,h,16ed
gh2,h,4ei
gh2,m,ggy
gh4,h,194j
gh6,h,1493
gh7,h,1k08
gh8,s,cl0
gh9,h,1k0f
ghb,m,60k
ghb,m,1auk
ghb,m,y1s
ghc,s,kvo
ghd,h,91v
ghe,h,924
ghf,h,k04
ghg,h,ghd
ghh,h,c1f
ghi,h,1330
ghj,h,2yb
ghk,h,14o2
ghl,h,10ov
ghm,h,bzf
ghn,h,1ghu
gho,h,jb4
ghp,h,n1c
ghq,h,ghd
ghr,h,ntm
ghs,h,kw6
ghs,m,1e0y
ghu,s,1ghz
ghv,s,k07
ghw,s,aaj
ghx,h,zo4
ghy,h,11k5
ghz,h,38x
gi0,h,7k2
gi1,h,18e7
gi3,h,bzc
gi4,h,cl4
gi6,h,1ecf
gi8,h,1g6s
gi9,s,jb5
gib,h,y6r
gid,h,1450
gie,h,138o
gif,h,olh
gig,h,4kc
gih,h,11k5
gii,s,go0
gij,s,go0
gik,s,13kw
gil,h,krd
gim,h,xxy
gio,h,vif
gip,h,q6c
giq,h,1ezu
gir,h,10w4
gis,h,1irb
git,h,9tj
giu,h,kes
giv,h,czb
giw,h,91v
gix,h,dz
giy,h,1jjb
giz,h,1kiy
gj0,h,1fy1
gj0,m,5jf
gj0,m,9po
gj1,h,3w4
gj2,h,1g8r
gj3,h,1g8i
gj4,h,tai
gj5,h,1erq
gj6,h,1g8j
gj7,s,1g8o
gj9,h,o7u
gja,h,r1r
gjb,h,61a
gjc,h,br3
gjd,h,br3
gje,h,1ij3
gjf,h,1cmo
gjh,h,br8
gji,h,br8
gjj,h,brj
gjk,h,l0b
gjl,h,khp
gjm,h,1bkn
gjn,h,13zj
gjo,h,ep9
gjp,h,khp
gjr,s,1k03
gjs,s,t9q
gju,h,gjn
gjv,h,1450
gjw,h,vso
gjx,h,1g8v
gjy,h,mjh
gjz,h,1geg
gk0,h,s20
gk2,h,ews
gk2,m,1by5
gk3,h,17cx
gk4,h,16xr
gk5,h,zi3
gk6,h,1gg6
gk7,h,xds
gk8,h,ai7
gk9,h,uyb
gka,h,1436
gkb,h,1fib
gkc,h,vqv
gke,h,1kl0
gkf,h,gk5
gkf,h,1gg6
gkg,h,14nb
gkh,h,1ggp
gki,h,olh
gkj,h,olh
gkk,h,iku
gkl,h,139a
gkm,h,pai
gkn,h,pai
gko,h,gk7
gkp,h,w52
gkq,h,184o
gkr,s,rfd
gks,s,xas
gkt,h,zit
gku,h,1klm
gkv,h,mji
gkw,h,1ike
gkx,h,1kj3
gky,h,17lz
gkz,h,17cx
gkz,m,1h0d
gl0,h,1gg5
gl0,h,1cn2
gl1,s,gvl
gl2,s,hsp
gl3,h,157e
gl4,h,157h
gl5,h,1c62
gl6,s,eph
gl7,h,1enc
gl8,h,10lt
gl9,s,p9c
gla,h,lga
glb,h,rwa
glc,h,4vb
gle,h,124k
glf,h,1bks
glg,h,1ehk
glh,h,184m
gli,h,dp4
glj,s,1frc
glk,s,t6y
gll,h,sf4
glm,h,1bvx
glo,h,e40
glq,h,epi
glq,h,muo
glr,h,em6
gls,h,epj
glt,h,xds
glu,h,ep9
glv,h,e2k
glw,h,16ee
glx,h,iw5
gly,h,fh3
glz,h,edn
gm0,h,ues
gm1,h,gn1
gm2,h,hg2
gm3,h,91v
gm4,h,j7z
gm5,h,m9b
gm6,h,dd0
gm8,h,16xr
gm9,h,1gbt
gma,h,sf1
gmb,h,sf4
gmc,h,gln
gmd,h,1505
gme,h,qfv
gmf,h,124w
gmg,s,eph
gmh,h,jjl
gmi,m,1dqs
gmk,h,gop
gml,h,1fon
gmn,h,d1i
gmo,h,9ix
gmp,h,iyl
gmq,h,f32
gmr,h,sfx
gms,h,16ri
gmu,s,359
gmv,s,q3r
gmw,h,srl
gmx,h,srg
gmy,s,7fv
gmz,h,12o
gn0,h,vu4
gn1,h,br3
gn2,h,my
gn3,h,b0y
gn5,h,11k5
gn6,s,o05
gn7,h,1a1g
gn7,m,11oz
gn8,h,13oz
gn9,h,10bs
gna,m,gnl
gnb,h,1bkn
gnc,h,1izm
gne,h,1bks
gnf,h,12f5
gng,h,4nc
gnh,h,bd6
gnj,h,1abc
gnk,h,vy
gnl,h,vyp
gnm,s,1i1w
gnn,h,gio
gno,h,11ee
gnp,h,11ea
gnq,h,o7u
gnr,h,1cqp
gns,h,gji
gnt,h,gji
gnu,h,gji
gnx,h,lcy
gny,h,ffw
gnz,h,g01
go0,s,gij
go0,s,eqi
go0,s,u1
go0,s,157p
go0,s,2uc
go0,s,199g
go0,s,gii
go0,s,1fdv
go4,s,190q
go4,s,721
go6,h,1620
go7,s,p9c
go8,s,1esk
go9,s,1i9m
goa,s,1be1
gob,s,1i3y
goc,s,129x
god,s,129x
goe,s,1ch
gof,s,1how
gog,s,1b91
goh,h,91u
goi,h,91v
goj,h,fzv
gok,h,lqi
gol,h,yxx
goo,h,2ju
gop,h,bc2
gor,s,12lf
gos,h,g0s
got,h,ffw
gov,h,143k
gow,h,ilx
gox,h,1bkl
goy,h,xsk
goz,h,1e8s
gp1,h,1bl8
gp2,s,1hhc
gp4,h,9c7
gp5,h,1kcz
gp9,h,aka
gpa,h,t8s
gpc,h,sth
gpd,h,g3g
gpe,m,gpg
gpf,h,18qc
gpg,h,1386
gph,h,j2h
gpi,h,xdt
gpj,h,fwm
gpk,s,4qg
gpl,h,5zg
gpm,h,pah
gpn,h,gpg
gpo,h,gpe
gpp,h,6gd
gpr,h,10w1
gpr,m,1u8
gpt,h,bdb
gpu,s,1g6j
gpv,s,kwk
gpw,h,v1j
gpy,s,1hzo
gpz,h,qen
gq0,s,an3
gq0,s,16gy
gq0,s,ana
gq0,s,edd
gq0,s,7r2
gq0,s,15nq
gq2,h,177u
gq5,s,irw
gq6,h,jue
gq7,h,1d9d
gq8,h,bt1
gq9,h,vd
gqa,h,93g
gqc,h,xm7
gqc,m,13qa
gqc,m,191x
gqd,h,14et
gqe,h,j2h
gqh,h,v39
gqi,h,18xf
gqj,h,19vf
gqk,h,7y8
gql,h,117c
gqm,h,ue9
gqn,h,15bb
gqo,s,12gy
gqp,s,vy0
gqr,h,1l1h
gqs,s,p8i
gqs,s,6f0
gqs,s,2ud
gqs,s,gcd
gqs,s,ssi
gqs,s,o3n
gqt,s,ssj
gqt,s,k9p
gqt,s,1bbp
gqu,s,dvd
gqv,s,1i8d
gqv,s,5y8
gqv,s,h4w
gqv,s,5yd
gqw,s,1bbh
gqx,s,1i73
gqy,s,q2q
gqz,s,qva
gr1,s,aba
gr2,h,91u
gr3,h,91v
gr4,h,91u
gr5,h,1jsy
gr6,s,1hvs
gr7,s,aqz
gr9,h,1dcg
grc,h,1hr2
grd,h,19qq
gri,h,tew
grk,s,q3n
grl,s,q3n
grm,h,1jwm
grn,h,1afe
gro,s,1dy1
grr,h,hfo
grs,h,77g
grt,h,xo0
gru,h,jur
grv,s,31e
grw,h,13vq
grx,h,1akh
gry,h,c4l
grz,h,1cyj
gs0,h,ffb
gs1,h,m4g
gs2,h,198n
gs3,h,glt
gs4,h,1grv
gs5,h,198v
gs6,h,10xf
gs7,h,es6
gs9,h,bs4
gsb,s,jfb
gsd,h,180o
gsf,s,9of
gsg,h,eev
gsh,h,db3
gsi,h,dqd
gsk,h,1dcf
gsl,h,176f
gsm,h,jph
gsn,h,1cxk
gso,h,8r8
gsq,h,1209
gss,h,ps9
gst,h,1a13
gsu,h,h0u
gsv,h,h10
gsw,h,4kc
gsx,h,4c5
gsy,h,cwt
gt1,s,14ts
gt4,h,f06
gt5,s,xhv
gt6,s,5aj
gt7,h,bzf
gt8,h,2ex
gt9,h,p3w
gta,h,c4k
gtb,s,187n
gtc,s,vla
gtd,h,16ke
gte,h,16ke
gtf,h,c4s
gtg,h,2hv
gth,h,e0d
gti,h,w0a
gtj,s,uba
gtk,s,19ih
gtl,s,pwc
gto,h,1j2
gtp,h,843
gtt,h,1fon
gtu,h,1fof
gtw,h,35o
gty,h,17jj
gtz,h,krc
gu2,h,4vj
gu3,m,gu4
gu5,m,gu3
gu9,h,dqb
gua,s,dq1
guc,h,10tq
gud,h,vlw
gue,h,a1p
guf,h,1b05
gug,h,ckb
guh,h,1kcq
guj,h,ckz
guk,h,126k
gum,h,15ob
gun,s,cl0
gup,h,xvy
gur,s,1eqo
gus,s,yzh
guu,s,z0g
guw,h,1kkw
gv0,h,zou
gv1,h,1dc6
gv2,h,s69
gv3,s,1az0
gv5,h,ipw
gv6,h,ipw
gv7,h,p4u
gv7,m,u51
gv7,m,sjz
gv7,m,4v1
gv7,m,ehn
gv7,m,4mw
gv7,m,f90
gv8,h,e42
gv9,h,e3y
gva,s,e45
gvc,h,ewz
gvd,h,aqw
gvd,m,9or
gve,h,fgm
gvf,h,aqv
gvg,h,16mq
gvi,s,t2b
gvi,s,x70
gvl,s,hsw
gvl,s,1438
gvl,s,92g
gvl,s,13zg
gvl,s,1arg
gvl,s,gl1
gvo,h,vsj
gvp,h,g0s
gvq,h,ke
gvs,h,itw
gvt,h,1719
gvu,h,lyl
gvw,h,17so
gvy,h,jaj
gw1,h,pp4
gw2,m,f15
gw3,h,1104
gw4,s,pug
gw6,h,1cpf
gwa,s,pug
gwd,s,1hft
gwe,h,10cg
gwf,h,1a85
gwg,s,pow
gwh,h,fnm
gwi,h,fdd
gwl,h,fh1
gwl,h,emu
gwn,h,3p
gwp,h,1e8c
gwq,h,w63
gwr,h,1cj7
gws,h,jrz
gww,h,fnm
gx0,h,tjc
gx3,s,1g6
gx4,s,1022
gx4,s,p2p
gx4,s,2e6
gx4,s,puz
gx5,h,km
gx7,h,hy3
gx8,h,5hs
gx9,h,18qc
gxa,h,aka
gxb,h,hjf
gxc,h,1a13
gxd,h,18qj
gxe,h,gx8
gxg,h,19c2
gxg,m,gxl
gxg,m,jnz
gxh,h,o0o
gxi,h,3hj
gxj,h,lcy
gxk,h,fk
gxl,h,vyq
gxl,m,1h8e
gxn,h,k82
gxo,h,mmj
gxq,h,117c
gxr,h,15bb
gxs,h,g3g
gxv,s,gxx
gxw,h,1fp8
gxx,s,gy6
gxx,s,u4
gxx,s,147l
gxx,s,1486
gxx,s,1jvq
gxx,s,49
gxx,s,gxv
gxx,s,13he
gxx,s,2r1
gxx,s,13nz
gxx,s,3va
gxy,s,13dn
gxy,s,q5w
gxy,s,hkb
gxy,s,d2o
gxy,s,2qp
gxy,s,yaa
gxz,s,zba
gy2,s,10x8
gy3,s,1kxh
gy4,s,lkd
gy6,s,gxx
gy7,h,vdc
gy8,h,m40
gy9,s,3gz
gya,h,1cfl
gyc,h,1940
gyd,s,19go
gye,h,gyc
gyf,h,muv
gyh,h,gyg
gyi,h,12ju
gyj,h,rwu
gyk,h,15at
gyl,h,c31
gym,m,1apo
gym,m,3er
gym,m,pem
gym,m,u2r
gym,m,swz
gym,m,o8x
gyn,h,vlw
gyo,h,u7f
gyp,h,hf0
gyq,h,ofw
gyr,h,n2q
gys,h,lhs
gyt,s,x8b
gyu,s,p7h
gyv,s,gz1
gyw,s,gz1
gyz,s,9of
gz0,s,gz1
gz1,s,1exq
gz1,s,gyw
gz1,s,gyv
gz1,s,xja
gz1,s,1dfx
gz1,s,gz0
gz3,h,fvj
gz4,s,ufu
gz5,s,1aby
gz6,h,15a4
gz7,h,zc2
gz9,s,xxh
gza,s,1hvc
gzb,h,qum
gzc,h,14te
gzd,h,zi
gze,h,xyh
gzf,h,1gg6
gzg,h,e42
gzh,h,1goh
gzi,h,13j7
gzl,h,1g9o
gzm,h,4xr
gzn,h,91l
gzo,h,e41
gzp,s,h0c
gzp,s,h0f
gzp,s,h07
gzp,s,h00
gzp,s,h04
gzp,s,h03
gzs,m,ype
gzs,m,1bmm
gzs,m,2ho
gzt,h,fc5
gzu,h,u7f
gzw,h,b1r
gzx,h,b1r
gzy,h,b1r
gzz,h,1kbn
h00,s,gzp
h03,s,gzp
h04,s,gzp
h05,s,1bms
h05,s,ypl
h06,s,zpr
h07,s,gzp
h08,h,o8x
h08,m,3mn
h08,m,ife
h08,m,10k
h0b,h,qpb
h0c,s,gzp
h0d,h,18zi
h0f,s,gzp
h0h,s,1afm
h0h,s,hf6
h0h,s,1b21
h0h,s,8i7
h0h,s,10cs
h0h,s,ddu
h0h,s,a1k
h0k,s,1htv
h0l,s,12hc
h0m,s,tr7
h0n,s,q05
h0o,s,mpc
h0p,s,auq
h0q,s,1hee
h0r,s,3qe
h0s,s,8h
h0u,h,h0v
h0u,h,br3
h0v,h,br3
h0w,h,1kn4
h0x,h,25n
h0y,h,h0u
h0z,h,kma
h10,h,br8
h11,h,13vo
h12,h,brj
h12,m,9e5
h13,h,102w
h14,h,o0j
h14,h,1b64
h15,h,e2i
h16,h,khp
h18,h,563
h19,h,15nk
h1a,h,q75
h1b,h,o9j
h1c,s,g0
h1d,h,1kiy
h1e,h,1gi7
h1f,s,1bza
h1i,h,26r
h1l,h,1hql
h1m,h,15ee
h1n,h,9t8
h1o,h,70t
h1u,h,1f8y
h1v,h,wf4
h1w,h,f4t
h1x,h,x2f
h1y,h,x2f
h1z,m,bdl
h20,h,7l5
h22,h,qli
h23,h,1emh
h24,h,re0
h25,h,11un
h25,m,3b6
h25,m,h26
h25,m,h24
h26,h,9zg
h27,h,1072
h29,h,160y
h2a,h,yxx
h2b,h,16ib
h2c,h,160y
h2d,h,1w6
h2e,h,pre
h2f,h,16mv
h2h,s,160s
h2i,s,16yw
h2j,h,h2b
h2k,h,16hn
h2n,h,crs
h2o,h,1g4u
h2p,h,uv2
h2q,h,11qp
h2r,s,fis
h2s,h,e1a
h2t,h,r82
h2t,m,h95
h2t,m,qp4
h2u,h,105d
h2w,h,10y2
h30,h,5g4
h31,h,hzw
h32,h,5g5
h34,h,h3h
h35,h,h3g
h38,s,h7t
h39,s,1kmo
h3a,s,13xq
h3b,h,16xp
h3c,s,1fgz
h3i,h,18fh
h3j,h,1ebf
h3j,m,193a
h3k,h,h7s
h3l,h,lcw
h3m,h,j9
h3n,h,1ebf
h3o,h,1g3w
h3q,h,hlw
h3r,h,5sb
h3s,s,s2d
h3u,h,f6x
h3x,h,11k5
h3y,h,10o2
h3z,h,132t
h41,h,hi5
h42,h,dk9
h43,m,1z7
h43,m,1503
h43,m,lmo
h43,m,h45
h46,s,yml
h48,s,mf9
h49,h,pa2
h4a,h,mfa
h4b,h,9bb
h4c,h,46g
h4e,h,dce
h4f,h,17tv
h4g,h,1k9m
h4h,h,1e3z
h4i,s,1htf
h4j,h,164d
h4k,h,o2n
h4l,s,1fyj
h4n,h,6dx
h4o,h,1a8j
h4p,h,1ii5
h4q,h,1dsy
h4r,h,tv3
h4s,h,u6
h4t,h,19rv
h4u,s,69p
h4v,s,19ro
h4w,s,gqv
h51,h,2e5
h52,h,69l
h53,s,1ezz
h54,h,143k
h55,s,ylz
h55,s,sga
h56,h,25j
h57,h,hvp
h5c,h,91u
h5d,h,14ec
h5e,h,91u
h5f,h,8si
h5g,h,1kqj
h5h,h,q01
h5i,h,n3b
h5j,h,rnq
h5l,h,2k1
h5o,h,zja
h5q,h,132u
h5s,h,ydq
h5t,h,57w
h5u,h,12rl
h5v,s,sni
h5v,s,u2a
h5w,s,qny
h5x,h,kh
h5x,m,tiy
h5x,m,os9
h5x,m,a08
h5y,h,bt4
h5z,h,tak
h60,h,13wv
h61,h,1iec
h63,s,qys
h65,h,1bsf
h66,s,qys
h67,h,13x2
h68,h,r78
h6n,h,k3m
h6r,s,1dt8
h6s,s,1d16
h6u,h,1hql
h6v,h,p8a
h6y,h,1kgl
h6z,h,pzz
h70,h,vr2
h71,h,1ing
h72,h,1e8c
h73,h,8o2
h74,h,im
h75,h,11k5
h76,s,no7
h76,s,q0b
h77,s,b2h
h78,s,h7o
h79,s,zip
h7a,s,kp
h7b,s,zil
h7d,h,1397
h7f,h,zoc
h7g,h,11kl
h7i,h,jnb
h7j,s,1i08
h7k,h,1gz2
h7l,s,8ul
h7l,s,y8i
h7m,h,xxy
h7n,s,k65
h7n,s,72x
h7n,s,wl
h7n,s,85r
h7o,s,h78
h7q,h,h7d
h7r,h,15ee
h7s,h,1anr
h7t,s,isc
h7t,s,1d3n
h7t,s,7fa
h7t,s,h38
h7v,h,16je
h7w,h,d5q
h7x,h,1jnx
h7y,s,zxn
h7z,h,ffn
h80,h,srg
h81,s,o3m
h81,s,2sb
h81,s,gdj
h81,s,1ak7
h81,s,2sc
h81,s,ip4
h81,s,t8r
h82,s,j3q
h82,s,1hrr
h84,h,138o
h85,h,hlj
h86,h,iwc
h87,h,kfq
h88,s,egt
h8b,h,ybz
h8c,h,x5u
h8d,h,g0s
h8g,s,17o7
h8h,h,107a
h8h,m,1kx3
h8i,h,kp9
h8i,m,h8l
h8i,m,19uw
h8i,m,h8m
h8j,h,118b
h8k,h,aef
h8l,h,qp2
h8m,h,qp2
h8o,h,4sy
h8o,h,wsf
h8p,h,r18
h8q,h,14ie
h8s,h,oav
h8s,m,h8r
h8t,h,13os
h8u,h,wi1
h8w,h,1f9e
h8x,h,1g8v
h8z,h,v68
h90,h,h92
h91,h,b82
h93,s,198g
h95,h,15km
h96,h,ii
h97,h,od3
h98,m,1f7y
h98,m,18b8
h98,m,unm
h98,m,1agb
h98,m,vze
h98,m,sul
h98,m,m9p
h98,m,7mv
h98,m,1dm1
h98,m,yet
h98,m,1dn
h98,m,h9a
h9a,h,10m
h9d,m,11vy
h9e,h,2r3
h9f,h,2r4
h9k,h,14yy
h9l,s,16jm
h9n,h,1inw
h9o,h,1c46
h9p,h,f5v
h9q,s,872
h9s,s,872
h9t,h,15bb
h9u,s,znp
h9v,h,15bb
h9w,s,znp
h9x,h,yrs
h9y,h,dys
h9z,h,dys
ha1,h,15bb
ha2,s,znp
ha4,s,872
ha8,h,w63
haa,h,jps
hab,h,grx
had,h,ioy
hae,h,imm
haf,h,ffo
hag,h,v3k
hah,h,1brt
hai,h,isd
haj,h,iq8
hak,h,4a9
hal,h,18zx
hao,m,186q
hap,s,jb5
haq,h,9yj
har,h,13vq
has,h,evw
hau,h,b4d
hav,h,ewb
haz,h,1k4a
hb0,h,xxw
hb1,h,u45
hb2,h,28w
hb3,m,5lr
hb4,h,u6
hb7,s,1d58
hb7,s,17qd
hb7,s,9ed
hb7,s,hbb
hb7,s,6do
hb7,s,1c5z
hb7,s,ir7
hb7,s,kcd
hb7,s,1d50
hb7,s,jry
hb8,h,j2h
hb9,s,me
hbb,s,hb7
hbd,h,vlw
hbf,h,1csu
hbg,s,j14
hbg,s,ogz
hbg,s,1dfn
hbg,s,ma4
hbg,s,1ife
hbh,s,s2d
hbi,s,imi
hbk,h,s27
hbn,h,51m
hbo,h,124i
hbq,h,rzs
hbr,h,s1l
hbs,h,yv1
hbt,h,s1j
hbu,h,tk
hbv,h,1a64
hbx,s,19bd
hby,h,gnx
hbz,h,132u
hc0,s,1dt8
hc1,s,197u
hc2,s,q76
hc3,h,9m3
hc4,h,9m3
hc5,h,1jdc
hc6,h,9kk
hc7,h,1ckm
hc8,h,13ee
hc9,h,1kkz
hca,h,11la
hcb,s,hcg
hcc,s,zl2
hcd,h,cij
hce,h,13qi
hcg,s,hcb
hch,h,9vi
hch,m,bpj
hch,m,1jdk
hch,m,1jdd
hck,h,84i
hcl,s,1ezz
hcm,s,imi
hco,h,jaq
hco,m,p5t
hcr,h,15gw
hcs,h,162t
hcu,h,1615
hcw,h,hu7
hcx,h,1398
hd1,h,hsx
hd2,h,1cu1
hd3,h,hsv
hd4,h,iu8
hd5,h,14b
hd6,h,jw8
hd7,h,mc
hd8,s,imi
hd9,h,msd
hdd,h,9ch
hde,h,hen
hdf,h,sg5
hdg,h,sfx
hdh,h,inn
hdi,h,sgh
hdj,h,bd9
hdk,h,em2
hdl,h,msd
hdn,h,e34
hdo,h,ela
hdp,h,1bfj
hds,h,80m
hdt,h,uu9
hdt,m,2vt
hdv,h,1hwy
hdw,h,uul
hdx,h,11v3
hdz,h,w7i
he2,h,ti9
he5,h,1eyj
he8,h,heb
he9,h,3p2
heb,h,wer
hed,h,11v3
hee,h,xxy
heg,h,31c
heh,h,12du
hel,h,11v3
hem,h,zig
hen,h,1f9n
heo,h,1j2
hep,h,14te
heq,h,14te
her,s,y0p
her,s,dos
her,s,eel
her,s,17c9
her,s,jyy
her,s,iww
hes,s,mol
het,s,moe
hex,s,1bjj
hey,h,12nu
hez,h,hzx
hf0,h,1dik
hf1,h,1akt
hf6,s,h0h
hf7,s,4jb
hf8,h,1ju4
hfb,h,109k
hfb,m,13u1
hfb,m,1h1r
hfc,h,hjf
hfd,h,pgz
hfe,s,t0j
hfh,s,158d
hfi,h,157d
hfj,h,17b6
hfl,h,fsv
hfm,h,ta7
hfn,h,12ad
hfo,m,84l
hfp,h,18v
hfr,s,872
hfs,h,15bb
hft,s,znp
hfu,h,j6z
hfw,s,1dt8
hfx,s,1az0
hfy,s,12g5
hg0,h,e4q
hg1,s,qgx
hg2,h,imo
hg3,h,14t1
hg4,s,tdr
hg4,s,43h
hg4,s,er2
hg4,s,hyh
hg4,s,11b0
hg6,h,sfx
hg7,h,4sa
hg8,h,16ed
hg9,h,16ea
hga,h,ffo
hgb,h,1wc
hgc,h,16ea
hgd,h,xjt
hge,h,12m
hgh,h,zde
hgi,m,1etv
hgj,h,12s2
hgk,h,x5u
hgl,h,u0a
hgm,h,137a
hgm,h,10hq
hgq,h,11k5
hgr,h,e5t
hgs,h,24y
hgv,h,biz
hgw,h,zde
hgy,s,17o7
hgz,s,1af9
hh0,s,b9r
hh3,h,1gi7
hh4,h,1kiy
hh5,h,v7n
hh6,h,zm1
hh8,s,ubb
hh9,h,tgm
hha,s,ubb
hhc,h,n5
hhe,h,kbe
hhg,h,iwk
hhh,s,310
hhk,h,itm
hhl,h,i9i
hhm,h,11jd
hho,s,1hu7
hhp,s,30d
hhq,s,pul
hhs,h,1jml
hht,h,iz7
hhu,h,h6n
hhv,h,h6o
hi0,h,o2n
hi2,m,12oq
hi2,m,ho3
hi3,h,924
hi4,h,ato
hi5,h,vnm
hi6,h,zq9
hi7,h,924
hi8,s,l58
hi9,h,tmu
hia,h,tmx
hib,s,17my
hic,h,1jsx
hid,h,1cpj
hie,h,h7i
hif,h,bmt
hig,h,x8r
hih,h,hp3
hii,h,xby
hii,m,1701
hik,h,48a
hil,h,1cxw
him,h,5z4
hin,h,m4d
hio,h,1igc
hip,s,342
hiq,s,1i32
his,h,19pw
hit,h,hlw
hiu,h,1gr5
hiw,h,ene
hix,h,ky1
hiy,h,zp8
hiz,s,13il
hj0,s,jb5
hj1,h,n3f
hj2,s,hp5
hj3,s,r0v
hj4,h,irc
hj5,h,e3i
hj6,h,l26
hj7,m,zsm
hj7,m,1kv9
hj8,h,1clp
hj9,s,pp8
hja,h,t0c
hjb,h,dzu
hjb,h,1fc0
hjd,h,e3g
hje,h,eqm
hjf,h,1e75
hjg,s,16jn
hjh,s,1h5o
hji,h,11kw
hjj,h,yzv
hjk,h,1h5v
hjl,h,16j8
hjm,s,62u
hjn,h,32
hjp,h,1fom
hjq,h,z3z
hjq,m,hjr
hjr,h,aaf
hjs,h,pzw
hjt,h,hp4
hju,h,9z6
hjv,h,q6s
hjw,h,se
hjx,h,q6o
hjy,h,9z7
hjz,h,e3g
hk0,h,105v
hk2,h,y2o
hk3,h,rfl
hk4,s,rfp
hk5,h,aq8
hk6,h,12bp
hk7,h,239
hk7,m,1h8b
hk8,h,1bsg
hk9,h,5g5
hka,s,prs
hkb,s,gxy
hkc,h,p1t
hkd,h,57w
hke,h,c9y
hkf,s,1m4
hkg,h,55w
hkh,h,rwr
hki,h,mwo
hkj,h,2ig
hkk,h,2ig
hkl,h,1dwy
hkm,h,4x6
hkn,h,4x6
hko,h,2iq
hkp,h,cwu
hkt,s,1dlp
hku,s,xve
hkv,s,lkd
hkw,h,16vk
hkx,s,zb5
hkz,h,wiu
hl0,h,58
hl1,h,16d7
hl2,h,wd8
hl3,h,wda
hl4,h,wdc
hl8,s,1dsq
hl9,s,ogo
hlb,h,17so
hlc,h,g3g
hld,h,132u
hle,h,16jo
hlf,h,h96
hlg,h,16ao
hlh,h,khp
hli,h,ioy
hlk,h,hdj
hll,h,12o
hln,h,1k13
hlo,h,3so
hlp,h,b2d
hlq,h,io
hls,h,jlr
hlu,s,y7
hlu,s,8m5
hlu,s,x49
hlu,s,li0
hlu,s,1023
hlu,s,1bkf
hlu,s,95n
hlu,s,upc
hlu,s,4mp
hlu,s,u3h
hlw,h,hls
hlx,h,1g8v
hm0,s,al3
hm1,h,2f1
hm2,h,u17
hm3,h,9m3
hm4,s,1e7r
hm5,h,1e81
hm6,h,1bni
hma,m,d1h
hmb,h,pyh
hmd,h,j9
hme,s,1d4q
hmf,s,krp
hmg,s,37q
hmj,h,g3g
hmk,h,mnk
hml,h,wyx
hmo,s,it3
hmo,s,isv
hmo,s,it2
hmo,s,bfi
hmr,h,re9
hms,h,11qp
hmt,h,14nw
hmu,h,14nw
hmx,h,1klm
hmy,s,ok7
hmy,s,1klt
hmy,s,hts
hmz,s,iub
hn0,h,1klm
hn1,h,15ee
hn2,h,t8s
hn3,h,1cj7
hn4,h,z4a
hn5,h,j9
hn6,h,2ke
hn7,s,3nt
hn8,h,hm6
hn9,h,bc2
hna,h,pa2
hnb,s,1ia0
hnc,s,tpr
hnc,s,1jb2
hnc,s,1ilb
hnc,s,5o4
hnc,s,1ilc
hnc,s,mb9
hnc,s,1ilt
hnc,s,4e0
hnc,s,ue0
hnd,h,bs4
hne,s,vr8
hnf,s,pa6
hng,s,ge2
hnh,h,91u
hni,h,924
hnj,h,16ed
hnk,h,16ea
hnl,s,172h
hnn,s,mdm
hnp,h,15f6
hnq,h,pr9
hnr,h,pra
hns,h,b2f
hnt,h,1p8
hnu,h,1etr
hnv,h,pre
hnx,s,b2n
hny,h,1k0g
hnz,h,91u
ho0,h,924
ho1,h,aom
ho2,h,aem
ho4,h,91u
ho5,s,j4v
ho5,s,188r
ho6,h,io
ho7,h,teq
ho9,h,b5l
hoa,h,10cv
hob,h,aem
hoc,h,e3g
hod,h,c1s
hoe,s,uh6
hof,h,b5l
hog,s,169g
hoh,h,hp4
hoi,h,f5i
hoj,h,bc2
hok,h,13ud
hol,h,hp4
hom,h,hp7
hon,h,10cv
hoo,h,qmc
hoq,h,qmc
hor,h,16sf
hos,h,12h6
hot,s,je3
hot,s,58i
hot,s,4xg
hou,h,1biz
how,h,1bj1
hox,h,1kib
hoy,h,z48
hoz,h,fkh
hp0,h,19qu
hp1,s,11h2
hp2,h,fva
hp3,h,ood
hp4,h,1dye
hp5,s,1dyf
hp5,s,rfs
hp5,s,566
hp5,s,q6r
hp5,s,a0c
hp5,s,hj2
hp5,s,83f
hp5,s,a9u
hp5,s,6gw
hp6,h,2sj
hp7,h,qvj
hp8,h,1bo1
hp9,h,g0u
hpa,h,bzf
hpb,h,d5e
hpc,s,b4s
hpd,h,13av
hpe,s,a8t
hpf,h,11fj
hpg,h,16lm
hph,h,rzq
hpi,h,qxk
hpj,h,qgt
hpk,h,2ml
hpl,h,oxe
hpm,s,1594
hpm,s,141a
hpm,s,ipn
hpm,s,o15
hpn,s,1dvc
hpp,h,u6
hpq,s,rbu
hpr,h,aef
hps,h,e3g
hpt,h,now
hpu,s,a8c
hpu,s,7au
hpu,s,x8n
hpu,s,rfq
hpv,h,94z
hpw,h,tjb
hpx,s,fuw
hpy,h,15zm
hpz,s,b5w
hq0,h,b2v
hq2,h,j0i
hq3,h,12oh
hq4,h,hqy
hq5,h,10si
hq6,h,1cj7
hq7,h,1dwv
hq8,h,txn
hq9,h,6dx
hqa,h,1fzp
hqb,h,bws
hqd,h,txp
hqf,h,91u
hqg,h,4pe
hqh,h,esh
hqi,h,hq2
hqj,h,13vw
hqk,h,17tj
hql,h,ipw
hqm,s,1jef
hqn,h,12h6
hqo,h,shj
hqp,h,1gu8
hqr,s,i0e
hqt,h,fj8
hqu,h,12bp
hqv,h,hq4
hqw,h,hq4
hqx,h,x7l
hqy,h,nne
hqz,h,oav
hqz,m,9fh
hr0,s,uba
hr1,s,qlt
hr2,s,bum
hr5,h,gtv
hr6,h,87j
hr7,h,19h2
hr9,h,maj
hra,h,1bsg
hrb,h,vu9
hre,h,eje
hrf,h,ejd
hri,h,vex
hrj,s,r11
hrn,h,u0f
hrp,h,1104
hrq,h,xfg
hrr,h,11k5
hrs,h,10o2
hrt,h,11cu
hru,h,1ab4
hrv,h,1415
hrw,h,1abo
hrx,h,1duy
hry,h,1abu
hs1,h,ika
hs2,h,1aml
hs2,m,65p
hs2,m,a0o
hs2,m,18jl
hs2,m,rzs
hs4,h,1c3b
hs6,h,i3o
hs8,h,1g52
hs9,h,ho4
hsa,h,m8l
hsd,h,81h
hse,h,m9l
hsf,h,1d46
hsg,s,1109
hsl,h,rkm
hsm,h,wf4
hsm,m,hsn
hsn,h,vd
hso,h,11c5
hsp,s,7zs
hsp,s,11uv
hsp,s,1d4d
hsp,s,1j3p
hsp,s,1d6
hsp,s,qbm
hsp,s,gl2
hsq,s,hxt
hst,h,km
hsu,h,ews
hsv,h,kh
hsw,s,gvl
hsy,h,kre
hsz,h,gjx
ht0,h,u45
ht1,h,mkr
ht3,h,1jsx
ht4,h,1jt8
ht5,h,32
ht6,h,1880
ht7,h,1jsx
ht8,h,m8h
ht9,h,e51
hta,h,n9j
htb,h,158r
htc,h,b22
htd,h,b22
hth,h,cn
htj,h,l5q
htk,h,ok6
htl,h,1g33
htm,h,bt1
htn,h,13va
hto,h,xds
htp,s,7fv
htq,s,rfp
htr,s,lwa
hts,s,hmy
htt,s,bke
htu,h,hn4
htv,h,brs
htx,s,3is
htz,h,8o2
hu0,h,xb5
hu0,m,7v1
hu0,m,lwb
hu1,h,8nw
hu2,h,qyu
hu3,h,8h1
hu3,m,dio
hu4,h,11k5
hu5,h,zit
hu6,h,eqq
hu7,h,fg0
hu8,h,17jj
hu9,m,1081
hu9,m,6u5
hu9,m,nj6
hu9,m,1jz7
hu9,m,132c
hu9,m,1gjc
hu9,m,15iq
hu9,m,1dyb
hu9,m,odl
hu9,m,tfg
hu9,m,1kx8
hu9,m,7sz
hu9,m,1bgo
hu9,m,me9
hu9,m,3s8
hu9,m,19lt
hu9,m,u4i
hu9,m,zvn
hu9,m,p76
hu9,m,ypy
hu9,m,tff
hu9,m,1f6x
hu9,m,swh
hu9,m,d94
hu9,m,5mq
hu9,m,1dqr
hu9,m,d93
hu9,m,sc4
hu9,m,twa
hu9,m,7tf
hu9,m,4mj
hu9,m,553
hu9,m,ypx
hu9,m,5i9
hu9,m,sug
hu9,m,p86
hu9,m,ib3
hu9,m,3s7
hu9,m,9ao
hu9,m,1h55
hu9,m,6vf
hu9,m,v48
hu9,m,cea
hu9,m,uay
hu9,m,yau
hu9,m,ck6
hu9,m,9e1
hu9,m,3s6
hu9,m,1kkg
hu9,m,18p
hu9,m,swg
hu9,m,1dzy
hu9,m,ypb
hu9,m,c8r
hu9,m,exl
hu9,m,me8
hu9,m,huh
hu9,m,hui
hud,h,xvy
hue,h,p7w
huf,h,1bxn
hug,h,12c0
huj,h,pg6
huk,h,h12
hul,h,vz8
hum,h,xz
hun,h,13re
huo,h,8eg
hup,s,8ei
hus,h,13r8
hut,h,12dh
huu,h,13rn
huv,s,1kqo
huw,h,hzl
hux,h,r27
huy,h,57w
huz,s,q9s
hv0,h,q16
hv2,s,q7w
hv3,s,1p5
hv4,h,145q
hv5,h,kr9
hv7,h,1ij2
hv8,h,isr
hv9,s,12gy
hva,h,11k5
hvb,h,12hg
hvc,h,kh
hvf,h,q9r
hvg,h,n3u
hvh,s,1htf
hvi,h,1cj7
hvj,h,11t0
hvl,h,1erq
hvm,h,143r
hvp,h,h5y
hvt,h,hwm
hvu,h,1fon
hvv,h,axm
hvw,h,1csv
hvy,s,23m
hvz,h,hxa
hw0,s,1ek3
hw1,h,ouz
hw2,h,1411
hw3,h,bc2
hw4,h,1416
hw5,s,qxm
hw7,h,1bsf
hw8,h,2zx
hw9,h,hwe
hwa,h,y2w
hwb,h,3fw
hwc,s,t0j
hwe,h,t0t
hwh,h,213
hwi,h,57w
hwj,h,mn
hwk,h,q16
hwl,h,m64
hwm,h,164u
hwn,h,11k5
hwo,h,14nw
hwq,h,8gy
hwr,h,anb
hws,h,zxe
hwt,h,hp4
hwu,h,16z3
hww,h,ar0
hwy,h,1dfb
hwz,h,1dfd
hx0,h,845
hx1,h,dzs
hx2,s,1dk8
hx3,h,1bsg
hx4,h,1d96
hx4,m,l9k
hx4,m,c8f
hx4,m,2rn
hx4,m,3ia
hx5,h,ibg
hx6,h,91n
hx7,h,y1a
hx8,h,t8h
hx9,h,rfl
hxa,h,1h4b
hxb,s,1ek3
hxc,s,1hs4
hxd,h,bzw
hxe,h,ku
hxf,h,syr
hxg,h,1hj
hxh,h,165
hxn,h,qmc
hxo,m,hxm
hxp,h,fj8
hxq,h,1hm5
hxr,h,zoy
hxs,h,gjx
hxt,s,hsq
hxt,s,hza
hxu,h,1ba1
hxv,h,bsi
hxw,h,11k5
hxx,s,r44
hxz,h,fx7
hy0,h,re6
hy1,h,imc
hy2,h,1ehk
hy3,h,jlr
hy4,h,r3x
hy5,h,1dvb
hy6,s,3rr
hy6,s,igo
hy6,s,crf
hy6,s,2s5
hy6,s,mej
hy6,s,1026
hy8,h,14a2
hy9,h,qn6
hya,s,1k65
hyb,s,1b1y
hye,h,b3x
hyf,h,hn6
hyg,h,xsk
hyh,s,hg4
hyi,h,1fs8
hyl,h,1l25
hym,h,1l26
hyn,h,5z4
hyo,h,b2
hyp,h,922
hyq,h,2z1
hyr,h,phi
hys,h,jkp
hyt,h,ecx
hyu,h,axy
hyv,h,1ggj
hyw,h,btk
hyx,h,e77
hyy,h,16ll
hyz,h,cin
hz0,h,177u
hz1,h,hyq
hz2,h,jey
hz4,s,rfw
hz5,s,ib8
hz6,h,kxx
hz6,m,1gj0
hz7,h,130p
hz8,h,7fe
hza,s,hxt
hzb,h,10vl
hzc,h,10vl
hze,h,da
hzf,h,zig
hzg,h,xsl
hzh,h,u15
hzi,h,315
hzj,s,1g3l
hzk,h,q8r
hzl,h,ckb
hzm,h,bs4
hzn,h,1kos
hzo,h,ddf
hzp,h,cl2
hzr,h,429
hzs,s,a8t
hzt,s,er1
hzw,h,1akt
i02,h,13km
i03,h,1620
i06,h,pqo
i07,s,1i4u
i08,h,fb2
i09,h,1cgm
i0a,h,16mz
i0c,h,r4
i0d,h,er6
i0e,s,hqr
i0g,h,376
i0h,h,8jb
i0h,h,147f
i0i,h,5fi
i0k,h,ozx
i0l,m,i5x
i0m,h,ubj
i0p,h,kjc
i0q,h,1e8c
i0s,h,16ho
i0t,h,1cj6
i0u,h,f9t
i0v,h,st
i0x,h,315
i10,h,1a64
i11,h,6yc
i11,h,1fz
i12,h,1fod
i13,s,pwf
i14,h,1gc0
i15,h,25x
i16,h,qum
i19,h,mwk
i1d,s,t0j
i1e,h,12nu
i1f,h,19h2
i1h,h,13uc
i1i,h,19cz
i1k,s,qhg
i1l,h,g0s
i1m,h,9sq
i1o,s,egt
i1p,s,11mi
i1p,s,10i5
i1p,s,i3r
i1q,h,zwi
i1t,h,vu9
i1v,h,1d2i
i1v,m,1d2j
i1w,h,gpr
i1x,h,qmc
i22,h,w6f
i24,h,qmc
i25,h,18gs
i26,h,150m
i27,h,qui
i28,h,10fb
i29,h,uf2
i2a,h,6jz
i2c,h,1a85
i2d,m,k29
i2e,h,ba3
i2f,h,ba3
i2h,m,oiw
i2h,m,bdm
i2i,h,oys
i2i,h,8lf
i2i,h,y94
i2i,h,1irm
i2j,h,v6o
i2l,h,7ij
i2m,h,16ho
i2n,h,7l5
i2r,h,qmc
i2s,h,11c5
i2v,h,147t
i2w,h,1f0y
i2y,h,nne
i2y,m,q5m
i2z,h,192t
i30,h,6wb
i31,s,fxp
i32,s,1i3h
i33,s,pwf
i36,h,11qp
i37,h,11qw
i38,h,tjb
i39,h,66z
i3j,s,qnj
i3k,h,qui
i3l,h,vz2
i3m,h,z6m
i3p,h,1kko
i3q,h,zxz
i3r,s,i1p
i3s,h,drz
i3u,s,1aby
i3v,h,xse
i3w,h,xse
i3y,h,12o4
i40,h,mes
i41,h,tjc
i43,s,1ex7
i46,s,a8y
i46,s,i4x
i46,s,rmt
i46,s,i5p
i46,s,rm0
i46,s,ihl
i46,s,c2v
i46,s,ai6
i46,s,1fmh
i46,s,rn9
i46,s,1504
i46,s,i4v
i48,h,b2f
i49,h,91u
i4a,h,187p
i4b,h,1ckm
i4c,h,ii
i4d,h,18qj
i4f,h,18qi
i4h,h,i47
i4j,h,i4c
i4l,h,9sq
i4o,s,1gqn
i4o,s,10k1
i4p,h,1evt
i4q,h,z8s
i4r,h,3hd
i4u,s,22s
i4v,s,i46
i4w,h,jus
i4x,s,i46
i4y,h,924
i4z,h,1cap
i50,h,1akt
i51,h,144v
i55,h,ft9
i5a,h,1duw
i5b,h,ho4
i5c,h,qz5
i5d,s,136s
i5e,s,o7f
i5e,s,13im
i5e,s,1j86
i5e,s,2wt
i5e,s,zxf
i5f,s,13il
i5g,s,2vx
i5h,m,p0p
i5i,s,ihq
i5i,s,ou2
i5k,h,381
i5l,h,r40
i5m,h,i4a
i5n,h,aj8
i5p,s,i46
i5q,s,qcy
i5q,s,ih8
i5q,s,g8k
i5r,s,14xa
i5s,s,q82
i5t,h,1ic7
i5t,h,1p4
i5u,h,j9p
i5v,m,ozx
i5v,m,36m
i5v,m,xgs
i5v,m,1kzn
i5v,m,ojj
i5v,m,14so
i5v,m,g3s
i5w,h,1fon
i5x,m,11go
i5y,h,esr
i60,h,sfx
i61,h,ec7
i63,h,pxk
i65,h,ca0
i66,h,2sk
i68,h,w63
i6a,s,10w5
i6a,s,15a1
i6a,s,zsl
i6a,s,jf9
i6a,s,i6b
i6a,s,1cg9
i6a,s,1d05
i6b,s,i6a
i6c,s,irg
i6d,h,gw3
i6d,h,pz5
i6e,h,bqe
i6g,h,1d96
i6h,h,1cex
i6i,h,16bx
i6m,s,15al
i6o,h,1cq0
i6q,h,lhs
i6r,h,1fz
i6s,h,12pu
i6t,h,o22
i6u,m,2s0
i6u,m,11yt
i6u,m,7rs
i6u,m,tc9
i6u,m,o22
i6u,m,1ilo
i6u,m,8gp
i6u,m,lv5
i6w,h,rip
i6y,m,kb4
i70,m,o4s
i74,m,35e
i74,m,i76
i76,h,id8
i77,h,li9
i78,h,1ju2
i7b,h,dzo
i7c,h,dn7
i7d,s,1kmx
i7f,s,19cb
i7h,s,17my
i7k,h,e2i
i7l,s,ess
i7m,h,19cz
i7n,s,19n3
i7r,h,1gnv
i7s,s,j92
i7t,s,1hh3
i7u,s,925
i7v,s,1i85
i7w,s,1i5q
i7y,s,j92
i7z,s,q9b
i80,h,q9f
i81,h,wnk
i82,h,j5v
i83,h,ij4
i84,h,nne
i85,h,wql
i86,h,ahj
i87,s,11et
i88,h,1dix
i89,s,31e
i8a,s,10x8
i8b,s,18my
i8c,h,h5y
i8d,h,4wx
i8e,h,r28
i8f,h,924
i8g,h,2ig
i8h,h,itx
i8i,h,2ig
i8j,h,1gr9
i8k,h,1e8c
i8l,h,ja
i8m,h,hkn
i8o,s,k5
i8p,h,hxm
i8r,m,1ji5
i8w,h,15dx
i8y,m,g2d
i91,h,1a64
i93,h,1c7n
i94,h,1c7m
i95,h,18i6
i96,h,a5s
i97,h,q9r
i98,h,q9p
i99,h,1cd5
i9a,h,30w
i9b,h,fx7
i9d,h,fx7
i9e,h,3s4
i9f,h,vre
i9g,h,12bp
i9h,h,ffq
i9i,h,kbe
i9j,h,i9i
i9k,h,rnw
i9l,h,lej
i9n,h,dtx
i9o,h,vs1
i9p,h,1awe
i9q,h,kxx
i9r,h,18gu
i9t,h,1f8y
i9u,h,16zu
i9w,h,hxm
i9y,h,146z
i9z,h,3hd
ia0,h,ce
ia2,h,12dh
ia3,h,19wd
ia4,h,176f
ia5,h,qdg
ia9,h,qmc
iaa,h,xlb
iaa,h,10w1
iab,s,xq9
iab,s,2qc
iab,s,86
iab,s,7jo
iac,h,1920
iad,m,1202
iae,h,188w
iaf,h,1gil
iag,s,1hfj
iai,h,1c7e
iaj,h,140d
iak,h,ae
ial,h,aij
iam,h,u45
ian,h,fpx
iao,h,3hd
iap,h,v3k
iaq,h,1kqj
iar,h,3h4
ias,h,1kqf
iat,h,oo4
iau,h,oo3
iaw,h,1dik
iay,h,rwq
iaz,s,xn7
iaz,s,5fs
iaz,s,1j8h
iaz,s,1cgv
iaz,s,1j6e
iaz,s,4i0
iaz,s,1dip
iaz,s,bpm
ib1,s,y17
ib2,h,pyg
ib4,h,zh2
ib5,h,qqt
ib6,h,uya
ib8,s,hz5
ib8,s,n1i
ib8,s,z8w
ib8,s,e55
ib8,s,15qx
ib8,s,tf0
ib9,s,148u
iba,s,ksx
ibb,h,1d96
ibc,h,zoy
ibd,h,xxy
ibe,h,1429
ibf,h,143j
ibg,h,15jj
ibh,h,9zd
ibi,h,ouw
ibj,s,16le
ibn,h,bkw
ibp,h,11qp
ibq,s,qv
ibr,s,16le
ibs,h,7oe
ibt,h,s32
ibu,h,1cjh
ibv,h,16q8
ibw,h,7o8
ibx,h,g74
iby,h,2yi
ibz,m,u55
ibz,m,1ehs
ic3,h,ic7
ic4,h,1egr
ic5,h,91u
ic6,h,ic7
ic7,h,1cpz
ic8,h,286
ica,h,ic7
ice,h,61a
icf,h,tjc
icg,h,1db1
ich,h,13re
ici,h,1a4e
icj,h,fse
ick,h,31s
icl,h,hus
icm,h,hut
icn,h,1fof
ico,h,4yc
icp,h,1fom
icq,h,w7r
icq,h,pdk
ics,h,vur
icv,s,ecn
icw,h,u72
icx,h,13r0
icy,h,1ebh
icy,m,13r3
id1,s,177r
id2,h,xat
id4,h,11qp
id5,h,11qw
id6,m,id8
id8,h,10m
id9,h,65p
ida,h,11k5
idb,h,n3b
idd,h,14te
idf,h,10t1
idg,h,29x
idi,h,29y
idk,h,29x
idl,h,29y
idm,h,1l25
idn,h,1l26
ido,h,3iy
idp,h,1g3
idq,h,1cg
idr,h,lst
idr,h,1g1
ids,h,2bg
idt,s,aqz
idu,h,1jsx
idv,h,91u
idw,h,91u
idx,h,2im
idy,h,1jt1
idz,h,5pt
ie2,h,8o0
ie3,h,11qw
ie4,h,17sa
ie6,h,1daj
ie7,h,ro6
ie8,h,xm7
ie9,h,42b
ieb,h,tll
iec,h,ol5
ied,h,tyk
iee,h,kvb
ief,h,1kiy
ieg,h,n92
iei,h,86o
ien,m,1dxk
iep,h,tpj
ieq,h,148g
ier,h,zou
ieu,h,zm1
iev,h,13ax
iew,h,13av
iey,h,v3k
iez,m,1jfp
iez,m,1d2y
if0,m,660
if1,h,18gs
if5,s,1aef
if5,s,mir
if6,s,1bbh
if7,h,4kt
if8,m,1c70
if8,m,12od
if9,m,rty
if9,m,175f
if9,m,if8
if9,m,v6w
if9,m,oet
ifa,h,hbk
ifb,s,iri
ifd,h,moa
ife,m,34i
ife,m,1bnp
ife,m,1bno
ife,m,ifl
ife,m,17wj
ife,m,17wk
ifg,h,ifo
ifg,h,34m
ifl,m,wxb
ifl,m,1eo7
ifl,m,wyn
ifl,m,mwc
ifl,m,y7m
ifl,m,132d
ifl,m,1acz
ifl,m,1h6z
ifl,m,18j2
ifl,m,dkn
ifl,m,pk9
ifl,m,ibz
ifl,m,roe
ifl,m,k7q
ifl,m,rhe
ifl,m,tou
ifl,m,4z0
ifl,m,1za
ifl,m,k0o
ifl,m,3mv
ifl,m,btv
ifl,m,uni
ifl,m,12q7
ifl,m,pjh
ifl,m,m5z
ifl,m,hbl
ifl,m,18r4
ifl,m,t4j
ifl,m,17i8
ifl,m,18j1
ifl,m,45v
ifl,m,76f
ifl,m,1bop
ifl,m,m35
ifl,m,hu9
ifl,m,1ax6
ifl,m,t01
ifl,m,1e5y
ifl,m,l33
ifl,m,4yk
ifl,m,pa1
ifm,h,anb
ifo,h,qpb
ifp,h,1b0e
ifq,m,uni
ifq,m,l33
ifq,m,1e2i
ifq,m,roe
ifq,m,132d
ifq,m,mwc
ifq,m,eia
ifq,m,m35
ifq,m,1hxa
ifq,m,rhe
ifq,m,y7m
ifq,m,1bop
ifq,m,4z0
ifq,m,k0o
ifq,m,3mv
ifs,h,38q
ift,h,w63
ifu,h,mm4
ifx,h,30n
ify,h,fx7
ify,h,xak
ig0,h,wsg
ig3,h,sgh
ig6,h,xdu
ig7,h,hnh
ig8,h,fp4
ig9,h,hnh
iga,h,in1
igb,h,1kgl
igc,h,wd8
igd,h,im
ige,h,m4f
igf,h,1fcv
igg,h,s32
igh,h,2kx
igi,h,3no
igj,h,fdz
igk,h,fe1
igl,s,pwf
igo,s,hy6
igp,h,147w
igq,h,19gv
igr,h,13bs
igu,h,13bq
igv,h,bzh
ih0,h,91u
ih1,h,91v
ih2,s,lt0
ih4,h,wpl
ih5,h,awn
ih6,h,y3m
ih7,h,i9c
ih8,s,i5q
ih9,s,1475
ihc,h,dtg
ihd,h,1fon
ihe,h,1ht2
ihg,s,k9j
ihg,s,tkd
ihg,s,s7d
ihg,s,kjx
ihg,s,1gsd
ihl,s,i46
ihm,s,1e7j
ihn,s,1clh
iho,h,91u
ihp,h,166a
ihq,s,i5i
ihr,h,dtj
ihr,m,1drg
ihr,m,1h3m
ihs,h,1fon
iht,h,1fon
ihy,h,10q3
ihz,h,1668
ii0,h,i4a
ii2,h,9uh
ii4,s,u49
ii5,s,1h7i
ii6,h,nne
iic,s,bj5
iie,h,b57
iii,h,132t
iik,h,1gzx
iil,s,1g6
iim,s,1g6
iin,s,znu
iio,s,ja6
iip,h,ayp
iir,h,hai
iis,h,hai
iit,h,b6q
iiv,h,qnp
iiw,h,qdr
iix,h,qno
iiy,s,148u
iiz,s,1aby
ij1,s,ex2
ij1,s,ert
ij1,s,3fs
ij1,s,egh
ij1,s,cbm
ij1,s,5lc
ij1,s,41c
ij2,h,1gbw
ij3,h,412
ij4,h,pt3
ij5,s,1k7c
ij6,s,qrb
ij7,h,hnh
ij8,h,exg
ij9,h,zig
ija,h,evk
ijc,h,pql
ijd,h,bjz
ije,h,1ct0
ijf,s,wid
ijj,h,4z7
ijl,h,evv
ijm,h,10m
ijn,h,sqa
ijo,h,19u1
ijo,m,1h6o
ijp,h,v3k
ijq,h,1kib
ijr,s,16xg
ijs,m,11mr
ijt,m,11ms
iju,m,11mt
ijv,h,213
ijw,h,ikp
ijx,s,u1x
ijx,s,vml
ijx,s,11eu
ijx,s,11t5
ijx,s,fbu
ijx,s,1790
ijy,h,eeu
ijz,h,e5
ik0,s,psu
ik1,s,q9s
ik2,h,q9p
ik3,h,wpl
ik4,h,tqd
ik6,h,kfi
ik7,s,yhf
ik8,h,rbg
ik9,h,cxs
ika,h,re9
ikb,h,azg
ikc,h,re9
ike,h,14x9
ikf,h,qtq
ikg,h,rea
ikh,h,qnp
iki,h,rp
ikj,h,5ix
ikk,h,5ix
ikl,h,1j1k
ikm,s,fpk
ikn,s,fpl
ikp,h,25q
ikr,h,1hhv
iks,h,z2y
ikt,h,opl
iku,h,16ed
ikw,h,31c
ikx,h,1kly
ikz,h,il1
il0,s,izl
il2,h,14te
il3,h,jja
il4,h,pyk
il5,s,1dsp
il7,h,10at
il8,h,zdf
il9,h,ikh
ila,h,yzx
ilb,s,1h91
ilc,s,3m
ile,h,10vx
ilf,h,9m3
ilg,h,100g
ili,s,1i1e
ilj,s,psu
ilk,s,1i6a
iln,h,byw
ilp,h,1g9r
ilq,h,1km1
ilq,m,kg9
ilr,h,awn
ils,h,849
ilt,h,849
ilu,h,1gax
ilv,h,1gau
ilx,h,928
ily,s,b06
ily,s,1j1e
ily,s,lhp
ily,s,1gem
ilz,s,16hv
im0,s,929
im3,h,1eqd
im5,h,16r8
im6,h,hlx
im7,s,14xx
im7,s,1apa
im8,s,19cb
im9,s,1ct2
ima,h,2xu
imb,h,2xt
imc,h,2xw
imd,h,91u
ime,h,91u
imf,s,crd
imf,s,ra2
imf,s,1fh3
imf,s,156
imf,s,108
imf,s,jqt
imf,s,1csx
imf,s,1esx
imf,s,102a
imi,s,nzw
imi,s,maf
imi,s,1fs1
imi,s,6qh
imi,s,1flh
imi,s,hd8
imi,s,hbi
imi,s,hcm
imj,s,1csy
iml,h,iw5
imm,h,1ikw
imn,h,b33
imo,h,iyl
imp,h,13np
imq,h,wps
imr,h,1akt
ims,s,qsa
ims,s,1kd
ims,s,197y
ims,s,qvv
imt,h,16ie
imu,s,1i8c
imv,h,imp
imw,h,zvo
imx,h,168v
imy,h,4a9
imz,h,ejj
in0,h,n49
in0,h,13uc
in1,h,ioy
in3,h,kuy
in4,s,6u
in4,s,ixu
in4,s,s7c
in5,h,s20
in6,s,s77
in7,s,10or
in8,h,e74
in9,h,yrr
ina,h,kuv
inb,h,6r
inc,h,s7f
ind,h,16lm
ine,h,kuv
inf,s,io7
ing,h,ejj
inh,h,yzr
ini,h,14ja
ini,h,sfx
inj,h,xju
ink,h,htc
inl,h,1ab4
inm,s,duo
ino,h,13ud
inp,h,1dhv
inr,h,htg
ins,h,sgc
inu,h,qr
inv,h,qm
inw,h,jsk
inx,h,inw
iny,h,r7b
inz,h,it9
io1,h,plf
io2,s,1ko7
io3,h,egs
io4,h,hjk
io5,h,haq
io6,s,qnw
io7,s,13so
io7,s,inf
io7,s,ptf
io9,h,1iaf
ioa,h,1eqm
iob,h,16ar
ioc,h,zig
iod,h,h80
ioe,h,1g8r
iof,h,tiy
iog,h,8w4
ioh,h,1kl6
ioj,h,1ij2
iok,h,im
iol,h,1hrp
iom,h,19tw
ioo,h,9i9
iop,h,n3v
ior,h,6q0
ios,h,6q5
iot,h,hli
iou,h,1jnx
iou,h,lst
iov,h,1ebe
iov,m,1efn
iov,m,1acq
iow,h,1frb
iox,h,hnh
ip0,s,1frc
ip1,s,ge2
ip3,s,k0i
ip4,s,h81
ip5,h,jgc
ip6,h,elg
ip7,s,b3m
ip8,h,iix
ip9,h,133m
ipa,h,13ka
ipb,h,anb
ipc,h,ztu
ipd,h,10nt
ipe,h,b6r
ipf,h,h92
ipg,s,1hfy
iph,h,1a4v
ipi,h,hbf
ipj,s,ren
ipk,h,s27
ipl,h,azg
ipm,h,11la
ipn,s,hpm
ipo,h,ii
ipp,h,cwt
ipq,s,ef1
ipr,s,vqj
ips,h,67
ipt,h,kt0
ipu,h,4a9
ipy,s,ka
iq3,h,11qp
iq4,s,13jz
iq5,s,13k0
iq6,h,zhp
iq7,h,ekp
iq8,h,xdt
iq9,h,12f0
iqb,h,12xm
iqc,h,5g5
iqe,h,maj
iqf,h,i9c
iqj,h,vex
iql,h,ejz
iqm,h,bc2
iqn,h,1e8c
iqo,h,ilh
iqp,s,psu
iqr,h,hai
iqs,h,1dta
iqs,m,ijd
iqt,h,oqf
iqu,h,1biz
iqv,h,rb6
iqw,h,1aml
iqx,h,n49
ir0,s,1d16
ir1,h,kt2
ir2,h,1g52
ir3,h,n3u
ir4,h,n3u
ir5,h,hvf
ir6,s,irg
ir7,s,hb7
ir9,h,1bo1
ira,h,q9p
irb,h,lgd
irc,h,fj4
ird,h,q9p
ire,h,g0s
irg,s,ftg
irg,s,qmf
irg,s,ir6
irg,s,i6c
irh,s,q0a
iri,s,ifb
irj,s,azo
irl,h,q0d
irm,h,isd
irn,h,hl3
iro,h,igf
irq,h,1951
irr,h,irp
irs,s,irw
iru,h,4z2
irv,h,jlr
irw,s,irs
irw,s,gq5
irw,s,2aw
irx,h,vua
iry,h,16ed
irz,h,ioy
is0,h,60s
is1,h,uo
is2,s,ut
is2,s,zjp
is2,s,8be
is3,h,vre
is4,s,12rv
is6,h,o7k
is7,h,jg
is8,h,7uf
isa,h,s20
isb,s,wep
isc,s,h7t
isd,h,xds
ise,s,br2
isf,s,fpn
isg,h,1bvf
ish,h,cdg
isi,h,ev9
isj,h,zxm
isk,h,eme
isl,s,dww
isl,s,cdq
isl,s,104j
isn,h,wzb
iso,h,h5y
isp,h,bt4
isq,h,nne
isr,h,1hkj
iss,h,1hkj
ist,s,zb9
ist,s,r9h
ist,s,13aa
ist,s,18zt
isv,s,hmo
isw,m,bxe
isw,m,bc8
isx,h,qtt
isy,h,1ivm
isz,h,re7
it2,s,hmo
it3,s,hmo
it4,h,hmq
it5,h,zpw
it7,h,16mi
it8,h,11k5
it9,h,11k5
itb,h,1anr
itc,h,178b
itd,h,15vs
itg,s,1f25
itg,s,rco
ith,h,qnf
iti,h,1cjb
itj,s,itp
itk,h,1cjh
itl,h,1fda
itl,m,4k3
itn,s,qys
ito,h,1ikw
itp,s,itj
itq,h,1bu1
itr,h,itm
its,h,itk
itt,s,no6
itt,s,e29
itt,s,e8k
itt,s,msk
itt,s,iw2
itv,h,9ys
ity,h,15hj
itz,h,924
iu0,h,esi
iu1,h,1423
iu2,h,bb6
iu3,h,fq7
iu4,h,q9q
iu5,s,1hgg
iu6,h,1ij2
iu7,h,1ij2
iu8,h,1iiz
iu9,h,wr4
iua,s,brm
iub,s,hmz
iuc,s,wrb
iue,h,isa
iuf,h,18yu
iug,h,bn4
iuh,s,573
iuh,s,18z5
iuh,s,1k9b
iuh,s,1l3
iuh,s,13h6
iui,h,re7
iuj,h,ez9
iuk,h,eza
iul,h,11k5
ium,h,ffl
iuo,h,q9m
iup,h,yij
iuq,h,h86
iur,h,mjh
iut,h,9c5
iuu,s,1i9b
iuv,s,1dlp
iuw,h,1ebe
iuz,h,r18
iv2,h,lgd
iv4,h,vmm
iv5,h,axy
iv6,h,1g6u
iv7,h,1gav
iv8,h,1c58
iv9,s,vdm
iva,h,7fe
ivb,h,awn
ivc,h,ivs
ivd,h,1df2
ive,h,1a4e
ivf,h,1df2
ivg,h,o
ivh,s,1i47
ivi,s,1hf1
ivj,h,r7b
ivk,h,itk
ivl,h,192t
ivm,h,r18
ivn,s,qys
ivo,h,2tp
ivp,h,azg
ivq,h,1jee
ivr,h,qn6
ivs,h,fge
ivt,h,1j36
ivv,h,11t8
ivw,h,13ka
ivx,h,s
ivy,h,uw6
iw0,h,1geh
iw2,s,itt
iw3,s,jel
iw4,h,bzz
iw6,h,eim
iw7,h,15k5
iw8,h,uwb
iw9,s,1c28
iwa,s,epm
iwa,s,16jc
iwb,h,cfm
iwc,h,egs
iwd,h,azg
iwf,h,1c9b
iwi,h,31s
iwj,s,azo
iwk,h,azh
iwm,h,14te
iwo,h,ohy
iwo,m,8bq
iwp,h,en5
iwq,h,bfq
iwr,h,1450
iws,h,ecb
iwt,s,8sj
iwu,h,ecb
iwv,s,r20
iww,s,her
iwx,s,4tk
iwy,h,4tn
iwz,h,m3s
ix0,h,goh
ix1,s,1dyz
ix1,s,u4y
ix3,h,11fj
ix4,h,1duw
ix5,h,4pg
ix6,h,91u
ix7,h,1d0d
ix8,h,1409
ix9,h,q9r
ixa,s,zzr
ixa,s,zzk
ixa,s,1d5a
ixb,s,juo
ixc,s,ubb
ixe,h,ebt
ixf,h,ira
ixg,h,h5x
ixh,h,1d5e
ixi,h,1d6n
ixj,h,143k
ixj,h,doe
ixl,h,1evi
ixm,s,eij
ixo,s,t0j
ixr,h,ead
ixs,h,uv6
ixt,h,2gw
ixu,s,in4
ixv,h,in8
ixw,h,e41
ixx,s,zz7
ixx,s,zw1
ixy,h,91u
ixz,h,sfx
iy0,h,esq
iy1,h,sgc
iy2,h,g0a
iy3,s,zz5
iy3,s,zx4
iy4,h,jja
iy5,s,j0m
iy6,s,ksw
iy7,s,zzu
iy8,h,1j
iy9,h,3j0
iya,h,yzv
iyc,s,duz
iyd,s,dut
iye,s,dup
iyf,h,q2l
iyg,h,dx4
iyh,h,xxy
iyh,m,7b
iyh,m,18kp
iyi,h,256
iyj,h,bcm
iyk,h,1f27
iyl,h,esh
iym,s,esk
iyn,h,16ed
iyo,h,14gf
iyp,h,1egc
iyq,h,101i
iyr,h,z2y
iys,h,101h
iyt,h,ijy
iyu,h,jmr
iyv,h,h5j
iyw,h,31c
iyy,s,1i76
iyz,s,na
iz1,h,u0f
iz2,h,16ed
iz3,h,z2y
iz4,h,19dw
iz5,h,7o8
iz6,s,16e9
iz7,h,xxy
iz8,h,16ea
iz9,h,qyu
iza,s,zz0
izb,s,zz0
izc,h,isd
izd,h,1dy6
izf,s,pp8
izg,s,r83
izg,s,zz6
izg,s,r3c
izh,s,rjo
izi,s,j0m
izj,s,tq
izk,s,izl
izl,s,13n6
izl,s,l9t
izl,s,15cw
izl,s,il0
izl,s,1bsb
izl,s,izk
izl,s,11pk
izl,s,zew
izl,s,mvx
izl,s,jbs
izl,s,14qg
izl,s,16d1
izl,s,1bgi
izl,s,66m
izm,s,psu
izn,s,1icg
izo,h,e4q
izp,h,7oe
izq,h,qky
izr,s,9x6
izr,s,1evg
izv,h,ilh
izw,h,q18
izx,h,1jny
izy,s,1jo6
j00,h,hxz
j01,h,u0a
j03,h,1b9b
j04,h,eac
j05,s,r20
j06,s,psu
j07,s,psu
j08,s,ft2
j09,h,j0i
j0c,h,12s2
j0d,h,1544
j0e,s,psu
j0g,h,vh
j0i,h,164d
j0k,h,tv5
j0l,h,l5h
j0m,s,iy5
j0m,s,izi
j0m,s,1eq
j0m,s,v0
j0o,h,11k5
j0q,s,1b9c
j0r,h,13vq
j0s,h,1c9b
j0t,s,1jbg
j0u,h,hy3
j0u,h,s27
j0v,h,u45
j0w,s,8h
j0y,h,9az
j0z,h,ffn
j10,h,196h
j11,h,in1
j12,h,iw4
j13,h,168y
j14,s,hbg
j16,h,s27
j17,h,1ikw
j19,h,ufl
j1a,h,19c2
j1a,m,1iky
j1a,m,9nc
j1a,m,bjt
j1a,m,18p3
j1a,m,j1g
j1a,m,rhm
j1a,m,j1r
j1a,m,7zg
j1a,m,2fb
j1a,m,c7n
j1a,m,th2
j1a,m,16v6
j1b,h,1821
j1c,h,3hj
j1d,h,op0
j1e,h,ucf
j1f,h,8pd
j1g,h,83j
j1h,h,nej
j1j,h,gln
j1k,h,rkm
j1l,h,1kib
j1m,h,1j37
j1n,h,nej
j1p,s,5rf
j1q,h,op0
j1r,m,j1n
j1r,m,bjt
j1s,h,uz8
j1u,h,tgz
j1u,m,16uq
j1v,h,zjb
j1w,h,uz8
j1x,h,1aai
j1y,h,1h6u
j1z,h,vdr
j20,h,jgc
j21,h,1bto
j22,h,1kh4
j29,h,tjc
j2c,h,1b9u
j2d,s,8ol
j2e,m,11w8
j2f,h,1cz0
j2g,s,1i4u
j2h,h,31c
j2h,m,h52
j2h,m,o84
j2i,h,1fd6
j2j,s,1i4u
j2k,h,j9j
j2l,h,1kqi
j2n,h,bqe
j2o,h,xun
j2p,s,12hc
j2q,s,1i4u
j2r,s,q9x
j2t,h,lba
j2u,h,wpl
j2v,h,zi5
j2x,m,j1a
j2x,m,jjb
j2x,m,4rf
j2x,m,9h2
j2x,m,j3m
j2x,m,6zs
j2x,m,s26
j2x,m,j1h
j2x,m,xd7
j2x,m,yqf
j2x,m,rud
j2x,m,9aq
j2y,h,2im
j2z,h,1dwu
j30,h,11k5
j32,h,lba
j33,h,1ckm
j35,h,4pg
j36,h,1gzr
j37,h,fgc
j38,h,tx0
j39,h,ckb
j3b,h,16fo
j3c,s,jjh
j3d,s,26y
j3e,h,1478
j3f,h,f4k
j3j,h,12g7
j3n,h,1aod
j3p,s,1ds5
j3q,s,h82
j3r,h,o7k
j3s,h,8o2
j3t,h,bc2
j3v,h,177
j3w,s,o7r
j3x,h,38x
j3y,h,31c
j40,h,31c
j41,h,19i3
j42,h,tyo
j43,h,aem
j44,h,1478
j45,h,c4k
j46,h,gtg
j47,s,qtr
j48,h,qnp
j49,h,qno
j4a,h,15jv
j4b,h,b8r
j4c,h,a7b
j4d,s,31e
j4e,h,8o0
j4f,h,yvk
j4h,h,7o8
j4i,h,tgd
j4j,h,1day
j4l,h,13vx
j4m,h,16pc
j4n,h,16pj
j4o,h,12bo
j4o,m,13w6
j4p,h,19hl
j4r,h,14te
j4v,s,ho5
j4w,s,zl2
j4x,h,2r
j4y,h,jed
j4z,s,jeg
j50,h,1f27
j51,h,1jsy
j52,h,fdz
j54,h,19hv
j55,h,hq3
j56,m,14wx
j56,m,j5c
j56,m,ysb
j56,m,8h7
j57,h,hjz
j58,h,1fmd
j59,h,1fmd
j5b,h,794
j5c,m,4ve
j5f,h,gyy
j5i,h,fe3
j5j,h,91v
j5l,h,igf
j5q,h,1knd
j5r,h,pvu
j5s,h,j5v
j5t,s,1i6z
j5u,h,j2h
j5w,h,nne
j5x,h,kyi
j5y,h,1hrz
j5z,h,zdc
j60,h,fnm
j61,h,qgc
j62,s,pn1
j64,s,11dd
j65,s,1jsq
j66,s,pow
j67,s,qfj
j68,s,clo
j6a,h,1fp7
j6c,h,jlr
j6d,h,1jt8
j6e,h,1bc7
j6f,s,a1j
j6f,s,2bz
j6h,h,lun
j6i,h,ipb
j6j,s,wuc
j6k,s,jn7
j6l,s,a2i
j6m,s,5tw
j6n,h,rzj
j6o,h,1ju4
j6r,h,1g6f
j6u,h,s73
j6v,h,puq
j6w,h,1akh
j6w,m,2n6
j6x,h,10zp
j6y,h,1g6f
j72,h,xul
j73,h,jr8
j75,h,4z2
j76,h,axm
j77,s,1gs8
j77,s,k2p
j79,h,kog
j7b,s,fmt
j7d,h,qlk
j7e,h,prd
j7f,s,31e
j7g,h,e0d
j7h,h,1835
j7h,h,xmz
j7i,h,fkh
j7j,h,y06
j7k,h,jea
j7l,s,ddi
j7m,h,1e67
j7n,m,11ek
j7n,m,nby
j7n,m,11z8
j7n,m,sd1
j7n,m,omx
j7n,m,1bqh
j7o,h,nvt
j7p,h,pai
j7q,h,pap
j7r,h,2zx
j7s,h,18zh
j7u,h,1ag4
j7v,h,1jt0
j7w,h,922
j7x,h,1j2h
j7y,h,1gg6
j7z,h,924
j80,h,4pe
j81,h,j5h
j82,h,f32
j83,h,nna
j84,h,1kwd
j85,h,nna
j86,h,j8b
j86,h,1ag8
j87,h,tbi
j89,h,1gg6
j8a,h,4pe
j8d,h,j8e
j8f,h,1awf
j8i,h,91v
j8j,h,91v
j8k,h,rnw
j8m,h,m4d
j8n,h,fdz
j8o,h,atp
j8p,h,165f
j8q,h,1ij2
j8r,h,j5h
j8s,h,jyg
j8t,s,rcm
j8u,s,q9b
j8v,h,wnk
j8w,s,gaa
j8x,s,esk
j8y,s,1hee
j8z,s,duo
j90,h,11k5
j91,h,1hj1
j92,s,1jsv
j92,s,1hj2
j92,s,i7y
j92,s,i7s
j93,s,p7h
j94,s,1bbl
j94,s,gan
j95,s,e45
j97,h,guc
j98,h,d8f
j99,s,1i36
j9a,s,1hq5
j9b,h,11g2
j9c,s,1btc
j9c,s,vzs
j9c,s,1ic2
j9d,s,q9b
j9e,s,rcm
j9f,s,qwh
j9g,s,fkq
j9h,s,qpk
j9i,s,q8o
j9j,h,1cjh
j9n,s,ogp
j9o,h,10b5
j9p,h,1kqz
j9q,h,fkt
j9r,h,eub
j9s,h,wpk
j9t,h,fq7
j9u,h,920
j9v,h,1i4y
j9y,h,odt
j9z,h,xdt
ja0,s,1i9k
ja1,h,ouw
ja2,h,16li
ja4,s,qps
ja5,s,zb8
ja5,s,4sw
ja5,s,h6
ja6,s,iio
ja6,s,ay3
ja7,h,19hl
ja8,h,1bz8
ja9,s,a8u
jab,h,l9b
jac,h,wn8
jad,h,iso
jae,h,qnf
jaf,s,zq1
jah,h,1hwv
jai,h,sh3
jai,m,9fx
jai,m,10oz
jai,m,1a7u
jaj,h,tx7
jak,h,1er0
jak,m,m0q
jak,m,1den
jak,m,1gkn
jal,h,39d
jam,h,7ng
jan,s,pa6
jap,h,3hd
jaq,h,ews
jar,h,kod
jat,h,r27
jau,h,19oq
jav,h,hy5
jaw,s,10ws
jay,h,r9q
jaz,h,r8
jb0,s,cs8
jb1,s,1i4u
jb2,s,jb5
jb4,h,57w
jb5,s,dnk
jb5,s,4g7
jb5,s,st5
jb5,s,hap
jb5,s,7fw
jb5,s,1ixe
jb5,s,14fi
jb5,s,cnw
jb5,s,17fx
jb5,s,hj0
jb5,s,dng
jb5,s,gi9
jb5,s,jb2
jb5,s,jbv
jb5,s,3lg
jb6,h,pqk
jb7,h,er6
jb8,h,fk4
jb8,h,cds
jb8,m,g50
jb9,h,uh2
jbb,h,kog
jbc,h,4bv
jbd,h,j0f
jbe,h,7x6
jbf,h,1fya
jbh,h,rwg
jbh,m,jbi
jbi,m,10w
jbj,h,1kca
jbk,s,fuw
jbl,h,102w
jbn,h,86o
jbo,h,xm7
jbp,h,csc
jbq,h,pqo
jbr,h,1j7r
jbs,s,izl
jbt,s,1i4w
jbu,s,1i4u
jbv,s,jb5
jbw,h,pqk
jbx,h,jrz
jby,h,pqo
jbz,h,jbw
jc0,h,u15
jc1,s,fuw
jc2,s,1hh7
jc3,s,ft4
jc3,s,ft5
jc3,s,alf
jc3,s,jcf
jc3,s,zy2
jc3,s,jdt
jc3,s,lj7
jc3,s,jdu
jc9,s,ubb
jca,s,177q
jcb,s,psu
jcf,s,jc3
jcg,s,ft3
jch,h,aud
jci,h,jw8
jcj,s,p9c
jcl,h,94w
jcm,h,10w6
jcn,h,kp3
jco,h,h0u
jcp,h,go
jcq,h,ekp
jcr,s,1hzg
jct,h,vqo
jcu,s,adq
jcv,h,1km1
jcv,m,jdb
jcv,m,jd3
jcw,h,1kl0
jcx,h,an4
jcz,h,1klp
jd0,h,csc
jd3,h,p3w
jd4,h,d8h
jd4,m,nss
jd4,m,1fnu
jd5,h,z4a
jd8,h,chq
jd9,h,jcv
jda,h,swx
jdb,h,1ktn
jdc,h,fsv
jdd,h,86o
jdg,h,18j5
jdk,h,5ms
jdl,h,10uh
jdm,h,m9b
jdn,s,149b
jdo,h,rh1
jdp,s,1evy
jdp,s,pgh
jdq,h,1615
jdt,s,jc3
jdu,s,jc3
jdw,h,aka
jdx,h,owo
jdy,h,hjf
je0,h,qxv
je1,h,1h4h
je2,h,r42
je3,s,hot
je5,h,hov
je6,h,3iq
je8,h,12s2
jea,h,178n
jeb,h,jea
jec,h,13a4
jed,h,1jal
jef,h,uyd
jeg,s,1gjb
jeg,s,wtk
jeg,s,j4z
jeg,s,t3h
jeg,s,c21
jeg,s,n1l
jeg,s,dpm
jeg,s,1e1f
jeg,s,zb3
jeg,s,q27
jeh,s,12zb
jej,s,eqx
jek,s,xee
jel,s,1azl
jel,s,14xv
jel,s,9z
jel,s,1kdi
jel,s,w78
jel,s,pbg
jel,s,iw3
jel,s,15cj
jel,s,kbp
jel,s,15ci
jel,s,5sl
jel,s,ps3
jel,s,qxx
jel,s,1kcy
jen,s,1h0
jen,s,1j9j
jen,s,13me
jen,s,1gw
jen,s,13mb
jen,s,1yz
jeo,h,7n
jer,s,1b1x
jes,s,pwx
jet,s,k5u
jeu,s,8nz
jev,h,7e
jew,h,7e
jex,h,126k
jey,h,3g4
jez,h,3g6
jf0,h,3g4
jf2,h,11k5
jf3,h,16so
jf4,h,rzq
jf5,s,9m6
jf5,s,w8h
jf5,s,jzy
jf5,s,dm7
jf5,s,11ip
jf8,h,a23
jf9,s,i6a
jfb,s,n1z
jfb,s,1n
jfb,s,131z
jfb,s,5wl
jfb,s,c9j
jfb,s,gsb
jfb,s,g87
jfb,s,9pm
jfb,s,7hz
jfb,s,kc2
jfc,h,tzo
jfc,m,mfe
jfd,s,1fbd
jfe,s,13xq
jff,s,ld5
jfh,s,dvo
jfh,s,1f23
jfh,s,dvp
jfi,s,qjc
jfj,h,bn
jfj,h,jfo
jfk,h,csi
jfl,h,eup
jfo,h,dx2
jfp,h,dvk
jfs,s,e1b
jft,s,143v
jfv,h,kpa
jfw,h,10oz
jfx,h,1fs7
jfx,h,13oy
jfy,h,t8s
jg0,h,siz
jg1,h,132u
jg2,h,132u
jg3,h,chp
jg4,s,1i2j
jg5,s,ppf
jg6,s,10zf
jg7,m,1kth
jg9,h,14tr
jgb,s,b5u
jgd,h,j5r
jge,h,6a4
jgf,h,38e
jgl,h,91u
jgm,s,k07
jgn,s,k07
jgo,s,7hf
jgo,s,p5
jgo,s,mvo
jgq,h,zje
jgr,h,zjd
jgs,h,1djx
jgt,h,10w1
jgu,h,166o
jgu,m,nko
jgx,h,cn8
jgy,h,6pc
jgz,h,16r2
jh0,h,19hm
jh1,h,cxr
jh2,s,11et
jh4,h,cac
jh5,s,q2j
jh7,h,anb
jhb,h,2vw
jhc,h,10d9
jhe,h,5y5
jhf,h,shj
jhg,h,uo
jhh,h,q6c
jhi,h,2mj
jhj,h,1951
jhk,h,1bpr
jhl,s,2mq
jhl,s,qhi
jhm,s,koj
jhn,s,by3
jho,h,uo
jhq,s,ugv
jhr,h,9kj
jhs,s,12zb
jht,h,q6c
jhv,h,e5t
jhw,h,51p
jhx,h,kac
jhy,h,m9b
ji3,h,1igc
ji4,h,hls
ji5,h,hls
ji6,h,1kn2
ji8,h,165n
jia,s,10f
jib,s,411
jic,s,1fp4
jif,h,cln
jih,h,jlr
jii,h,cih
jik,h,139x
jil,s,1342
jim,h,1fck
jin,h,h0v
jio,h,p1t
jip,h,h12
jiq,h,ck
jir,m,1ip6
jir,m,14yx
jis,h,17m0
jit,h,rzl
jiu,h,ckb
jiv,h,10ba
jiw,h,17pg
jix,h,vnw
jiy,h,18jz
jj0,h,ok6
jj1,h,13a4
jj2,s,kba
jj2,s,12k8
jj2,s,jj8
jj2,s,12k9
jj2,s,12ks
jj2,s,jj3
jj2,s,kd9
jj3,s,jj2
jj4,h,mt1
jj5,h,6gx
jj6,h,1kph
jj7,h,13su
jj8,s,jj2
jj9,s,ss
jja,h,143l
jjc,h,xec
jjd,h,30u
jje,h,w27
jjf,h,143l
jjg,s,bok
jjh,s,j3c
jji,s,129x
jjk,m,7wm
jjl,h,61b
jjm,s,rk6
jjn,s,q7n
jjo,h,1ko4
jjp,s,fcz
jjq,s,jpd
jjr,s,13w7
jjs,h,csb
jjv,h,1ktd
jjw,h,12q
jjx,s,xw3
jjy,h,12g
jk2,h,c9c
jk4,h,12g
jk5,h,c9c
jka,m,z8k
jkb,h,12s2
jkc,h,12s6
jkd,h,vz
jke,h,adn
jkf,h,bx6
jkg,h,e0a
jki,s,1hx9
jkj,h,1huk
jkk,h,1hx5
jkl,h,zoy
jkm,h,bpo
jkn,h,ntm
jko,h,54e
jkq,h,r40
jkr,s,1jsq
jks,s,139m
jkt,h,1jt8
jkw,h,kp3
jkx,h,1493
jky,h,1493
jkz,h,1duw
jl0,h,qvi
jl1,h,1410
jl2,h,br3
jl3,h,1493
jl4,h,163a
jl5,h,16ew
jl6,h,xxy
jl7,h,27i
jl9,h,6kw
jla,h,239
jlb,h,149p
jlc,h,15go
jld,h,3ss
jle,h,ktk
jlg,h,11d6
jlh,h,4pe
jli,h,1fct
jlj,h,isr
jlk,h,ucg
jll,h,18yz
jln,h,jyg
jlo,h,ucg
jlp,h,1g33
jlq,h,mzc
jlr,h,1cj7
jlt,h,rbz
jlv,h,19ci
jlw,h,wpk
jlx,s,qwh
jly,h,1a64
jly,m,jlz
jm0,h,v5f
jm1,h,1aft
jm2,h,dae
jm3,s,1bza
jm4,h,1bpg
jm6,s,bic
jm6,s,nnk
jm7,s,kyd
jm9,h,2me
jma,m,5bg
jma,m,jmc
jma,m,10ju
jma,m,jmd
jmc,h,8a4
jmc,m,112l
jmd,m,z58
jmd,m,1k99
jmd,m,cew
jmd,m,19hk
jmd,m,vbq
jme,h,18yf
jmf,h,sgh
jmg,h,df9
jmh,h,19lv
jmi,h,1151
jmj,h,1csw
jmk,h,zlg
jmm,h,1797
jmn,h,vyj
jmo,h,v3k
jmp,h,178
jmp,h,13ss
jmq,h,qkl
jmr,h,cvt
jms,h,j2h
jmt,h,hxa
jmu,h,ckb
jmv,h,91v
jmy,s,1262
jmy,s,jn2
jmz,h,239
jn0,h,11k5
jn1,s,jn7
jn2,s,jmy
jn3,h,1fet
jn4,h,jn0
jn5,h,lzk
jn5,m,1im3
jn6,h,19m6
jn7,s,j6k
jn7,s,jn1
jn7,s,uw1
jn9,h,lxd
jna,s,1i9s
jnb,h,1g8v
jnc,h,g0s
jne,h,1620
jnf,h,7ue
jnf,m,jne
jnh,h,91v
jni,h,91u
jnl,m,1gph
jnn,h,4h5
jno,h,1g76
jnp,h,hp4
jnq,h,15ns
jnr,h,bt1
jns,h,ast
jnt,h,12ez
jnt,h,jue
jnv,h,c3g
jnw,h,4h5
jnx,h,l30
jny,h,n5u
jnz,h,zq2
jo0,h,1291
jo1,h,zig
jo2,h,oav
jo3,h,1iso
jo4,h,oaw
jo5,h,1bwe
jo8,h,zj9
jo8,h,1vy
jo9,h,oav
jo9,m,joa
joa,h,kaq
job,s,1k8y
jod,h,1jw1
joe,h,8qj
jog,h,1dim
joh,h,196m
joi,h,qm8
joj,h,bzf
jom,h,10ta
jon,h,w63
joo,h,14d5
jop,s,joq
joq,s,jop
jor,s,1j55
jot,h,d2z
jou,h,r2e
jow,h,12qx
jox,h,p3j
joy,h,pai
joz,h,fi0
jp1,h,185n
jp3,h,185n
jp5,h,uul
jp6,h,807
jp7,h,5zm
jp8,h,1geh
jp9,h,6un
jpa,h,1ged
jpb,h,1gg6
jpc,h,5zu
jpd,s,15bc
jpd,s,jjq
jpd,s,b8u
jpf,h,cs5
jpg,h,hwk
jph,h,hwi
jpi,h,91u
jpj,h,9c5
jpk,h,1e5l
jpl,s,p2a
jpm,h,mt1
jpn,h,znz
jpo,h,1bj4
jpp,h,ioy
jpq,h,60s
jpr,h,1fon
jps,h,8qj
jpt,h,dd0
jpu,h,hj5
jpw,h,e3g
jpx,m,jpm
jpz,h,1e9r
jq0,h,j9
jq2,h,6un
jq3,s,3is
jq4,h,10ul
jq5,s,v1x
jq6,h,19mx
jq7,h,ext
jq8,h,4z2
jq9,h,10nt
jqa,h,11m3
jqb,h,sn
jqc,h,rzs
jqd,h,13uc
jqe,h,19nf
jqf,h,16sf
jqg,s,6dp
jqh,h,k4v
jqi,h,m4g
jqj,h,1iys
jqj,m,1h8b
jqk,h,bfu
jql,h,bt1
jqn,h,103z
jqo,h,1b9n
jqq,s,1dh1
jqr,h,1e8c
jqs,h,2ax
jqt,s,imf
jqu,h,oav
jqv,s,14d
jqw,s,pow
jqz,h,hgi
jr0,s,tio
jr2,s,qu8
jr5,h,805
jr6,h,57l
jr7,h,57l
jr8,h,tok
jr9,h,toq
jra,h,vlw
jrb,h,8r4
jrc,h,j2h
jre,h,1ji0
jrg,h,jra
jrh,h,1h4h
jri,h,6l2
jrk,h,147f
jrm,h,fs5
jro,h,oc
jrq,h,8dp
jrr,h,jrs
jrt,h,1104
jru,s,1g3m
jrw,s,q8o
jrx,s,1dz7
jry,s,hb7
js5,s,cs8
js6,m,1e6f
js7,h,3s3
js8,h,hj8
js9,h,12f5
jsa,h,12f4
jsb,h,6f3
jsc,s,1huy
jsd,h,e5
jse,h,14te
jsf,h,14h
jsg,h,xdt
jsi,s,1gtx
jsk,h,11k5
jsl,h,ibg
jsm,h,g3g
jsn,h,zoy
jso,h,1gc5
jsq,h,1g6f
jsr,h,164e
jst,h,awt
jsu,h,19j9
jsv,h,164e
jsw,h,19j8
jsx,h,19j8
jsz,h,19j8
jt1,h,nkp
jt2,h,12f0
jt3,h,27m
jt4,h,9m3
jt5,h,1ilg
jt8,h,xcr
jt9,h,xnc
jta,h,1j4u
jtc,h,477
jtd,h,cvr
jte,h,1fis
jtf,h,nkx
jti,h,kxx
jtj,h,16mi
jtk,s,r20
jtn,s,p2a
jto,s,p2b
jtp,h,kk8
jtr,s,872
jts,h,15bb
jtt,s,znp
jtv,h,15bb
jtw,h,r8s
jtx,s,znp
jty,h,1g8w
jtz,h,15xy
ju2,h,dys
ju4,h,15bb
ju5,s,znp
ju6,s,872
ju7,s,872
ju8,s,872
jua,s,872
jub,h,5d5
juc,m,jud
jue,h,bfu
jue,m,5vj
juf,h,bxm
jug,h,6h1
juh,h,bt1
jui,h,1gu8
juj,h,19e
juj,h,1jlt
juk,h,plc
jul,s,16jm
jum,h,16jl
jun,h,e3k
juo,s,1w0
juo,s,w6m
juo,s,w8n
juo,s,1gqo
juo,s,ixb
juo,s,12nz
juq,h,pqa
jur,h,wty
jus,h,19qr
jut,h,1dp4
juu,h,q00
juv,h,11dc
juw,h,v5e
jux,h,4pe
juy,h,n19
juz,s,111p
jv0,h,4km
jv1,h,jur
jv2,h,jur
jv3,m,1e0d
jv3,m,jv5
jv5,h,12v1
jv6,h,z51
jv7,h,1cdn
jv8,h,1d99
jv9,h,1ket
jva,s,1fc8
jvc,h,y4m
jve,h,fj8
jvf,h,15sa
jvg,h,twl
jvi,m,ndp
jvj,h,164u
jvk,h,1b22
jvl,h,vb6
jvm,h,15sg
jvn,h,a4r
jvo,h,1488
jvp,h,xse
jvp,m,ixi
jvq,h,u2x
jvr,h,srv
jvu,h,eby
jvu,h,tev
jvv,h,ebu
jvw,h,z2n
jvx,h,10oz
jvy,h,xjt
jvz,h,hj5
jw0,h,cod
jw1,h,1dgg
jw2,h,l26
jw3,h,kwd
jw4,h,1cyb
jw6,h,xx5
jw7,h,hwf
jw8,h,91u
jw9,h,924
jwa,h,1kl0
jwb,h,ok6
jwc,h,16gm
jwd,h,h0u
jwf,s,lf4
jwg,s,z4i
jwj,h,c4l
jwk,h,1ft4
jwl,h,4vm
jwm,h,11y8
jwn,h,jf3
jwo,h,e3g
jwp,h,8eh
jwq,h,vlw
jwr,h,khs
jws,h,ba8
jww,h,jmz
jww,h,klj
jwx,h,vup
jwz,h,yzp
jx0,h,19ui
jx0,h,1kos
jx1,h,15sg
jx2,h,uya
jx2,h,15sg
jx3,h,jx5
jx5,h,13vu
jx8,s,15sl
jx9,h,11t8
jxa,h,l1n
jxb,h,ews
jxd,h,19dw
jxe,h,1jnx
jxg,h,y2w
jxh,s,fcz
jxi,h,kir
jxi,h,13vy
jxj,h,xxy
jxk,h,91n
jxl,h,13uc
jxm,s,17my
jxn,h,1caw
jxo,h,j0f
jxo,m,15gv
jxp,h,i5a
jxq,h,1e4c
jxr,h,1e4c
jxs,h,dzu
jxt,h,vkx
jxu,s,1h7i
jxv,s,1ha5
jxw,h,ikb
jxx,h,ba3
jxy,h,k03
jxz,h,17ca
jy0,h,eua
jy1,h,b40
jy2,h,hqf
jy4,h,awt
jy5,h,h3g
jy6,h,v3x
jy7,h,1130
jy8,h,csw
jya,h,81t
jyb,h,zi2
jyc,h,jy4
jyd,h,17kl
jyg,h,m40
jyh,h,15la
jyi,h,m40
jyj,h,11d6
jyk,h,15hc
jyl,h,vo1
jym,h,1969
jyn,h,11d9
jyp,h,s33
jyq,h,yzp
jyr,h,anb
jys,s,4tk
jyt,h,1gxh
jyu,s,1dsd
jyu,s,1az5
jyu,s,1390
jyu,s,kho
jyu,s,a90
jyv,h,118s
jyw,s,13dc
jyx,s,1fc8
jyy,s,her
jyz,s,14ko
jz3,h,1dsx
jz4,h,xv2
jz5,h,1b2b
jz6,s,57m
jz7,h,3ie
jz8,s,1606
jz9,s,13dc
jza,h,f5w
jza,h,j0j
jza,m,10b2
jza,m,jzp
jza,m,snq
jza,m,jzw
jzc,h,cl3
jzd,h,1g33
jze,h,18yz
jzf,h,qdo
jzg,h,10cv
jzh,h,1478
jzi,h,1d79
jzj,s,f68
jzk,h,1293
jzl,h,1g2w
jzn,h,k3l
jzo,h,1b2q
jzp,h,xrp
jzq,h,1acb
jzr,h,vcy
jzs,h,pm3
jzt,h,16ke
jzu,h,13u5
jzv,h,19tm
jzw,h,1fqm
jzx,h,e3i
jzy,s,jf5
jzz,h,hq2
k00,h,nne
k01,h,gb1
k02,h,1eon
k03,h,b40
k04,h,aef
k05,h,hqf
k06,h,im
k07,s,ghv
k07,s,jgm
k07,s,jgn
k08,s,b3o
k08,s,1ie9
k08,s,g5h
k09,s,12rn
k0a,s,10d5
k0b,s,esk
k0c,h,151t
k0d,h,10da
k0e,h,1klm
k0f,h,151u
k0g,h,151v
k0h,h,1g31
k0i,s,pwg
k0i,s,tvf
k0i,s,ip3
k0i,s,6e0
k0j,s,1f06
k0l,h,14te
k0m,h,qnz
k0n,h,1kl0
k0o,m,o83
k0o,m,k0p
k0p,h,ifo
k0s,h,124k
k0t,h,1kiy
k0u,h,bj4
k0v,h,n2c
k0w,h,nne
k0x,h,3gk
k0y,h,atm
k0z,h,k1v
k10,h,hf0
k11,h,le6
k12,h,1gk1
k13,h,cxr
k15,h,43y
k17,h,97o
k18,h,ews
k19,h,zgf
k1a,h,18tg
k1b,h,1cjy
k1c,h,z8s
k1c,h,k1t
k1d,h,n9b
k1d,m,u7p
k1d,m,1aao
k1e,h,462
k1f,h,462
k1g,h,5zm
k1h,h,lio
k1i,h,jsq
k1j,h,6s6
k1l,h,a10
k1m,h,k2c
k1n,h,lst
k1p,h,4w8
k1q,h,tr9
k1r,h,pny
k1s,h,12ex
k1t,h,e6w
k1u,m,kgt
k1v,h,15oq
k1v,m,o16
k1v,m,v8d
k1v,m,o18
k1w,h,pd7
k1x,h,wes
k1y,s,yjz
k1z,h,142i
k20,h,kdo
k21,h,189h
k22,h,1cyn
k23,h,bxm
k24,h,75x
k25,h,gjv
k27,h,1jhm
k28,h,u0p
k2a,h,1jvr
k2b,h,le6
k2d,m,lo4
k2e,h,sbh
k2f,h,7f2
k2h,s,16p7
k2i,s,noa
k2j,s,krp
k2k,s,19kp
k2l,s,1clh
k2m,s,1cay
k2n,s,193o
k2o,s,o08
k2p,s,j77
k2q,h,1d46
k2r,h,np9
k2s,h,ahj
k2t,s,1i60
k2u,s,13ps
k2u,s,k3a
k2u,s,4jf
k2u,s,13ht
k2u,s,13hs
k2u,s,2r8
k2u,s,l83
k2u,s,qqm
k2u,s,zqe
k2w,h,15bb
k2x,h,znq
k2y,h,ova
k32,s,znp
k33,s,56h
k34,h,132x
k35,h,lw6
k37,h,xse
k38,h,4xa
k39,h,z9i
k3a,s,k2u
k3c,s,13pg
k3e,h,ice
k3f,h,1ghn
k3l,m,wh6
k3l,m,jxo
k3l,m,k3p
k3l,m,17g8
k3m,h,kp4
k3n,h,18yz
k3o,h,8ke
k3p,h,65p
k3q,h,2nq
k3q,h,6fu
k3r,h,vfz
k3t,h,1km1
k3v,h,ow0
k3x,h,awt
k3y,h,lw7
k3y,m,m66
k3y,m,1brz
k3y,m,15yq
k3y,m,1byj
k3y,m,llj
k3y,m,k3v
k3y,m,nrg
k3y,m,5zy
k3z,h,1g76
k40,h,y7a
k41,h,12wv
k42,h,dzw
k44,s,14xa
k49,s,33r
k4a,h,n1g
k4b,h,cnj
k4c,h,njh
k4d,h,jue
k4e,h,10w1
k4g,s,aq
k4g,s,1ko9
k4g,s,1dnz
k4h,s,3f
k4h,s,bch
k4j,h,v7k
k4k,s,15j1
k4l,h,k4o
k4m,h,19qu
k4n,h,mc
k4o,h,4pe
k4p,s,1c38
k4q,s,6xk
k4s,h,rjh
k4t,h,liv
k4u,h,1dny
k4v,h,bc5
k4w,h,b2g
k4y,s,lir
k4z,h,1efi
k50,s,57n
k51,h,bk
k52,h,1f3z
k53,s,143d
k54,s,s6z
k58,h,1c46
k58,h,f2z
k58,h,g52
k59,h,f5v
k5a,s,872
k5c,s,872
k5d,h,5d5
k5f,h,f4l
k5h,h,iob
k5i,h,ib5
k5j,h,k5l
k5k,h,qna
k5l,h,91u
k5m,h,5eo
k5n,h,3h9
k5o,h,3g4
k5p,h,l6j
k5q,h,jf4
k5r,h,13ko
k5s,h,k61
k5t,h,1ir5
k5u,s,jet
k5u,s,t8n
k5u,s,1ck4
k5u,s,m2h
k5u,s,1em6
k5v,s,eu8
k5w,s,ylo
k5x,s,1he6
k60,h,pyk
k61,h,b5l
k62,h,bk
k63,h,31c
k64,h,588
k65,s,h7n
k66,h,qs1
k67,h,p6
k68,h,1dxz
k69,h,1bc5
k6a,s,1bbf
k6b,h,hje
k6e,h,1ef7
k6f,h,1ab6
k6g,h,vd6
k6h,h,e3g
k6i,h,eer
k6j,h,vhv
k6k,h,11a3
k6m,h,148g
k6n,h,kfl
k6o,h,4t7
k6p,h,13uc
k6r,h,k0s
k6s,h,anb
k6t,h,1jgx
k6u,s,1k7c
k6v,h,1izm
k6w,h,1cbl
k6y,h,1fcj
k6z,h,19y9
k71,h,pxk
k72,h,4sm
k73,h,hsc
k74,h,1c2a
k75,h,kvn
k76,h,ckb
k77,h,6vx
k79,s,1eyo
k7a,h,c1f
k7b,h,1g0h
k7d,s,ztx
k7f,h,7ch
k7g,h,981
k7h,h,13oz
k7k,s,yjz
k7l,h,1jtk
k7m,h,1jf1
k7n,h,atj
k7o,s,atk
k7p,h,es6
k7r,h,13zj
k7s,h,kwc
k7w,h,ton
k7x,h,1bd1
k7y,h,3xl
k7z,h,j2h
k80,h,1grj
k81,h,j2h
k82,h,cl3
k83,h,1jre
k85,h,18v
k86,h,4sd
k87,h,1423
k88,h,m80
k89,h,19qr
k8a,h,k0y
k8d,h,3go
k8e,h,160v
k8f,h,h86
k8g,h,ews
k8h,h,kkr
k8i,h,7ch
k8j,h,19xm
k8k,h,1k7y
k8l,h,kyy
k8m,s,13kw
k8n,h,nne
k8o,h,6u3
k8p,h,isq
k8q,h,qw5
k8r,h,10yj
k8s,h,sw5
k8t,h,153p
k8u,h,2ig
k8v,h,bzz
k8w,h,1a4e
k8x,h,ckb
k8y,h,2ig
k8z,h,cxp
k90,h,1exb
k91,h,1gcc
k92,h,15u7
k94,h,1ep3
k97,h,ffp
k98,s,aqq
k99,h,6c5
k9d,h,129z
k9e,h,6gh
k9h,h,18l8
k9j,s,ihg
k9k,s,12ah
k9n,s,1i0y
k9o,s,oym
k9p,s,gqt
k9q,s,q2o
k9t,h,6n5
k9x,h,t6i
k9y,h,kpi
ka1,h,8ly
ka2,h,ri0
ka4,h,l97
ka5,h,iwk
ka6,h,1eon
ka7,h,grb
ka8,h,kqt
ka9,h,19qu
kaa,h,923
kab,h,91u
kac,h,13ax
kad,h,kod
kae,s,qoy
kae,s,tj
kae,s,4u9
kaf,h,b4p
kah,s,qej
kai,h,1ect
kaj,h,1aej
kak,h,1kmr
kal,h,fpf
kam,h,ive
kan,h,sd4
kao,h,b5l
kap,h,sh7
kaq,h,qp2
kar,s,1ep7
kat,h,j5r
kau,h,pvu
kav,h,dn7
kaw,s,11et
kaz,h,oav
kb0,s,5tw
kb1,h,1aoc
kb2,h,qum
kb2,h,h3y
kb3,h,oav
kb4,h,1k9m
kb5,h,12c0
kb6,h,15kw
kb7,h,e3g
kb8,h,n3y
kb9,s,kbc
kba,s,jj2
kbc,s,kb9
kbd,s,qjr
kbe,h,18kc
kbf,h,1kk5
kbg,h,j2h
kbh,h,19sp
kbi,s,xs0
kbj,h,bsu
kbk,h,1b0t
kbl,h,anb
kbl,m,18j
kbm,h,anb
kbm,m,7e7
kbm,m,7ji
kbn,m,19y9
kbo,h,anb
kbo,m,1jm5
kbp,s,jel
kbq,s,1a26
kbr,h,8qp
kbu,h,4yz
kbw,h,idb
kbx,h,guq
kbz,h,m4g
kc0,h,jgj
kc2,s,jfb
kc4,h,kcf
kc5,h,1a5n
kc6,h,kam
kc7,h,xdt
kc8,h,923
kc9,h,v1j
kca,h,md
kcb,s,tue
kcb,s,y3u
kcc,s,51s
kcc,s,tug
kcc,s,tuf
kcc,s,1d59
kcd,s,hb7
kcf,h,51w
kch,s,ddi
kcj,h,kpa
kck,h,brs
kcl,h,1d87
kcm,h,11lr
kcn,h,xds
kco,h,71q
kcp,h,16ed
kcq,h,k8n
kcr,h,1kjn
kct,h,19xm
kcu,h,k8t
kcv,s,1i9k
kcw,h,1ggj
kcx,h,1bo2
kcy,h,kwc
kcz,h,18c
kd0,h,1cd5
kd2,h,csb
kd3,h,kfi
kd4,h,1gnv
kd5,h,1a11
kd6,h,kku
kd7,h,jir
kd8,h,1afx
kd9,s,jj2
kda,h,rk5
kdb,s,1kdl
kdc,s,laq
kdd,h,dzs
kdf,h,1jt8
kdg,s,1jsq
kdh,s,qwb
kdi,h,xdt
kdk,h,anb
kdl,h,1fi6
kdm,h,1fib
kdn,h,xdt
kdo,h,1ad7
kdr,m,kds
kds,m,n9k
kdt,h,kdo
kdv,s,np5
kdw,h,188w
kdy,h,1fi6
kdz,h,1fia
ke0,h,fwk
ke1,h,1gzr
ke2,h,xdt
ke3,h,1fib
ke4,h,kdm
ke5,h,1436
ke6,h,1gzr
ke7,h,15hj
ke8,h,91v
ke9,h,156b
kea,h,tl5
keb,s,laq
ked,h,1a0a
kee,h,tu7
kef,h,12ey
keg,h,xak
keh,h,xdq
kei,h,1ggf
kek,h,40m
kek,m,lpy
kel,h,1fom
kem,h,1cuj
ken,h,fpd
kep,h,31c
keq,h,1gg6
ker,h,1gg6
kes,h,1ged
ket,h,1f41
keu,h,1gg6
kev,h,t52
kew,h,1b22
kex,h,1io2
key,h,bze
kez,h,dyh
kf0,h,hn0
kf1,h,1jdk
kf2,h,1e4h
kf3,h,yzp
kf4,h,12rc
kf6,h,1e4j
kf7,s,106
kf8,s,wsr
kf9,s,1hrf
kfa,s,1hfi
kfb,h,18yr
kfc,h,91v
kfd,h,91u
kfe,h,xxy
kff,h,vlw
kfg,s,1bbf
kfh,h,bif
kfi,m,5hl
kfj,m,19u1
kfk,h,1gg6
kfl,h,4sb
kfm,h,1g1u
kfo,h,4m8
kfp,h,tra
kfq,h,khr
kfr,h,jwu
kfs,h,ckc
kft,h,1duw
kfu,h,jw9
kfv,h,1flm
kfw,h,16sn
kfx,h,trv
kfy,s,tr6
kfz,h,129z
kg0,h,oyo
kg1,h,1d96
kg2,h,bx9
kg3,h,swz
kg4,h,1dww
kg5,h,1dww
kg6,h,lun
kg7,h,177u
kg8,h,nh1
kg9,h,17jj
kga,h,5z1
kgb,h,kg0
kge,h,hn0
kgf,h,j5y
kgg,h,j5w
kgh,h,epj
kgj,h,am7
kgk,h,ep9
kgm,s,t6y
kgp,s,111p
kgt,h,ro6
kgu,m,zrw
kgv,h,ki2
kgw,m,1ehr
kgw,m,lm7
kgw,m,sdh
kgw,m,11ax
kgw,m,sjr
kgw,m,iib
kgw,m,zqt
kgw,m,rqp
kgw,m,18bh
kgw,m,vx9
kgw,m,w9n
kgw,m,1eiy
kgw,m,zas
kgx,h,1qp
kgz,h,29g
kh0,h,9pc
kh1,h,1a1m
kh2,h,1a1g
kh4,h,1fg5
kh5,h,a29
kh7,h,jy4
kh8,h,kbo
kh9,h,kbo
kha,h,1kp3
khb,h,lmc
khc,h,1jgz
khd,h,k9v
khe,h,k9w
khf,h,jui
khg,h,kp9
khh,h,ggz
khi,h,bzf
khj,h,m3x
khk,h,hj5
khl,h,mr5
khm,h,1jrg
khn,h,1gxe
kho,s,jyu
khp,h,922
khq,h,15dx
khr,h,xan
khs,h,xxy
kht,h,xdt
khv,h,ipw
khw,h,kfs
khy,h,hi4
khz,h,khs
ki0,h,61a
ki1,h,21i
ki2,m,1261
ki2,m,11g2
ki2,m,8b0
ki2,m,1ce9
ki2,m,1004
ki3,h,1fon
ki4,h,lrj
ki5,m,ojv
ki6,h,4uc
ki8,h,joo
kib,s,172h
kic,h,xds
kid,h,1e53
kie,h,924
kif,s,1i9k
kig,h,1jre
kih,h,rjh
kii,h,bdb
kij,h,zog
kik,h,1anr
kim,s,moe
kio,h,vlw
kip,h,5y5
kiq,h,6lp
kir,h,1dik
kis,h,vnm
kit,s,925
kiu,s,u07
kiv,s,fpn
kiw,s,925
kix,h,vsj
kiy,h,1fdg
kiz,h,928
kj0,m,wjj
kj1,m,wjk
kj2,h,4cl
kj3,h,13zj
kj4,h,1ef7
kj5,h,kak
kj6,h,1jps
kj7,h,14et
kj8,h,glu
kj9,h,kod
kja,h,2f3
kjb,h,mee
kjc,h,gvd
kjd,h,tr9
kjf,s,tr6
kjg,s,aqp
kjh,h,13ue
kji,h,n6
kjj,h,ngv
kjk,h,nht
kjk,h,9c7
kjk,h,lst
kjl,h,wiu
kjm,h,gvd
kjo,h,1553
kjp,h,1104
kjq,h,197w
kjr,h,1b6q
kjs,h,xdt
kju,h,khp
kjx,s,ihg
kjy,h,17tv
kjz,h,mee
kk1,h,17a7
kk2,h,1jox
kk3,h,1fut
kk4,s,o08
kk5,h,4xp
kk6,h,bgw
kk8,h,1kjw
kk9,h,1kd3
kka,h,n1f
kkb,h,cwc
kkc,h,xmc
kkd,h,86y
kke,h,4sg
kkg,h,15dx
kkh,h,khp
kki,h,9c5
kkj,h,1104
kkk,h,1cj7
kkl,h,91n
kkm,h,ej1
kkn,s,1ic5
kko,h,21o
kkp,h,fbk
kkp,m,1n4
kkq,h,zhp
kkr,h,olc
kkt,s,1d3
kku,h,1gg6
kkv,h,xdt
kkw,h,zi3
kkx,h,1gee
kkz,h,1gg6
kl0,h,91v
kl1,h,hb4
kl2,h,1gga
kl3,h,1a4e
kl4,h,1gg9
kl5,h,olh
kl6,s,ude
kl7,s,1cdf
kl8,s,fcz
kl9,s,pbd
klb,h,t91
klc,h,kcz
kld,h,10kf
kle,h,3f0
klf,h,1gfb
klg,h,1kph
klh,h,6gx
kli,h,mns
klk,h,m9b
kll,h,72o
klm,h,vlw
kln,h,72r
klo,s,1htf
klq,h,st
klr,h,8yk
klt,s,8u0
klu,h,15ee
klv,h,r23
klx,h,b8l
kly,h,ftz
klz,h,9ys
km0,h,12of
km1,h,12of
km2,h,12of
km3,h,19ry
km4,h,q0
km5,h,pz
km6,h,15z9
km8,s,byu
km9,s,q5
kma,h,jkw
kmb,h,jky
kmc,h,17ca
kmd,m,jo2
kme,h,x6
kmf,h,3es
kmg,s,aba
kmh,s,zgh
kmi,h,1az
kmj,h,oz1
kmk,s,1hqm
kml,h,1kbn
kmm,h,10sf
kmo,h,3hk
kmp,h,11xo
kmr,h,bwj
kms,h,ckb
kmt,h,qn0
kmu,h,qvi
kmv,h,22t
kmx,h,1d99
kmy,h,118m
kn1,h,r0s
kn2,h,91v
kn3,s,amb
kn4,h,cl3
kn5,h,e3i
kn6,h,gkp
kn8,s,t9a
kna,s,t9a
knb,s,1d2a
knc,h,kuf
knd,h,e3g
kne,h,aef
knf,h,yvq
kng,h,evw
knh,h,n46
kni,h,1d27
knk,h,13w0
knl,h,2k0
knm,h,66w
knn,h,m1b
kno,h,11c5
kno,m,12hm
knq,h,1ah6
knr,h,uef
knr,m,knu
kns,h,sh3
knt,s,qni
knu,h,xul
knv,h,1izd
knx,h,qmc
kny,h,171h
knz,h,1kkx
ko0,h,kh
ko1,h,ika
ko2,h,1gg6
ko3,h,16t3
ko4,h,1gg6
ko5,h,16t3
ko6,h,pr9
ko7,h,4pg
ko9,h,in
koa,h,13a9
kob,h,1hlo
koc,h,b3p
kod,h,11k5
koe,h,1ggj
kof,s,14mx
kog,h,xij
kog,m,jar
koh,s,1dk8
koi,s,1dk8
koj,s,jhm
kok,h,1g8v
kol,h,1dcg
kom,h,12ey
kon,h,4mn
koo,h,1gm6
kop,m,11o
koq,h,yzp
kos,s,q6k
kot,s,kpe
kow,h,7wt
koy,h,tto
koz,h,fkh
kp0,h,fkh
kp1,h,1h58
kp2,h,zq2
kp3,h,1dim
kp3,m,kp4
kp4,h,1be3
kp5,h,bt4
kp7,h,12g
kp8,s,v1t
kp9,h,kp3
kpa,h,1afe
kpb,h,dzs
kpc,s,62u
kpd,s,tr5
kpe,s,34t
kpe,s,poo
kpe,s,npt
kpe,s,kot
kpe,s,89
kpe,s,15fg
kpe,s,ag7
kpe,s,1idg
kpg,s,qjz
kph,h,19ug
kpi,m,o5g
kpi,m,1bd8
kpi,m,o58
kpi,m,5bj
kpi,m,1ftw
kpi,m,qy2
kpj,m,q5e
kpk,h,6ck
kpl,h,zoc
kpm,h,1jgw
kpn,h,1926
kpo,h,1dv4
kpp,h,1130
kpq,h,1jgz
kpr,h,mp
kps,h,jwy
kpt,h,15dy
kpu,m,ngc
kpv,h,461
kpv,m,5n2
kpw,h,12gd
kpx,h,12g2
kpx,h,3e6
kpy,h,1es3
kpy,m,lfe
kpy,m,ngj
kpy,m,8th
kpy,m,txq
kpy,m,1edo
kpy,m,hqd
kpy,m,191m
kpy,m,14v6
kpy,m,n5y
kpy,m,3yn
kpy,m,txj
kpz,h,4mx
kq0,h,12e0
kq1,h,10ic
kq2,h,6sk
kq5,h,1bkn
kq6,h,oic
kq7,h,1dv4
kq8,h,1ckm
kq9,h,kzy
kqa,h,in
kqd,h,1gte
kqe,s,l58
kqf,h,v85
kqg,h,yrv
kqh,h,ohg
kqi,h,12e0
kqj,h,vcy
kqk,h,1g5d
kql,h,2sk
kqm,h,151l
kqn,s,1frc
kqo,h,1co9
kqq,h,1cxf
kqr,h,1jhn
kqs,h,aao
kqt,h,cl3
kqt,m,1bd6
kqt,m,1ftx
kqu,h,v5e
kqv,h,v5f
kqw,h,v7l
kqx,h,jl2
kqy,h,paq
kqz,h,18yu
kr0,h,zhi
kr2,h,119j
kr3,h,3h4
kr4,h,119e
kr5,h,rbo
kr6,h,162c
kr7,h,ebu
kr8,s,1109
kr9,h,avl
kra,s,pwj
krc,h,qn5
kre,h,r2e
krf,h,zoy
krh,h,b22
kri,h,1fiu
krj,h,im
krm,s,rfd
krn,s,1i76
kro,h,jlb
krp,s,gez
krp,s,19ru
krp,s,pwz
krp,s,k2j
krp,s,70y
krp,s,krt
krp,s,hmf
krr,h,1dbg
krs,h,iz9
krt,s,krp
ks1,h,61a
ks2,h,d0h
ks3,h,1ggp
ks4,s,19pj
ks5,s,ktd
ks7,h,tu7
ks7,m,155k
ks7,m,1h7c
ks8,h,2vk
ks9,h,1y2
ksa,h,2lj
ksb,h,zd8
ksc,m,f3e
ksc,m,116s
ksc,m,1evb
ksd,h,13es
kse,h,1j7r
ksf,h,u50
ksg,h,15q3
ksh,h,13u9
ksi,h,cj8
ksj,h,e1j
ksk,h,1y2
ksl,h,13eb
ksm,h,23b
ksn,h,lb8
kso,s,13ck
ksp,h,1j36
ksq,h,1kcg
ksu,h,16xr
ksv,s,ksx
ksw,s,5h
ksw,s,iy6
ksx,s,ksv
ksx,s,v1
ksx,s,1er
ksx,s,pyn
ksx,s,iba
ksx,s,ylq
ksx,s,1g97
ksz,h,tet
kt0,h,1ggj
kt1,h,1d1a
kt2,h,14te
kt3,h,swz
kt4,h,kt5
kt4,m,hbq
kt5,h,tu7
kt5,m,ktj
kt6,h,u7o
kt7,h,nej
kt8,h,1du7
kta,h,vj4
ktc,s,lb7
ktd,s,ks5
kte,h,1y2
ktf,s,172h
ktg,s,2k6
kti,s,8wj
ktj,h,112l
ktk,h,19mv
ktl,h,deu
ktm,h,182o
ktn,s,13eu
kto,h,1giw
ktp,h,m1b
ktq,h,1a2q
ktr,h,149a
kts,h,1it1
kts,m,1gi7
kts,m,1hjm
ktt,h,5gb
ktt,h,swz
ktu,h,1cky
ktv,s,1kji
ktx,h,jd0
kty,h,5g5
ktz,h,m
ku0,h,iru
ku1,h,12e0
ku3,h,1jlf
ku4,h,1jll
ku5,h,1kd8
ku7,h,1du7
ku8,h,rb6
ku9,h,uf1
kua,h,118s
kub,h,ii
kuc,h,l
kud,h,lio
kue,h,1km1
kue,m,2e3
kuf,h,4se
kuh,h,u6
kui,h,1gg6
kuj,h,1b15
kuk,h,dzu
kul,h,cvt
kul,h,j9q
kuo,h,y3h
kup,h,ueu
kuq,s,q3r
kur,h,1sb
kus,h,1hyo
kut,s,1i0l
kuu,h,kwd
kuv,h,b7w
kuw,h,io8
kux,h,w2d
kuy,h,shj
kuz,s,sh9
kv0,h,w2e
kv1,m,jwi
kv2,h,dge
kv2,m,1fps
kv2,m,141w
kv3,h,6kv
kv4,h,1fy1
kv4,m,141w
kv5,h,3gt
kv6,h,19qu
kv8,s,oxq
kva,h,1815
kvb,h,1kki
kvc,h,1d98
kvd,h,2im
kve,h,g0u
kve,m,1bo4
kvf,h,1er0
kvg,h,1kqn
kvh,h,v7k
kvi,h,2q
kvj,h,wwz
kvk,h,uya
kvl,h,bpn
kvm,h,4u6
kvn,h,91v
kvo,s,1337
kvo,s,8w2
kvo,s,8w0
kvo,s,ghc
kvo,s,13sy
kvo,s,1chh
kvo,s,yj2
kvo,s,lf2
kvo,s,199u
kvp,s,u26
kvq,s,z8q
kvr,s,ua2
kvs,h,1cq
kvs,h,lst
kvt,h,1bfj
kvu,h,g0s
kvw,h,13a4
kvy,h,8w4
kvz,h,v7l
kw0,h,bgd
kw1,h,1ebq
kw2,h,e23
kw3,s,z8q
kw6,h,3ie
kw7,h,qno
kw8,h,2im
kw9,h,91v
kwa,h,eug
kwb,h,fxn
kwc,h,2yi
kwd,h,j2m
kwe,h,1291
kwf,h,xxy
kwi,s,bqk
kwj,s,bqk
kwk,s,gpv
kwk,s,3xe
kwk,s,19qw
kwk,s,11ew
kwk,s,xzf
kwk,s,1ixi
kwk,s,13c6
kwm,h,k2w
kwn,s,10x8
kws,m,kwr
kws,m,1bdj
kws,m,7uy
kws,m,27y
kwt,h,f4m
kwu,s,q0a
kwv,s,1b3
kwy,h,3n0
kx0,h,1cjh
kx1,h,1cjh
kx2,h,wfc
kx3,s,byc
kx5,h,66v
kx7,s,ew5
kx8,h,b5l
kx9,h,iwk
kxb,h,1asv
kxe,h,jrd
kxf,h,16g1
kxh,h,1a64
kxi,h,vvs
kxj,h,1ck1
kxk,s,ky4
kxl,h,380
kxm,h,1jce
kxn,h,10sf
kxs,s,3qe
kxu,h,dys
kxv,h,15bb
kxw,s,znp
kxx,h,e7l
kxx,m,15a4
kxy,h,2zx
kxz,h,hwk
ky0,s,1d8k
ky1,h,hp4
ky2,h,mn
ky4,s,kxk
ky5,h,cih
ky6,h,1fon
ky8,s,11gr
kya,h,e7l
kya,m,4o4
kyb,s,kyd
kyd,s,ujj
kyd,s,jm7
kyd,s,mkg
kyd,s,kyb
kyd,s,o2m
kye,s,5qy
kyf,s,3m4
kyh,h,1ghi
kyi,h,bc4
kyj,h,kse
kyk,h,13ex
kyl,s,872
kym,s,872
kyo,s,872
kyp,h,vvx
kyq,h,j3y
kyr,s,nyl
kyr,s,n64
kys,s,3a6
kys,s,6ll
kys,s,78r
kys,s,l7x
kyu,h,4kc
kyv,h,132x
kyx,h,1gef
kyy,h,10v9
kyz,h,1gdd
kz0,h,ul
kz1,h,gxw
kz5,h,16cv
kz7,h,xxy
kz8,h,10vw
kz9,h,bzf
kza,h,19ba
kzb,s,qmw
kze,s,sg
kzf,h,1410
kzg,h,15kw
kzh,h,hpi
kzi,h,hpk
kzl,h,1j50
kzm,h,olh
kzn,h,12f0
kzo,h,fkw
kzp,h,fda
kzq,h,91v
kzr,h,j2h
kzu,h,qqk
kzv,h,421
kzw,s,15t2
kzx,h,1jfb
kzy,h,169i
l00,h,1dv2
l01,h,h5y
l02,h,1hkg
l03,h,zqn
l05,h,1aii
l06,h,1dbn
l07,h,1ain
l08,h,3w8
l09,h,l03
l0a,h,j4o
l0b,h,1d96
l0c,h,khp
l0e,h,4x9
l0f,h,1c46
l0f,h,f2z
l0f,h,g52
l0g,h,f5v
l0h,s,872
l0i,s,872
l0m,h,aka
l0n,s,1alw
l0p,s,16p7
l0r,s,872
l0s,h,15bb
l0t,s,znp
l0u,h,15bb
l0v,h,r8s
l0w,s,znp
l0x,h,f7y
l0z,h,2si
l10,h,pai
l11,h,pai
l13,h,pap
l15,h,7x7
l16,h,li9
l19,h,1ed
l1a,h,1ee
l1b,h,1c49
l1c,h,oav
l1d,h,79r
l1e,h,p3i
l1f,h,pai
l1h,h,doi
l1i,h,kvc
l1j,h,9c5
l1k,h,10sf
l1l,h,15en
l1m,s,fys
l1m,s,ngr
l1m,s,1fn
l1m,s,l28
l1m,s,nge
l1o,h,19dw
l1p,h,19dw
l1r,h,fyh
l1s,s,fnh
l1t,s,f4j
l1u,h,qrd
l1v,h,6p8
l1w,h,11m4
l1x,h,esh
l1y,h,6ns
l1z,h,6nw
l21,h,qra
l22,m,1d2w
l23,s,ecn
l24,h,1jee
l25,h,1jt8
l26,h,10sg
l27,h,11y7
l28,s,l1m
l29,h,e33
l2a,h,1cyd
l2b,h,ium
l2c,s,11fq
l2c,s,2xn
l2c,s,xmx
l2c,s,z6y
l2d,s,e49
l2e,h,1jwr
l2f,h,4k6
l2g,h,ij4
l2h,h,9l8
l2i,h,15a4
l2j,h,j9q
l2k,h,l30
l2k,m,1btk
l2l,h,11t0
l2m,h,gg5
l2n,h,2k1
l2o,h,l30
l2p,h,10si
l2q,h,hp4
l2r,h,hp3
l2s,h,m9d
l2t,h,12af
l2u,h,bqa
l2v,h,1ebh
l2y,h,1kqf
l2z,h,1d97
l30,m,3zc
l30,m,6hq
l31,h,b8x
l32,m,8tx
l33,m,1g43
l33,m,172s
l33,m,1ln
l33,m,14pp
l33,m,2ob
l33,m,6ek
l33,m,xtf
l33,m,8ug
l33,m,uen
l33,m,uam
l33,m,xt5
l33,m,zqu
l33,m,1726
l33,m,1iy5
l33,m,1lk
l33,m,wcf
l33,m,197d
l33,m,97e
l33,m,1imt
l33,m,90n
l33,m,17cn
l33,m,cbt
l33,m,f6t
l33,m,9cw
l33,m,w95
l33,m,lsz
l33,m,1iy6
l33,m,8xs
l33,m,yol
l33,m,10pr
l33,m,uox
l33,m,3ru
l33,m,vfg
l33,m,ycr
l33,m,6rg
l33,m,ttt
l33,m,1g3q
l33,m,myh
l33,m,1j1n
l33,m,7ne
l33,m,6rf
l33,m,1g3p
l33,m,173n
l33,m,148x
l33,m,69j
l33,m,3q6
l33,m,18fv
l33,m,7xo
l33,m,24b
l33,m,l78
l33,m,4kh
l35,h,b9f
l36,h,7f2
l38,h,tnv
l3a,h,l8t
l3b,h,w63
l3f,h,1dvb
l3g,s,6p4
l3h,h,10y8
l3i,h,1a64
l3j,h,ifo
l3k,h,18es
l3l,s,z3d
l3m,h,inb
l3n,h,12i
l3s,h,n8y
l3w,h,sxx
l3y,s,14d
l3z,h,t1s
l40,h,1fmz
l41,h,gj9
l42,h,wfh
l46,h,abv
l46,m,93r
l47,h,39e
l48,h,1ba1
l49,h,xjw
l4a,h,xjt
l4b,h,1fs7
l4c,h,cvt
l4d,h,1gli
l4e,h,wpl
l4f,h,fks
l4h,s,1grb
l4i,s,lf4
l4j,h,1fs7
l4k,h,oav
l4l,m,33y
l4m,h,6og
l4n,s,1kmx
l4p,h,ip5
l4q,h,iow
l4r,h,xnt
l4s,h,10iy
l4t,s,3l
l4u,s,1d16
l4v,h,usd
l4w,h,1c49
l4x,h,1c4a
l4y,s,111p
l54,s,qni
l55,h,gn1
l58,s,1ht4
l58,s,3tb
l58,s,a2n
l58,s,hi8
l58,s,1hgb
l58,s,3d5
l58,s,1hgt
l58,s,3pl
l58,s,3qf
l58,s,1i6c
l58,s,kqe
l59,s,1hcx
l59,s,tmt
l5a,s,l5o
l5b,h,11c5
l5c,s,1i1t
l5d,s,qjg
l5f,h,rnu
l5i,h,11k5
l5j,s,bum
l5k,h,3ez
l5l,h,l5q
l5m,h,1397
l5n,h,m64
l5o,s,l5a
l5p,h,l5z
l5q,h,1cj7
l5r,s,zqc
l5s,h,ibg
l5t,h,1f0z
l5u,h,sxx
l5w,h,1kl0
l5x,h,1klm
l5z,h,9vh
l60,h,6zh
l61,h,b10
l62,m,l60
l64,s,et1
l66,h,151l
l68,h,1bca
l69,h,acn
l6a,h,ipx
l6b,h,ae2
l6c,s,1i6a
l6d,s,1jcj
l6e,h,eaz
l6e,h,l6f
l6f,h,c2b
l6h,h,1122
l6i,h,tv9
l6k,h,924
l6l,h,1dm7
l6m,h,91u
l6n,h,r7z
l6p,h,1bej
l6q,h,1kgv
l6r,h,20g
l6s,h,in
l6t,h,1geh
l6u,h,15dy
l6v,h,1ged
l6w,h,958
l6x,h,1g8f
l6x,m,7k0
l70,h,17i3
l71,h,xvy
l73,h,dfx
l74,h,gi1
l75,h,136j
l77,h,6lp
l78,h,ifo
l79,s,1k8x
l7b,h,9jy
l7c,h,15dx
l7d,h,15ee
l7e,h,877
l7f,h,wvt
l7g,s,13nk
l7g,s,1664
l7h,s,ay1
l7i,h,1ggg
l7j,h,1iw8
l7l,h,xjr
l7m,h,10de
l7n,h,10cw
l7o,s,cwy
l7o,s,p2o
l7o,s,mkm
l7o,s,7rc
l7o,s,1d8n
l7p,s,1i3x
l7r,s,ya5
l7s,s,zqc
l7t,s,1k06
l7u,s,16rq
l7w,s,a18
l7x,s,kys
l7y,h,1jou
l7z,h,91v
l80,h,1fcm
l81,h,khp
l82,h,ui2
l83,s,k2u
l84,h,yba
l85,h,zqi
l86,h,mkr
l88,h,1dqy
l88,m,6pn
l8b,h,14f
l8d,h,4ca
l8e,h,1kn2
l8f,h,1duw
l8g,h,25n
l8h,h,8ef
l8i,h,e3g
l8j,h,cay
l8k,s,b32
l8n,s,16ut
l8q,h,kod
l8t,h,16bx
l8u,h,wyz
l8v,h,1cqd
l8w,h,c1g
l8x,s,1bbk
l8y,h,bua
l90,h,16ov
l91,h,h80
l94,h,1jw1
l95,s,c1l
l97,h,11k5
l98,h,9ny
l99,s,1icu
l9a,h,tto
l9b,h,fpx
l9c,s,xr
l9c,s,y4e
l9c,s,1b9l
l9c,s,cmv
l9c,s,9q3
l9c,s,b0w
l9c,s,b7b
l9f,h,wew
l9g,s,1rj
l9h,h,k0x
l9i,h,169q
l9j,h,dma
l9l,h,j2h
l9m,h,1jm5
l9n,h,1jm5
l9p,h,1csu
l9q,h,97o
l9r,s,10f
l9t,s,izl
l9u,s,al3
l9v,h,1i68
l9w,h,12do
l9y,h,st
l9z,s,ss
la2,h,h52
la3,h,e3g
la4,h,1dye
la5,h,52k
la6,s,69p
la7,s,ss
la8,s,17my
la9,m,8yc
la9,m,6kq
laa,s,11h2
lab,h,12gl
lab,h,fmd
lad,h,gup
laf,h,18yu
lag,h,18z1
lah,h,ji4
lai,m,laj
lam,h,br4
lao,h,in
lap,h,1g8v
laq,s,18z
laq,s,keb
laq,s,kdc
laq,s,trr
laq,s,pn4
laq,s,1gpa
las,h,bc2
lat,h,ldo
lau,h,ncc
lav,h,ghe
law,h,1tg
lax,h,l78
lay,h,st
laz,h,84d
lb1,h,vb7
lb2,h,4r7
lb4,h,12f3
lb5,h,t90
lb6,h,17ca
lb7,s,u5
lb7,s,ktc
lb7,s,lbo
lb8,h,1a8i
lb9,h,2ip
lba,h,1a8j
lbb,h,1bvu
lbd,h,132r
lbe,h,ton
lbf,h,bgg
lbg,h,dzu
lbh,h,vnp
lbi,h,1fya
lbj,h,ixs
lbk,h,fc5
lbm,h,dd0
lbn,s,294
lbo,s,lb7
lbp,s,294
lbq,m,m9r
lbs,h,tev
lbt,h,1k9j
lbu,h,6dx
lbv,h,fg0
lbw,h,apu
lbx,h,1247
lby,h,j2t
lbz,h,lba
lc0,h,st
lc1,h,pjq
lc2,h,l6f
lc4,h,ckb
lc5,h,ckb
lc6,h,ckb
lc7,h,dn7
lc8,h,qrd
lc9,s,lcl
lca,s,zgh
lcc,h,1g06
lcd,s,al2
lce,h,uya
lcf,h,j11
lcg,s,fnh
lci,h,mzt
lcj,s,fpk
lck,s,1ibd
lcl,s,lc9
lcl,s,pk3
lcl,s,1atg
lcl,s,pl6
lcm,s,ylo
lcn,s,1i0k
lcq,h,n46
lcs,h,57x
lct,h,57w
lcu,h,16kf
lcw,h,14ai
lcz,h,bm6
ld1,h,4r8
ld2,h,588
ld3,h,7n5
ld4,h,198t
ld5,s,55o
ld5,s,6e5
ld5,s,1403
ld5,s,jff
ld5,s,lyj
ld5,s,6r2
ld6,h,14te
ld7,s,vnz
ld8,h,bc2
ld9,h,1ij1
ldb,h,14te
ldc,h,1kiy
ldd,s,1ep7
ldf,s,fhq
ldg,s,13ns
ldh,h,fe7
ldi,h,oj6
ldj,h,25o
ldk,h,1be5
ldn,h,o1w
ldo,h,c1g
ldq,h,9f0
ldr,h,c1r
lds,h,10hi
lds,m,nko
ldt,h,1gav
ldv,h,1a64
ldw,h,19my
ldx,s,fnw
ldy,h,oei
ldz,h,kpa
le2,h,7wt
le3,h,999
le6,h,1dim
le7,h,1duw
le8,h,1duw
lea,h,1csu
lec,h,149p
lee,h,kmf
leg,h,1gc0
lei,h,11k5
lej,h,cvw
lek,h,5w6
len,h,9zo
les,h,10m
leu,h,1281
lev,s,brg
lew,h,18df
lex,h,bri
ley,m,c39
lez,s,14kt
lf0,s,vnz
lf1,s,1ep7
lf2,s,kvo
lf3,s,1h8x
lf4,s,1dbc
lf4,s,9ke
lf4,s,107
lf4,s,bhv
lf4,s,1dbb
lf4,s,jwf
lf4,s,l4i
lf4,s,175z
lf4,s,6ui
lf4,s,103g
lf4,s,1ibq
lf4,s,qyb
lf4,s,o3l
lf4,s,mf5
lf4,s,sta
lf5,s,n4t
lf5,s,12b6
lf5,s,o3g
lf5,s,zrg
lf5,s,1bl1
lf5,s,682
lf5,s,1753
lf6,s,b3m
lf7,s,yt2
lf8,s,1tu
lf9,h,4sc
lfa,h,91u
lfc,s,23m
lfe,h,3xo
lff,h,12f0
lfi,h,1kly
lfj,h,143k
lfk,h,bc2
lfl,h,t0t
lfn,h,11n9
lfo,s,1dlp
lfp,h,185n
lfq,h,eip
lfr,h,2ij
lfs,h,itw
lft,h,ejj
lfu,h,iun
lfv,h,phs
lfx,h,5y5
lfy,h,10vk
lfz,h,nkp
lg0,h,12f0
lg1,h,jlf
lg2,h,hlj
lg3,s,1ghy
lg4,h,9c5
lg5,h,13ue
lg6,h,2k0
lg8,h,ews
lg9,h,fx7
lga,h,1kgc
lgb,h,kh
lge,h,1ik8
lgf,h,guw
lgg,h,169i
lgj,s,1d90
lgj,s,1ik4
lgm,s,19ih
lgn,s,139z
lgo,h,uuh
lgq,h,g0s
lgr,h,1dvb
lgs,h,13a1
lgu,s,1ie8
lgu,s,17v5
lgv,h,157z
lgw,h,wze
lgx,h,jy7
lgy,h,17hd
lgz,h,1duw
lh0,h,re4
lh1,h,17hd
lh2,h,1dv7
lh3,h,j4e
lh4,h,nqe
lh5,s,4jb
lh6,s,1aby
lh7,h,t67
lh8,h,147w
lha,h,147t
lhb,h,13r1
lhd,h,1bdv
lhe,h,xu
lhf,h,381
lhh,h,1d99
lhi,h,8w4
lhk,s,s2b
lhn,h,si9
lhn,m,lhs
lho,h,axy
lhp,s,ily
lhs,h,zou
lhs,m,808
lhs,m,xow
lhs,m,pfe
lhs,m,1jcv
lht,h,fbk
lhu,h,1cdn
lhw,h,1d99
lhx,h,ems
lhz,h,run
li0,s,hlu
li1,s,1hh7
li2,s,clo
li3,h,bdf
li4,h,1ijy
li4,m,4zl
li5,h,1b1o
li6,h,xds
li7,s,pow
li8,h,s08
lia,h,aee
lib,h,ls6
lid,h,22t
lid,m,6kv
lie,h,65p
lif,h,1cq
lij,s,6dp
lik,m,11dq
lil,h,tb7
lim,h,fp5
lin,h,11ij
lio,h,902
lio,m,164t
lio,m,mtf
lip,h,tyo
liq,h,1duw
lir,s,2ki
lir,s,1cv4
lir,s,k4y
lis,h,bj
lit,h,qz5
liv,h,lit
liw,h,fvk
lix,s,nf8
liy,h,1e8c
liz,h,1d79
lj0,h,1gj2
lj1,h,f57
lj2,h,kn0
lj3,h,df9
lj4,s,cb5
lj4,s,17y1
lj7,s,jc3
lja,s,b7r
ljc,h,aa1
lje,h,211
ljg,s,9of
lji,h,ts6
ljj,h,u04
ljk,h,i5a
ljl,h,vya
ljm,h,k8g
ljn,h,vkw
ljo,h,gjw
ljp,h,615
ljp,m,1efb
ljp,m,131u
ljq,s,vyf
ljr,s,12p4
ljs,h,xmm
ljt,h,qkb
lju,h,k0x
ljv,h,k14
ljw,h,1hwb
ljz,h,1j89
lk0,h,ca3
lk1,h,at7
lk2,h,11ln
lk3,h,1kn2
lk6,h,j2h
lk7,s,v1x
lk8,s,bmi
lk9,s,1ijb
lkb,h,rcd
lkc,h,vnw
lkd,s,gy4
lkd,s,2m7
lkd,s,14ae
lkd,s,hkv
lkf,h,1fof
lkg,h,1f02
lkh,h,axy
lki,s,145w
lkj,s,q76
lkl,h,132s
lkm,h,1f8u
lko,h,1fp8
lkp,h,fg0
lkq,h,4rf
lkr,s,nf8
lks,s,q71
lku,h,p4f
lkw,h,tjc
lkx,h,j2h
lkz,h,1jhm
ll1,h,17j7
ll1,m,nau
ll1,m,176k
ll3,m,ll5
ll5,h,10m
ll7,h,2qr
ll8,h,1969
ll9,h,ddq
lla,h,kkp
llb,h,w63
lld,m,ahf
llf,h,8ru
llg,h,8rw
llh,h,1bwy
lli,h,1bph
llj,h,ow0
llk,h,hcz
lll,h,16so
llm,h,pbu
lln,h,1fm7
llo,h,s0a
llp,h,1dm6
llq,h,1a89
llt,h,kfi
llt,m,mld
llu,h,7kz
llv,h,nni
llw,h,tl4
llx,h,1k9m
llz,h,1dp4
lm1,h,q9q
lm2,h,m40
lm3,h,924
lm4,h,11k5
lm5,h,11k5
lm6,h,fwk
lm8,s,13xq
lmb,h,u8e
lmc,h,1jgu
lmd,h,1a0a
lmd,m,mlv
lme,h,tee
lmg,h,m80
lmh,h,8qj
lmj,h,1dle
lmk,h,tga
lmm,h,m7a
lmn,h,fkh
lmq,h,lv3
lmr,h,oav
lms,h,anb
lmt,h,anb
lmt,m,1ch0
lmu,h,n8y
lmw,h,1kbn
lmz,h,wiu
ln2,h,17i3
ln5,h,qpb
ln6,h,18cz
ln7,m,y02
ln9,h,194i
lna,m,4v8
lnb,h,1bj4
lnd,h,213
lne,s,6m9
lnf,s,q0a
lnh,h,cjd
lnj,h,5n1
lnm,h,3jt
lnn,h,17jj
lno,h,17jj
lnp,h,cat
lnq,h,453
lnr,h,1izl
lns,h,1izl
lnt,h,sjz
lnu,h,sjz
lo1,h,w63
lo2,h,17h3
lo3,m,14uk
lo4,m,14ul
lo5,h,lmb
lo7,h,109b
lo8,h,1761
loa,h,4vj
lob,m,nmd
loc,h,lob
lod,h,7oj
lof,m,g3t
log,h,v3k
loh,s,v9i
loj,h,s4y
lok,h,hd0
lol,h,1ct1
lom,h,1csz
lon,h,2k0
loo,h,aef
lop,h,19zz
loq,h,t8s
lor,h,w7i
lou,h,obc
lov,m,4ab
low,h,16cz
loy,h,1bu5
loz,h,17bn
lp0,h,1gu8
lp1,h,12f0
lp2,h,11k5
lp3,h,v3
lp4,h,fx7
lp4,h,1j1g
lp6,h,1kuz
lp7,h,ll1
lp8,m,x9j
lp9,h,kh
lpa,h,btg
lpb,h,fx7
lpc,h,239
lpd,h,10si
lpe,h,18qc
lpf,h,vs1
lph,h,z4a
lpi,h,12ey
lpj,s,6m9
lpk,h,6wb
lpl,h,ag1
lpm,h,de6
lpp,h,8r4
lpq,h,n46
lpr,h,12bp
lps,s,v1x
lpt,h,qc1
lpu,h,tjc
lpw,h,y94
lpy,h,40m
lpz,s,1hrc
lq0,h,1h8h
lq1,h,18px
lq2,h,18hn
lq3,h,mld
lq8,h,39d
lq8,m,lql
lq9,h,1hwv
lq9,m,cva
lqa,h,1fy1
lqb,h,n3f
lqc,h,kt8
lqe,s,1ehn
lqf,s,1fc9
lqh,h,kq2
lqi,h,1104
lqj,s,1htf
lqk,h,117b
lql,h,cvw
lqm,h,10w4
lqo,h,1eve
lqp,h,157c
lqq,h,l30
lqt,h,foa
lqu,h,zhp
lqv,h,fqa
lqw,h,zh1
lqy,h,1chk
lqz,h,4pe
lr0,h,lqo
lr1,h,zwk
lr3,h,1cyi
lr4,h,1775
lr5,h,1jnx
lr6,h,15ob
lr7,h,nus
lra,m,v5x
lrb,h,12j5
lrc,h,1it1
lrd,h,1kti
lrd,m,110d
lre,h,1eyh
lrf,h,20u
lrg,h,p0z
lrh,h,hn0
lri,h,1a64
lrj,h,jd4
lro,h,1es2
lrq,h,1bfj
lrr,h,1bkn
lrs,h,1iku
lrt,h,1jmm
lru,h,1c4j
lrv,h,e3i
lrx,h,5vh
lrz,h,1h6u
ls2,h,e3g
ls3,m,ls4
ls4,h,kaq
ls6,h,aao
ls6,m,2w9
ls6,m,1a3r
ls6,m,rrg
ls6,m,1kwr
ls6,m,txv
ls6,m,12n5
ls6,m,y1h
ls6,m,1ap3
ls6,m,6b7
ls6,m,nab
ls6,m,kkq
ls6,m,1ath
ls6,m,7hq
ls6,m,48h
ls6,m,rrf
ls6,m,dr0
ls6,m,j1q
ls7,h,1cyi
ls8,h,wiu
lsa,h,e3i
lsb,h,e3i
lsc,h,gyb
lsd,h,pz8
lsg,h,wf0
lsi,h,wew
lsj,h,1ck1
lsl,h,1d1c
lsm,h,sgc
lso,h,48j
lsp,h,jey
lss,h,1cjc
lst,h,kis
lsu,h,3gr
lsv,h,bp5
lsw,h,1ek9
lsx,h,w7i
lsy,h,69t
lt0,s,lt2
lt0,s,1ipu
lt0,s,ih2
lt0,s,lte
lt2,s,lt0
lt5,h,18xy
lt7,h,tr9
lt8,h,hn0
lt9,h,vhn
lta,h,pdk
lta,h,le6
ltb,h,qpg
ltd,h,12pv
lte,s,lt0
ltg,h,zig
ltj,h,qmc
ltm,h,g0a
ltn,h,vu9
ltr,h,d7l
lts,h,2zw
ltt,h,wxv
ltu,h,9zg
ltu,m,14h7
ltu,m,ltt
ltu,m,tvw
ltv,h,hs1
ltw,h,zig
ltx,h,hk7
ltz,h,1km1
lu0,h,1263
lu1,m,u7n
lu1,m,ojg
lu3,h,n1x
lu4,h,10w4
lu5,h,1duw
lu6,h,zi3
lu7,h,16sr
lu8,h,7n5
lu9,h,rbp
lua,h,p3w
lub,h,11k5
luc,h,1349
lue,h,hyo
luf,h,19m3
lug,h,and
lui,h,15la
luj,h,19lv
luk,h,14gm
lul,h,18yz
lum,h,11k5
lup,s,qim
luq,h,clt
lur,h,fpb
lus,h,4bh
luu,h,1cfl
luv,h,fsx
luw,h,1fbv
lux,h,17q1
luy,h,eue
luz,h,14tr
lv0,h,1cfv
lv1,h,5qo
lv3,h,8ru
lv5,m,183m
lv5,m,1erm
lv6,h,8zm
lv7,h,mea
lv8,h,mea
lva,s,meb
lvg,h,ceg
lvh,h,y7d
lvi,h,v1o
lvj,m,ucx
lvn,h,1bto
lvo,s,3tg
lvp,s,s2d
lvq,s,qhg
lvr,s,s2d
lvs,s,otl
lvu,h,1chk
lvv,h,ucf
lvw,h,75x
lvx,m,lvy
lvy,h,28w
lvz,h,ybl
lw0,h,13rc
lw1,h,s1x
lw2,h,f2s
lw5,h,1k19
lw5,m,aiu
lw5,m,1fye
lw6,h,vso
lw7,h,i5c
lw8,h,mc
lw9,h,19uz
lwa,s,htr
lwc,h,lw6
lwf,h,u5a
lwg,h,1gzr
lwh,h,iml
lwi,h,1a64
lwj,h,11fm
lwk,h,v3k
lwl,h,o6u
lwo,h,rt9
lwo,h,1kib
lwp,h,aom
lwq,h,91v
lws,h,dm3
lwt,h,vyp
lwu,s,1fbe
lwv,h,hid
lwx,h,gvr
lwz,h,2zv
lx0,h,d5h
lx2,h,bo9
lx3,h,g8l
lx4,h,16ho
lx5,h,11k5
lx6,m,8ht
lx6,m,12t9
lx9,h,zsq
lxa,h,qno
lxb,h,12r8
lxc,h,12r3
lxc,m,lxb
lxe,h,19f2
lxh,h,it9
lxi,h,sh3
lxj,h,fg0
lxk,s,10i6
lxk,s,1hxy
lxk,s,1k84
lxk,s,100p
lxk,s,6w1
lxk,s,lys
lxk,s,n1y
lxl,s,1ebt
lxn,h,nxg
lxo,h,j48
lxp,s,1hnr
lxq,s,ay1
lxr,s,pzi
lxs,h,avk
lxu,h,mox
lxv,h,g0a
lxw,m,jk6
lxx,h,14te
lxz,h,plc
ly0,h,1gas
ly1,h,15la
ly2,h,1ehk
ly3,h,1c58
ly4,s,1i97
ly7,h,anb
ly8,h,t8w
ly9,h,132u
lya,h,uya
lyb,h,13vq
lyd,h,1fon
lye,h,11p3
lyf,h,13w4
lyg,h,16kn
lyj,s,ld5
lyk,h,2hv
lyl,h,hu0
lyl,m,17mj
lyl,m,1ckg
lyl,m,71j
lym,h,uz6
lyp,h,1kcz
lyq,h,w27
lyr,s,yma
lys,s,lxk
lyv,h,shi
lyw,h,19rf
lyx,s,1i7y
lyx,s,5be
lyx,s,52v
lyx,s,t60
lyy,s,5bd
lyz,s,1tu
lz0,h,4x6
lz8,h,5g4
lz9,h,5g5
lza,m,lzc
lzb,h,m76
lzc,h,1e5h
lzf,s,cyu
lzg,h,1bz8
lzi,m,1kjv
lzl,h,z0r
lzn,h,r18
lzo,h,csb
lzp,m,lzs
lzq,h,sgh
lzs,h,ro6
lzt,h,zni
lzu,h,lz9
lzw,h,bpp
lzy,h,sh7
lzz,h,2zv
m00,h,m0d
m02,h,ki1
m05,h,11k5
m06,h,9ny
m07,h,9ny
m08,s,wdu
m09,s,sh6
m0a,s,1bbh
m0b,h,11mp
m0c,h,kno
m0d,h,v3k
m0e,s,1606
m0f,h,v7l
m0i,h,16s7
m0k,h,6fc
m0l,h,6f7
m0m,s,3n6
m0m,s,mkl
m0m,s,3i6
m0m,s,otx
m0n,s,1agf
m0o,h,ku
m0p,h,sh7
m0q,h,1er0
m0q,m,1deo
m0q,m,1bsr
m0r,m,3mu
m0r,m,ujm
m0s,m,1e3c
m0s,m,8pi
m0s,m,838
m0t,m,8gn
m0u,m,1bwn
m0v,m,u0i
m0w,m,11nr
m0x,m,1bj9
m0y,s,14dd
m0z,h,9ch
m10,h,yid
m11,h,twm
m12,h,m1s
m14,h,9x8
m15,h,it9
m17,s,1gsb
m1b,h,yzp
m1d,h,18oj
m1f,h,fy9
m1g,h,fxy
m1h,h,vmo
m1m,h,x9y
m1n,m,m1m
m1r,h,m1d
m1s,h,m1e
m1u,h,12sa
m1w,h,huc
m26,h,j2h
m27,m,3l1
m27,m,18f3
m27,m,kdp
m27,m,3e0
m27,m,1imj
m27,m,urp
m27,m,1082
m27,m,3eh
m27,m,1bl
m29,m,2z
m29,m,1ere
m29,m,m2f
m2e,h,1qp
m2f,h,17wm
m2g,h,8n9
m2h,s,k5u
m2l,h,oav
m2n,h,17g1
m2o,h,28w
m2r,h,vu9
m2s,h,1d99
m2t,h,148c
m2v,h,ifo
m2x,h,vrj
m2y,h,19vt
m30,s,16b4
m33,h,deb
m34,h,199n
m34,h,9c7
m35,m,z6n
m35,m,172s
m35,m,gha
m35,m,dpi
m35,m,66b
m35,m,nic
m35,m,boy
m35,m,nh9
m35,m,g7k
m35,m,6rc
m35,m,172u
m35,m,ap0
m35,m,gub
m35,m,6m7
m35,m,4
m35,m,17s0
m35,m,4og
m35,m,137h
m35,m,v7r
m35,m,1dcq
m35,m,1jx1
m35,m,nmq
m35,m,17s1
m35,m,14ax
m35,m,tfl
m35,m,iav
m35,m,10eg
m35,m,y1j
m35,m,l3r
m35,m,dl4
m35,m,ywp
m35,m,555
m35,m,1biw
m35,m,m2v
m36,s,3u0
m38,s,zqc
m39,h,n3w
m3a,h,n46
m3b,h,zq9
m3c,s,1i9l
m3f,h,1bsg
m3g,h,996
m3h,h,19e0
m3l,h,12cx
m3l,h,nbu
m3m,h,kvc
m3p,m,wcp
m3p,m,1f1s
m3p,m,1gn7
m3q,h,bqg
m3s,h,azc
m3t,h,m3x
m3u,s,azo
m3v,s,azo
m3w,h,xak
m3y,h,qdr
m3z,h,16xr
m41,h,uy9
m42,h,197m
m43,h,azc
m44,h,olj
m46,h,m40
m47,h,7i1
m49,h,8kg
m4a,h,25n
m4b,h,1g35
m4c,h,esi
m4e,h,r2s
m4f,h,3s2
m4h,h,4sa
m4k,h,924
m4l,h,i9c
m4m,s,3qe
m4p,m,3qv
m4q,h,1c5m
m4r,h,102n
m4s,m,1ei4
m4s,m,spo
m4s,m,db
m4s,m,1jc4
m4s,m,m4u
m4s,m,ijm
m4u,h,10m
m4w,s,1b3
m4x,h,1cd5
m4z,h,11x3
m50,h,d71
m51,h,14up
m52,h,tp6
m54,h,1a0a
m55,h,2i5
m56,h,1bkb
m57,h,1gg6
m58,h,3nc
m59,h,1kqf
m5b,s,z7s
m5c,h,239
m5d,h,hxr
m5f,h,26r
m5h,h,2vn
m5j,h,1ch0
m5k,h,m5g
m5l,h,pgz
m5m,h,k6m
m5o,h,1fvv
m5p,h,1iku
m5q,h,11vg
m5r,h,ymm
m5s,h,nlw
m5v,s,bzv
m5x,h,wiu
m5y,h,1iqw
m63,h,lap
m64,h,hi
m66,h,ow0
m67,h,1eys
m68,h,8bn
m69,h,htu
m6a,m,vw2
m6b,m,vw3
m6c,m,vw4
m6d,h,15dx
m6e,s,t0j
m6f,h,t0t
m6g,h,t4s
m6h,h,t4u
m6i,h,tn4
m6p,h,e3g
m6q,s,qwh
m6z,h,3hd
m71,h,aem
m72,h,2jt
m73,s,1dva
m74,h,tjc
m75,h,agw
m76,h,u0p
m77,h,17t9
m78,h,19dv
m79,h,1gfi
m7a,h,oav
m7b,h,1bwe
m7c,h,kaq
m7d,s,aql
m7e,h,1l0d
m7f,h,7n5
m7h,s,8ol
m7i,h,c1o
m7j,s,1ep7
m7k,h,j2h
m7n,h,11gu
m7q,h,17jw
m7r,h,oav
m7r,m,m7q
m7s,h,17t2
m7u,h,5ep
m7v,h,4qj
m7x,h,48j
m7y,h,q5x
m7z,h,1dye
m80,h,1kib
m81,h,1kib
m82,h,1kib
m82,h,l97
m83,h,uh1
m83,h,1kib
m84,h,9g3
m85,s,1kxh
m87,h,jnb
m88,h,99g
m8a,h,1719
m8b,h,9tz
m8d,h,nbv
m8e,h,nbv
m8f,h,hba
m8h,h,1gax
m8i,h,1cjb
m8j,h,azc
m8k,h,azc
m8m,h,uya
m8n,h,1fcv
m8o,h,10vl
m8p,h,1iku
m8q,h,1ij2
m8r,h,qj
m8s,h,fuq
m8t,h,azc
m8u,h,ibw
m8v,h,ink
m8w,h,b2a
m8x,h,1a4e
m8y,h,11fh
m8z,h,1d53
m90,h,1fsy
m91,h,cn
m92,h,iw4
m93,h,12hu
m94,h,1dgo
m95,h,t8j
m96,h,11ij
m97,h,qn0
m98,h,nna
m99,h,ag
m9a,h,z81
m9b,h,13vp
m9d,h,iw4
m9e,h,91v
m9f,h,m64
m9g,h,fge
m9h,h,3a1
m9i,s,gm
m9l,h,19rf
m9m,h,c03
m9n,h,fpr
m9o,h,16c8
m9q,h,1380
m9t,s,nex
m9y,m,x5m
m9y,m,y9z
m9y,m,pk7
m9z,s,mab
ma0,s,1kal
ma1,s,mtl
ma3,h,168y
ma4,s,hbg
ma5,h,ast
ma8,h,65p
maa,h,nni
mab,s,m9z
mad,h,4tn
mae,h,91u
maf,s,imi
mag,h,ucd
mah,h,ucf
mai,h,oli
maj,h,zoc
mak,h,1l29
mam,h,1d99
man,h,6u3
mao,h,1chk
map,h,160o
maq,h,19xm
mat,m,mbc
mau,h,1be3
mav,h,bs4
mav,m,mau
max,h,mb5
may,h,1duw
maz,h,18iq
mb0,h,hp4
mb1,h,qvi
mb2,h,coi
mb3,h,coi
mb4,h,uz6
mb5,h,1ect
mb6,h,1km1
mb7,h,oav
mb8,s,1b1x
mb9,s,hnc
mba,s,mbm
mbc,h,18qz
mbe,h,wiu
mbf,s,zgh
mbg,h,1g06
mbh,h,12rg
mbi,h,aen
mbj,h,aef
mbk,h,91v
mbm,s,pl7
mbm,s,mba
mbm,s,me3
mbn,s,aej
mbo,h,153i
mbp,h,k8n
mbq,h,153p
mbr,h,2ij
mbt,h,anp
mbv,h,ibg
mbx,h,1inm
mby,h,805
mc1,s,1ds5
mc2,s,12eo
mc3,s,11lb
mc5,h,1ds8
mc6,h,kcz
mc7,h,1gg6
mc8,h,kkw
mc9,h,xds
mcb,h,1j36
mcc,h,qdr
mcd,h,1950
mce,h,6u3
mch,m,ual
mci,h,dol
mcj,h,doh
mck,h,1gxe
mcm,s,6tt
mcn,h,6u3
mco,h,k8n
mcp,h,ucg
mcq,h,18df
mcr,h,5zi
mcs,h,ucf
mct,s,r5v
mcw,h,1k80
mcy,h,wty
mcy,h,1bvv
mcz,h,cdc
md2,h,462
md4,h,1by8
md6,h,m40
md8,h,y5u
md9,h,81e
mdb,h,2lj
mdb,h,vwy
mdc,h,3eq
mdf,s,dq1
mdg,s,ebf
mdh,h,vnm
mdi,h,sl
mdj,h,91u
mdk,h,hk0
mdm,s,q4k
mdm,s,pqd
mdm,s,hnn
mdm,s,8qh
mdm,s,6ty
mdm,s,umx
mdm,s,fy4
mdn,s,4tk
mdq,h,ouw
mdr,h,4tn
mds,h,j0y
mdt,h,7k4
mdu,h,itk
mdv,h,12rk
mdw,h,15vc
mdx,h,1gcm
mdz,h,qmc
me0,h,1104
me2,h,11t0
me3,s,mbm
me4,s,3is
mea,m,jzc
mea,m,1fj8
meb,s,lva
mec,h,jlr
med,h,tr9
mee,h,153p
mef,h,ucg
meg,h,jlf
meh,h,jlf
mei,h,1chl
mej,s,hy6
mel,h,k1p
mem,h,p4n
meo,h,1rs
meo,h,mep
mer,h,8s0
mes,h,3g4
met,h,jez
meu,s,z8
mev,s,oy
mew,h,1bks
mex,s,ebf
mey,h,6ik
mez,h,100g
mf0,h,185n
mf3,h,147f
mf5,s,lf4
mf6,h,h10
mf7,h,xnh
mf8,h,h0u
mf9,s,onu
mf9,s,h48
mf9,s,mwh
mfa,h,r1q
mfc,h,1cq
mff,h,1cg
mfg,h,n3c
mfi,m,1bnx
mfj,h,12vi
mfk,h,w5o
mfm,h,1e8c
mfn,m,to9
mfp,h,kc8
mfq,s,cyu
mfr,h,mtk
mfs,h,fbk
mft,h,x9i
mfu,h,1jk8
mfv,h,9e6
mfv,h,5jp
mfx,h,gs6
mfy,h,j6z
mfz,h,vp0
mg1,s,1az0
mg2,h,qdz
mg3,h,rbz
mg6,h,vz
mg7,h,oc3
mg8,h,28w
mga,h,19wk
mgc,h,im
mgd,h,iq8
mgf,h,fdz
mgg,h,4pe
mgi,h,b1b
mgl,h,4pg
mgn,h,1gg6
mgo,h,bof
mgr,h,hpk
mgs,h,13vh
mgt,h,1cai
mgu,s,14m8
mgv,h,bt4
mgw,m,4cb
mgw,m,mh1
mgx,h,18qi
mgz,h,132x
mh0,h,2sj
mh1,h,1349
mh1,m,1ifv
mh1,m,czz
mh2,h,6ew
mh2,m,4ri
mh2,m,oyv
mh3,h,obh
mh4,h,4rf
mh5,s,1i8e
mh6,h,xh9
mh7,h,oft
mh9,h,466
mhb,h,d4q
mhc,h,h0u
mhd,h,1iku
mhe,h,rtn
mhf,h,h10
mhh,h,mav
mhj,s,1dy1
mhm,h,1dss
mho,h,3w8
mhr,h,mho
mhs,h,ebd
mht,h,mi3
mhu,h,111b
mhv,s,qq9
mhy,s,px6
mhz,h,11z0
mi0,s,124a
mi1,h,mi3
mi2,h,1jkp
mi3,h,111b
mi4,h,mho
mi5,h,1dk9
mia,h,gx5
mib,h,ucf
mic,h,1btk
mie,h,ck
mif,s,k0
mig,h,fj8
mii,h,1blp
mil,h,1jte
mim,h,rcx
min,s,w60
mip,h,sif
miq,s,nnj
mir,s,if5
mis,s,1441
miu,h,tm4
miw,h,gpe
mix,h,1k9m
miy,h,oav
miz,h,fva
mj0,h,1k9m
mj1,h,jye
mj2,h,dje
mj3,h,1akt
mj4,h,3au
mj7,h,1blp
mj8,h,wil
mj9,h,rwv
mjb,h,1drm
mjf,h,12f0
mjh,h,1d81
mji,h,12g2
mjj,h,12gc
mjo,h,hr9
mjr,h,oys
mjs,h,gf1
mju,h,5zm
mjw,h,5zu
mjy,s,uf8
mjz,h,erl
mk1,h,1bkv
mk4,h,1iug
mk5,s,1ko3
mk6,h,mll
mk7,s,p2n
mk7,s,49k
mk7,s,1drt
mk7,s,18dk
mk7,s,1be6
mk7,s,15vo
mk7,s,mkz
mk8,s,15vw
mk8,s,20s
mk8,s,1k4o
mk9,h,uo
mka,h,x5w
mkb,h,14te
mkc,s,ycq
mkd,s,178h
mke,s,b3m
mkf,s,zjk
mkg,s,kyd
mkh,s,12hc
mki,s,r17
mkj,s,o08
mkk,s,o05
mkl,s,m0m
mkm,s,l7o
mkn,s,fis
mko,h,jcp
mko,h,mxv
mkq,h,ou5
mks,h,1ewu
mkt,h,ujf
mku,h,jcp
mku,h,mxv
mkv,h,isq
mkw,h,r0k
mkx,h,l9a
mkz,s,mk7
ml0,s,bn1
ml3,s,oy
ml4,h,142i
ml7,h,16mh
ml8,h,6g9
ml9,h,877
mla,h,877
mlb,h,zpq
mlc,h,w2y
mld,m,mle
mle,h,1386
mlf,h,1222
mlg,h,13vh
mlh,h,14hz
mli,h,1a64
mli,m,mlj
mlj,h,dc6
mlk,m,x0e
mll,h,oav
mlm,h,ddf
mlo,h,1g1h
mlr,s,b41
mlu,h,5tz
mlw,h,11yp
mlx,h,dfd
mly,h,15g9
mlz,h,h0v
mm0,s,4tk
mm2,h,wx9
mm5,h,c57
mm6,h,5r7
mma,h,1a64
mmb,s,5uv
mmc,h,nvt
mmd,h,mld
mme,m,1eac
mmf,h,1gu2
mmg,h,knp
mmh,h,g0s
mmi,h,lvh
mmj,h,16id
mmk,h,azp
mml,h,byw
mmm,m,ceh
mmo,h,1f5u
mmt,h,kp1
mmv,s,1d16
mmw,h,xqm
mmx,h,1jpm
mmy,h,1jpl
mmz,h,9bb
mn3,h,xo6
mn4,h,ast
mn5,h,1cqd
mn8,h,6c5
mn9,h,lcy
mna,h,1j4e
mnc,h,30j
mnd,s,pow
mne,h,bxa
mnf,h,bxa
mng,h,y19
mnh,h,9vi
mni,h,1ers
mnj,s,g48
mnk,h,12se
mnk,m,s3f
mnk,m,qm
mnk,m,s3e
mnk,m,fyi
mnk,m,tew
mnk,m,inv
mnk,m,mno
mnm,h,1ebh
mnn,h,12g
mno,h,qm
mnp,s,12rx
mnr,h,12s5
mns,h,bx7
mnt,h,132u
mnu,h,ghb
mnu,m,1g8h
mnv,h,1hy9
mnw,h,ls6
mnx,h,zx7
mny,h,ghe
mnz,s,aaj
mo2,h,xdt
mo3,h,z2y
mo4,h,197m
mo5,h,rau
mo7,h,1cj7
mo8,h,mog
mob,h,13bk
moc,h,52d
mod,h,yrs
moe,s,het
moe,s,mok
moe,s,u13
moe,s,kim
mog,h,8bo
moh,s,1hsn
moi,s,3tg
mok,s,moe
mol,s,hes
mol,s,w2b
mom,s,1441
moo,h,cjf
mop,h,yah
mor,s,og7
mos,h,2yb
mot,h,91v
mou,h,15bb
mov,h,14tn
mow,s,mpb
mox,h,15bb
moy,h,mp9
moz,h,37
mp0,h,hfl
mp1,h,8n1
mp2,h,kk0
mp3,h,vru
mp4,h,a04
mp5,h,1cfl
mp6,s,og7
mp7,h,cxf
mp8,h,91m
mp9,h,132v
mpa,h,bqe
mpb,s,mow
mpb,s,5ja
mpc,s,h0o
mpc,s,1awg
mpd,h,2cf
mpf,h,mp9
mph,s,ogn
mpi,h,15ns
mpj,h,be3
mpk,h,anx
mpl,h,b40
mpm,h,twk
mpo,h,e3i
mpq,h,3gj
mpr,h,rzl
mpv,h,17j
mpx,h,3f0
mpy,h,kp9
mpz,h,tay
mq0,m,wgf
mq3,h,195b
mq4,h,8vp
mq5,h,1aze
mq6,h,1f6c
mq7,h,10cx
mq9,h,mq6
mqa,m,851
mqd,h,mt1
mqe,h,2aj
mqe,h,2d5
mqf,m,1c3c
mqf,m,dld
mqf,m,32b
mqf,m,hhx
mqf,m,xgj
mqf,m,17zb
mqf,m,12ms
mqf,m,1zs
mqf,m,1kzh
mqf,m,10j3
mqf,m,190r
mqf,m,mfd
mqf,m,1kq
mqf,m,zsr
mqf,m,19jy
mqf,m,16o
mqf,m,3qs
mqf,m,6es
mqf,m,1bqp
mqf,m,11oc
mqf,m,1gou
mqf,m,oo6
mqf,m,wg9
mqf,m,8s9
mqf,m,m0x
mqf,m,w8
mqf,m,h21
mqf,m,6y7
mqf,m,oyf
mqf,m,16n
mqf,m,dj3
mqf,m,f67
mqf,m,uas
mqf,m,11ag
mqf,m,i5z
mqf,m,hfg
mqf,m,11ty
mqf,m,jpx
mqh,h,tyd
mql,h,15sk
mqm,h,g3c
mqo,m,1eh
mqp,h,10wu
mqp,m,mqs
mqq,h,10wu
mqq,m,mqs
mqr,h,10wu
mqt,h,1cyj
mqu,s,t0j
mqv,s,pyi
mqw,h,11vu
mqw,m,tdi
mqx,h,z9i
mqy,h,mqx
mqz,h,ue9
mr0,h,mr9
mr1,s,172h
mr2,s,13n1
mr3,s,q0a
mr4,s,13n1
mr5,h,iwk
mr7,h,mr9
mr8,h,12g2
mr9,h,ks9
mra,h,mqx
mrb,h,3jt
mrc,h,1cf5
mrd,h,11fh
mre,h,jcv
mrf,h,4mt
mrg,h,1clf
mrh,s,noa
mrl,h,178
mrm,h,1ik
mrr,h,177u
mrt,h,m8l
mru,h,15pa
mrv,h,11k5
mrw,h,mrv
mrx,h,kvn
mry,h,923
mrz,h,nzx
ms0,s,adq
ms2,h,kwd
ms3,h,mpx
ms4,h,tjx
ms5,h,1gx2
ms8,h,1j4e
ms8,m,ms7
ms9,h,9vu
ms9,m,msa
msa,h,9vt
msb,h,1a3d
msc,h,mmj
msd,m,ddg
mse,h,16j9
msf,h,ezm
msi,h,11xo
msj,s,1kqo
msk,s,itt
msl,s,15jr
msm,h,1bsf
msn,h,r47
msn,m,f04
msn,m,pks
msr,h,85f
mss,h,1bsf
mst,h,fg0
msu,h,1fy1
msu,m,ovz
msv,h,1y7
msw,h,6li
msx,h,197m
msy,h,ooa
msz,h,1hls
mt0,h,bx6
mt3,h,1a10
mt4,h,ckb
mt5,h,1hrp
mt6,h,ckc
mt7,h,czb
mt8,h,k0w
mt9,h,zsj
mta,h,agw
mtb,h,5gb
mtb,h,1g6f
mtc,s,4jb
mtd,s,ay1
mtf,h,l30
mtg,h,yij
mth,h,4h5
mti,h,1duw
mtj,h,17q1
mtk,h,6p2
mtl,s,2ld
mtl,s,ma1
mtm,s,12gy
mtn,h,mty
mtp,h,hlw
mtq,h,18dh
mtr,s,12h9
mts,h,1493
mtt,s,12hc
mtv,s,7l2
mty,h,jlr
mtz,s,1i0n
mu0,s,1i1e
mu2,h,la5
mu3,h,13ss
mu4,h,dx5
mu5,h,1fzp
mu5,m,muj
mu6,s,19go
mu7,s,pyi
mu8,h,a9
mu9,h,srl
mua,h,17et
mub,h,ckb
muc,s,17mx
mue,s,8ei
muf,h,19gt
muh,h,1fc0
muj,h,1cwn
muj,h,vz4
mul,h,1eyg
mum,h,4pe
mun,h,xdt
muo,h,922
mup,h,gip
mur,h,bp5
muu,h,3io
muv,h,jlr
muw,h,hut
mux,h,13r8
muy,h,13rl
muz,h,18e7
mv0,h,s45
mv1,h,fkg
mv9,h,56
mva,h,h12
mvb,h,qra
mvc,h,71q
mvd,s,1g3g
mve,h,15ad
mvf,h,1g2w
mvg,h,14hx
mvh,h,za6
mvi,h,ckb
mvj,h,uz8
mvk,s,pwx
mvl,h,w9b
mvm,h,1a64
mvn,h,jgj
mvo,s,jgo
mvp,s,fcz
mvq,h,3la
mvr,h,y5p
mvs,h,ydg
mvt,h,1heo
mvu,h,ft
mvv,s,t0j
mvw,s,pyi
mvx,s,izl
mvy,m,18r4
mvy,m,6vp
mvz,h,1bj9
mw0,h,aed
mw2,h,zd9
mw3,h,1jk8
mw4,s,1dsp
mw5,s,yhf
mw7,h,pyg
mw9,h,16od
mwb,h,ifo
mwc,m,61i
mwc,m,rov
mwc,m,2q9
mwc,m,173a
mwc,m,ji
mwc,m,3ib
mwc,m,1fb8
mwc,m,3dy
mwc,m,cv0
mwc,m,c6r
mwc,m,w9
mwc,m,dhj
mwc,m,3ed
mwc,m,1189
mwc,m,10r2
mwc,m,2tk
mwc,m,ee2
mwc,m,zcu
mwc,m,g72
mwc,m,mwb
mwc,m,mwk
mwe,h,er4
mwf,h,mfa
mwg,h,198h
mwh,s,mf9
mwk,h,ifo
mwn,s,1ha0
mwq,h,i03
mws,h,1akh
mwt,s,9of
mwu,s,pow
mwv,h,fgm
mwx,h,zf9
mwy,h,510
mx1,h,t90
mx2,h,12k6
mx3,h,n0z
mx5,h,75x
mx6,h,5wr
mx7,m,1fj4
mxa,h,13y4
mxb,h,pru
mxd,h,17jj
mxe,h,1iso
mxf,h,189h
mxh,h,189f
mxn,h,1fof
mxp,h,ktt
mxq,h,nw
mxr,h,azc
mxs,h,15hj
mxu,h,11k5
mxv,h,go
mxw,s,1b9k
mxx,s,acj
mxy,s,1b9h
my0,h,1b9b
my9,h,17et
mya,m,myd
myb,h,64d
mye,h,qkb
myg,h,1ebc
myk,h,1a64
myp,h,zoy
myq,h,aao
myr,h,180o
mys,s,g0
myt,s,zb5
myu,s,1bmz
myv,s,r59
myw,h,aq8
myx,h,fgm
myz,h,151v
myz,h,p3i
mz0,h,mld
mz1,h,kvc
mz2,h,12dh
mz3,h,hdj
mz4,h,c1s
mz5,h,c1s
mz6,h,ldo
mz8,h,1bjh
mza,h,1gf
mzb,h,b34
mzc,h,1dm4
mzd,h,za
mze,s,1bjj
mzh,h,g1l
mzk,h,1ug
mzl,h,l30
mzm,h,c1g
mzn,h,ike
mzo,h,mth
mzp,h,16ro
mzq,s,pxb
mzt,h,azc
mzx,h,1b0m
mzy,h,eac
mzz,h,d3z
n00,h,doi
n01,h,6p2
n02,h,uya
n03,h,19qt
n06,h,3f0
n07,h,yij
n08,h,l90
n09,h,19s4
n09,h,1cwn
n0a,h,kt0
n0b,h,11k5
n0c,h,l90
n0e,h,qn5
n0f,h,197m
n0g,h,yzx
n0h,h,b30
n0j,h,9ek
n0k,h,xnh
n0l,h,mpy
n0m,h,wfn
n0m,m,wgz
n0n,h,189h
n0o,h,aef
n0p,h,a4g
n0r,h,1k8l
n0s,h,1dok
n0t,s,719
n0u,h,700
n0v,h,1ikw
n0w,h,1iku
n0x,h,11k5
n0y,h,mpy
n0z,h,w28
n11,h,vdp
n11,m,19us
n12,h,17sr
n13,h,gnw
n14,h,jgc
n15,h,1hgo
n16,h,2si
n17,h,h4o
n18,h,bqa
n19,h,1hlo
n1a,h,10t4
n1b,h,yb6
n1c,h,jb4
n1d,s,sbt
n1d,s,12cz
n1d,s,71w
n1d,s,1asn
n1e,h,3hd
n1f,h,emw
n1h,h,q5x
n1i,s,ib8
n1j,h,ews
n1k,h,kwd
n1l,s,jeg
n1m,h,1g2w
n1n,h,18yz
n1o,h,1gu8
n1p,h,88k
n1q,h,jll
n1r,s,1hdu
n1s,h,jye
n1u,h,j2h
n1v,s,100q
n1x,h,1dp4
n1y,s,lxk
n1z,s,jfb
n20,h,lm2
n21,h,1inx
n22,h,1inx
n23,h,y7h
n24,h,q75
n27,h,2zv
n28,s,1h6v
n2a,h,1h6u
n2b,h,8ox
n2d,h,b30
n2e,h,wez
n2f,h,11dc
n2g,h,bkm
n2h,h,1dwu
n2i,h,16sf
n2j,h,14nw
n2k,h,1erq
n2l,h,sx3
n2m,h,15hc
n2n,h,1fib
n2o,h,olh
n2p,h,olh
n2q,h,bk6
n2r,h,4vk
n2s,h,1ca6
n2t,h,4xa
n2t,h,8w6
n2u,h,1it1
n2v,h,1hjm
n2w,h,olc
n2y,h,vee
n2z,h,jf4
n30,h,1ko4
n31,h,12g8
n33,h,1j4e
n33,m,n34
n34,h,1gv4
n35,h,1g6f
n36,h,gh4
n37,h,1jvr
n39,h,lrh
n3a,h,13if
n3b,h,80
n3c,h,1hwx
n3d,h,19j9
n3e,h,a04
n3f,h,vvs
n3g,s,9zz
n3i,m,n3h
n3j,h,jar
n3k,h,kh
n3m,h,1k9n
n3n,m,n3m
n3o,h,l11
n3p,h,12cp
n3q,h,jey
n3r,h,kts
n3s,h,lrb
n3u,h,q9q
n3v,h,evv
n3w,h,evw
n3x,h,d8b
n3y,h,91v
n3z,h,91v
n41,h,13w0
n42,h,d4q
n43,h,1brt
n44,h,pk1
n45,h,1ikw
n46,m,lty
n47,h,ewc
n48,h,1it1
n49,h,ppv
n4a,h,yzp
n4b,h,t16
n4c,h,18yz
n4e,h,18wa
n4f,h,r40
n4g,h,lh2
n4h,h,16mz
n4j,s,1id9
n4k,s,1ctg
n4m,h,130n
n4o,s,7l2
n4q,h,nsg
n4r,h,b34
n4s,h,1iku
n4t,s,lf5
n4u,h,yij
n4x,h,1iku
n4y,h,11k5
n50,m,1k6s
n52,h,fac
n5b,h,u5c
n5e,h,14lh
n5f,h,61b
n5f,h,zom
n5h,h,tf9
n5l,h,3aa
n5m,h,3aa
n5n,h,amt
n5o,h,12hs
n5q,h,3xx
n5r,h,111b
n5s,h,e6w
n5t,h,txn
n5u,h,ews
n5v,h,132t
n5w,h,4kc
n5x,h,wf4
n5x,m,61e
n5y,h,txp
n5z,h,132x
n60,h,1jog
n61,h,146u
n62,h,im
n63,h,38e
n64,s,kyr
n65,s,8ol
n66,h,nz8
n67,h,guv
n68,h,8r8
n69,h,17jj
n6a,h,1bd1
n6d,m,le4
n6d,m,n6f
n6h,m,n6i
n6l,h,dje
n6n,h,171i
n6p,h,dma
n6q,h,1jm4
n6r,h,zjc
n6s,h,ibs
n6t,h,1bu2
n6u,h,1bfu
n6v,h,11k5
n6w,h,ibs
n6x,h,ibw
n6y,h,1j84
n70,h,deg
n71,h,p3w
n73,h,t4s
n74,h,t4u
n77,h,gjc
n78,m,1dxl
n78,m,nb8
n79,h,w52
n7a,h,v3x
n7b,h,t8s
n7c,h,1d96
n7d,h,fby
n7e,h,zpn
n7g,h,1kki
n7h,h,nk0
n7j,h,twk
n7k,h,17s9
n7l,s,t8x
n7n,m,8ss
n7o,h,nh8
n7p,s,1d00
n7q,h,3l6
n7t,h,dz6
n7u,h,bc2
n7v,h,b6y
n7x,s,14jb
n7x,s,edc
n7x,s,95l
n7x,s,5nr
n7x,s,cvx
n7y,s,342
n7z,m,8sy
n80,h,aka
n81,m,ydl
n81,m,b7g
n81,m,n84
n82,h,g3t
n84,h,10m
n87,h,1cz6
n88,h,1999
n89,m,jzi
n8a,h,xmc
n8d,h,qdh
n8e,h,18a6
n8h,h,mly
n8i,h,61a
n8j,h,foa
n8k,h,97q
n8n,h,dzt
n8o,s,1icv
n8q,h,1inm
n8r,m,1kia
n8s,h,1e10
n8t,h,1615
n8u,h,gjc
n8v,h,1ehk
n8w,h,gjh
n8x,h,gjj
n8y,h,j0z
n8z,h,14o2
n90,h,91v
n91,h,j11
n92,h,1gi7
n93,h,1bch
n94,h,1iso
n95,h,1bla
n96,h,7wt
n97,h,ms5
n98,s,oy
n99,h,sr1
n9a,h,1kiy
n9b,h,1jtk
n9b,m,4gk
n9b,m,8e6
n9b,m,n9g
n9b,m,n9f
n9b,m,8e5
n9b,m,jd
n9b,m,1cul
n9b,m,n9t
n9b,m,8e7
n9c,h,ffr
n9d,h,5p0
n9e,h,12e3
n9f,h,zhp
n9g,h,tkj
n9h,h,5zm
n9i,h,jue
n9j,h,1a1e
n9k,h,kdo
n9m,h,xjw
n9n,h,1a3f
n9p,h,1jtp
n9q,h,iut
n9r,h,1b2u
n9s,h,1b2v
n9t,h,1aao
n9t,m,jyo
n9u,h,1b14
n9v,h,1jgq
n9y,h,1bkn
n9z,h,1bks
na0,h,1iku
na1,h,1bd1
na2,h,y5j
na4,h,1d5d
na7,h,t8s
na8,h,zaa
na9,s,17uz
naa,h,6hq
naa,h,12dh
nac,h,1kbn
nak,h,hy3
nak,h,hvb
nal,s,1cyy
nam,h,92j
nan,h,hnh
nao,h,16ed
nas,h,jii
nau,h,92i
nav,h,wod
naw,h,1klm
nay,h,7cg
naz,h,17tv
nb0,h,13tr
nb1,h,1493
nb3,h,bo9
nb4,h,v3k
nb5,h,h7v
nb6,h,6hq
nb7,h,6hs
nb8,m,m25
nb8,m,nba
nbb,h,gjc
nbc,h,gji
nbf,h,1a0a
nbg,h,vvm
nbi,h,3e6
nbl,h,1c3i
nbo,h,1bsg
nbp,h,vu9
nbq,h,3p
nbs,m,mzj
nbu,h,wiu
nbv,h,qdh
nbw,h,1gzr
nbx,h,17m0
nby,h,j7o
nbz,h,189i
nbz,m,126g
nc0,h,b1n
nc0,m,nc1
nc3,h,1d99
nc4,h,tjc
nca,h,dec
ncb,h,deb
ncc,h,3ie
ncd,h,n46
nce,h,3ie
nce,m,ryw
ncf,h,ghe
ncg,h,k4u
nch,s,u3t
nci,h,hzx
ncj,h,nci
nck,s,aaj
ncm,h,91u
ncn,h,qb
nco,h,13a4
ncp,h,19cj
ncq,h,17py
ncq,h,gvy
ncr,h,ez7
nct,h,ibg
nct,m,ncu
ncu,h,p3w
ncw,h,1kqf
ncx,h,1fy1
ncy,h,ozx
ncz,h,ozx
nd0,h,180o
nd1,h,c3g
nd2,h,df9
nd3,h,kzn
nd4,h,kzn
nd5,h,13yh
nd6,h,h5c
nd7,h,cey
nd8,h,1gi7
nd9,h,mji
nda,h,13yj
nda,h,1f3e
ndb,h,13yj
ndc,h,jir
ndd,h,8bn
ndf,h,18fz
ndg,h,k3m
ndh,m,ndg
ndj,s,qld
ndk,h,dec
ndm,m,14ua
ndn,h,zr7
ndo,h,w63
ndp,h,nko
ndq,s,1grb
nds,h,wf4
ndw,h,fkh
ndx,h,4eh
ndy,h,f29
ndz,h,4eg
ne0,m,1bh8
ne0,m,17xr
ne0,m,ryj
ne0,m,h1r
ne0,m,ibm
ne0,m,j28
ne0,m,1492
ne0,m,y43
ne0,m,dp8
ne0,m,14b8
ne0,m,svn
ne1,h,5fv
ne2,h,5fx
ne4,h,qdg
ne6,h,ls6
ne7,h,12nu
ne8,h,13d5
ne8,m,nef
ne9,h,yzp
nea,h,mxv
neb,h,4pe
nec,h,7qc
ned,h,mxq
nee,h,13cz
nef,h,pjq
neg,h,1cyn
nei,h,imb
nej,m,nf1
nej,m,10sj
nel,h,jv8
nem,h,13uc
nen,h,87q
neo,h,1ek1
nep,h,71h
neq,h,j2h
ner,h,net
nes,h,df2
net,h,nej
net,m,u7o
net,m,15dn
neu,h,coi
nev,h,1fuv
new,h,2im
nex,s,45c
nex,s,1fxy
nex,s,eld
nex,s,455
nex,s,4ro
nex,s,m9t
ney,h,bc2
nez,h,2im
nf0,h,twk
nf1,h,6dx
nf2,h,y7d
nf3,h,3ie
nf4,h,121r
nf5,h,f4f
nf8,s,gc5
nf8,s,okg
nf8,s,lkr
nf8,s,1kfa
nf8,s,swf
nf8,s,asf
nf8,s,7x1
nf8,s,1kkb
nf8,s,1fw8
nf8,s,lix
nf8,s,121c
nf9,s,1b3
nfa,m,nfc
nfd,h,120k
nfe,h,rh8
nff,h,120j
nfg,h,k3m
nfj,h,xmz
nfj,h,17so
nfk,h,g0a
nfk,h,xmz
nfl,h,9hk
nfm,h,9hj
nfp,h,vs1
nfq,s,143d
nfr,s,a19
nfs,h,1201
nft,h,n5s
nfw,s,1143
ng4,s,o08
ng9,s,15gg
nga,h,2si
ngc,h,10si
nge,s,l1m
ngf,s,q7r
ngg,h,yrs
ngh,h,1ajz
ngj,h,3xo
ngk,s,1hpa
ngl,h,aka
ngm,h,1121
ngn,h,hus
ngo,h,hut
ngq,s,r59
ngr,s,l1m
ngt,h,k9v
ngu,h,k9w
ngu,m,ngt
ngv,h,185n
ngx,m,j
ngy,h,wiu
ngz,h,nh0
nh0,h,6q1
nh1,h,17jj
nh7,h,75x
nh8,h,75x
nhb,h,13aw
nhd,h,949
nhe,h,d4n
nhf,h,13vh
nhg,h,1a3y
nhh,s,oqc
nhi,h,dti
nhj,h,11d6
nhk,h,eef
nhl,h,yzr
nhm,s,1i4u
nho,s,14c7
nhp,h,cat
nhp,m,8q6
nhp,m,1jhm
nhp,m,kg0
nht,h,n3b
nhw,h,1cxy
nhx,h,nyn
nhy,h,1fyz
nhz,h,1kd8
ni0,h,nlw
ni1,s,6xk
ni3,h,fxo
ni4,h,17ka
ni8,h,kl
nib,h,8ay
nid,h,189i
nid,m,n2r
nie,h,1cb4
nim,h,azy
nio,h,1d6i
nip,m,nxu
nip,m,niw
nir,h,1d6i
nit,h,5vj
niu,h,4sc
niw,h,nxu
niw,m,1172
nix,h,19rh
niy,h,u7s
nj1,h,iw
nj2,h,4ub
nj3,s,gec
nj4,h,4k6
nj5,h,16sr
nj6,m,1kbl
nj9,h,17g1
nja,h,1eza
njb,h,1g0n
njc,h,cwq
njd,h,gvy
njg,s,nky
njh,h,j0j
njh,m,10gl
njh,m,468
njh,m,jza
njh,m,w5t
nji,h,2r
njj,h,1a8f
njk,h,anb
njl,h,1a8k
njm,h,12p8
njo,h,1830
njp,h,2ji
njq,h,ktj
njr,h,177
njs,h,t8g
njt,h,6kd
njv,h,10vl
njw,h,nk3
njx,h,461
njz,h,9gs
nk0,h,15zm
nk1,h,19qt
nk2,h,84j
nk3,m,nko
nk4,h,2ji
nk5,h,cod
nk6,h,19nf
nk7,s,1h4o
nk8,h,3cp
nka,h,xlw
nkd,h,2j2
nke,h,uo
nkf,h,594
nkg,h,fdn
nkh,h,1kkx
nki,h,1g6s
nkl,h,1anr
nkm,h,by2
nko,h,2j2
nko,m,19qf
nkp,h,1g33
nkq,h,v73
nkr,h,4ca
nkr,m,nko
nkt,h,12n
nkx,h,1g2w
nky,s,nl8
nky,s,njg
nky,s,102v
nl0,h,uvx
nl2,h,25k
nl3,h,964
nl4,h,16c9
nl5,h,n67
nl6,h,18fz
nl7,h,1evi
nl7,m,nko
nl8,s,nky
nl9,h,go
nlc,h,4tn
nlf,h,1jmn
nlg,h,1k19
nlh,h,bx7
nli,h,1kq8
nlj,h,1kql
nlk,h,1kqm
nll,s,1kqo
nln,s,b9
nlo,s,by3
nlp,s,ta
nlq,h,16go
nlr,h,z2e
nls,h,k4j
nlv,h,jey
nlw,h,ini
nlx,h,glt
nlz,h,4pe
nm2,h,z2n
nm3,h,e3g
nm5,h,jey
nm6,h,e31
nm7,h,kkw
nm8,s,10f
nm9,h,1klm
nma,h,1dv4
nmb,h,e3i
nmc,h,inn
nmd,h,17ka
nmd,m,yno
nme,h,ins
nmf,h,1ao7
nmg,h,fgq
nmh,h,1dyv
nmk,h,ak1
nml,h,er6
nmm,h,ubx
nms,h,17py
nms,h,gvy
nms,m,nmv
nms,m,m20
nms,m,1j25
nms,m,m21
nms,m,m23
nms,m,m22
nms,m,nmu
nmu,h,17so
nmw,h,wm3
nmx,h,8bn
nn1,h,bo
nn3,s,15al
nn4,s,88e
nn5,s,1hry
nn7,h,zou
nn8,h,at1
nnb,h,nna
nnc,h,90y
nnd,h,nna
nne,h,ii1
nnh,h,hlw
nni,h,jlr
nnj,s,miq
nnj,s,6u0
nnj,s,5r1
nnj,s,t4x
nnj,s,5sc
nnk,s,jm6
nnm,h,1dnq
nnn,h,e1v
nno,h,nq
nnq,h,25n
nnr,h,3gt
nns,h,1g0p
nnt,h,3gw
nnu,h,25o
nnv,h,wr4
nnw,h,qdr
nnx,h,162w
nny,h,jlf
nnz,h,19vi
no0,h,say
no1,h,ofv
no2,h,181o
no3,s,rd0
no4,s,1g3k
no5,s,uij
no6,s,itt
no7,s,h76
no8,s,1hfw
no9,s,8f1
no9,s,1cmh
no9,s,7ob
noa,s,noz
noa,s,1gx1
noa,s,1cmi
noa,s,k2i
noa,s,1idw
noa,s,1kk1
noa,s,mrh
noa,s,c7s
noa,s,11nj
noa,s,m5
noc,s,1its
nom,s,1d8k
non,s,1ch
noo,s,411
nop,s,1cdf
noq,h,17q5
nor,s,12y5
nos,h,66w
not,s,3yl
nou,h,3if
nov,h,4iq
now,h,91v
nox,h,91v
noz,s,noa
np0,h,1e8c
np1,h,xxy
np3,s,1da1
np4,s,15jr
np5,s,kdv
np6,s,1hfm
np9,h,bni
npa,h,14te
npb,h,f4m
npc,h,woc
npd,h,5io
npe,h,uvu
npf,h,1jtp
npg,h,qz5
nph,h,b4x
npi,h,1a1g
npj,h,1kiy
npk,s,f7b
npn,s,17ej
npo,s,17ej
npp,m,151b
npq,h,17ts
npr,h,192o
nps,h,7un
npt,s,kpe
npu,h,u50
npx,h,u1b
npy,h,eim
nq1,h,abq
nq2,h,xbt
nq4,h,qra
nq5,h,1kbn
nq6,s,7si
nq6,s,ec8
nq6,s,qw0
nq6,s,pp0
nq6,s,1cak
nq6,s,dnb
nq6,s,41b
nq6,s,wni
nq6,s,ch0
nq6,s,70x
nq6,s,8jr
nq6,s,8q
nq7,h,esu
nq8,h,1id6
nq9,s,qsn
nqe,h,1fwg
nqf,h,1fo8
nqg,s,nqk
nqj,h,h1
nqk,s,nqg
nqk,s,zdo
nqk,s,1e86
nqk,s,bob
nqk,s,14kq
nql,s,44q
nqm,s,biw
nqn,s,b1x
nqq,h,nr1
nqr,h,1aha
nqs,h,vl2
nqt,h,b4z
nqu,h,1agv
nqv,h,169e
nqw,h,pz
nqx,h,91u
nqy,h,xmc
nqz,h,vtp
nr0,h,b1w
nr1,h,xlw
nr2,h,zn1
nr3,h,16a
nr5,h,1dv4
nr6,h,1cb4
nr6,m,nyn
nr6,m,nhx
nr6,m,1g5e
nr6,m,6t4
nr6,m,vge
nr6,m,9rt
nr7,h,3g4
nr8,h,iu7
nr9,h,bxa
nra,s,bxh
nrc,h,1dv4
nrd,h,16h1
nre,h,12f5
nrf,h,xmc
nrg,h,1brz
nrg,m,kj2
nrh,h,8ke
nrj,h,a0p
nrk,h,xmc
nrn,h,gx8
nro,h,18ph
nrp,h,p3i
nrq,h,nvt
ns6,h,d8k
ns7,h,12jf
ns8,h,esi
ns9,s,1i32
nsa,s,1i32
nsb,s,1hyj
nsc,s,o34
nsd,s,fdt
nsf,h,17nd
nsg,h,1i35
nsj,h,15uu
nsl,h,28w
nsq,h,bm5
nsr,h,lug
nss,h,18zh
nst,h,16ed
nsx,h,2ou
nsz,h,fkh
nt0,h,9mc
nt5,m,nt3
nt7,h,u5y
nt7,h,1iqw
nt8,h,8k9
nt9,h,jey
ntb,h,9c7
ntc,h,jue
ntd,h,ddq
nte,h,1buj
ntf,h,xan
ntg,h,q1s
ntk,s,pbd
ntl,s,pbd
ntm,h,nya
ntm,m,d1s
ntm,m,6uf
ntm,m,ntq
ntn,h,lgf
nto,h,1jty
ntp,h,1duw
ntq,h,48h
ntr,h,42n
nts,h,10uh
ntt,h,19nv
ntw,h,qs0
ntx,h,tx1
nty,h,84i
nu0,s,6ae
nu1,s,19nt
nu2,h,asl
nu3,h,128f
nu4,h,3tx
nu5,h,xjw
nu6,h,38x
nu7,h,1kxi
nu8,h,hyo
nu8,m,ntu
nu9,h,hls
nua,h,fmj
nub,s,1hzv
nub,s,43
nuc,s,xvr
nue,h,z7x
nuf,h,ev7
nug,h,11k5
nuk,h,uz6
nuk,h,w28
nul,h,121r
num,s,1gye
nuo,h,8yt
nuq,h,14gk
nur,h,1gee
nus,h,bvh
nut,h,1geh
nuu,h,1cdn
nuw,h,oj3
nux,h,2sg
nuy,h,14mr
nuz,h,13ic
nv0,s,b95
nv1,s,1grb
nv2,s,qpc
nv3,s,1hru
nv4,s,xef
nv5,h,ydq
nva,h,r2s
nvd,h,91v
nve,h,1dm6
nvf,h,18qj
nvg,h,m9b
nvj,h,19vf
nvk,h,fvk
nvm,h,1iku
nvn,m,oim
nvo,m,oim
nvq,h,z51
nvr,h,1qp
nvs,h,n1s
nvt,h,5hs
nvu,h,wei
nvv,h,pai
nvz,h,x9y
nw1,h,oav
nw2,h,oav
nw4,h,op0
nw5,h,17ka
nw6,h,1a64
nw8,h,kma
nw9,h,bzf
nwa,h,nws
nwc,h,xlw
nwg,h,mtb
nwh,h,kv4
nwi,h,nsr
nwj,h,18zh
nwk,h,u98
nwm,h,14id
nwn,h,ck
nwo,h,srg
nws,h,1cbc
nwt,h,1kes
nwv,h,doz
nww,h,z2f
nwx,s,dp1
nwy,h,x6
nwz,h,101d
nx0,h,nnq
nx1,h,1gi7
nx2,h,1kiy
nx3,h,6zu
nx4,s,9of
nx5,m,nx6
nx9,h,1ima
nxa,h,ab6
nxc,h,vlw
nxd,h,tjc
nxe,m,6ju
nxe,m,1exj
nxe,m,gxg
nxe,m,xon
nxe,m,1apj
nxe,m,j2x
nxg,h,t8s
nxh,h,kwc
nxi,h,13m0
nxj,h,1fys
nxk,h,1kki
nxl,h,12oj
nxn,h,qfo
nxo,h,gn5
nxp,h,yzp
nxq,h,kll
nxr,h,1d99
nxs,h,1d99
nxt,h,z3a
nxu,h,1d6i
nxu,m,j2z
nxv,h,1fus
nxw,h,13zj
nxx,h,13u7
nxy,h,fby
nxz,h,4pe
ny0,h,zqk
ny1,h,ton
ny2,h,kvn
ny3,h,16ed
ny4,h,cfa
ny5,h,ls6
ny6,h,fk
ny7,h,48j
ny8,h,10ic
ny9,h,7go
nya,h,aao
nyd,s,zq0
nye,s,vnz
nyf,h,4qj
nyg,h,6s6
nyh,h,4qj
nyi,h,nsw
nyj,h,olc
nyk,h,s4x
nyl,s,kyr
nym,h,onz
nyn,h,1cb4
nyo,h,15tg
nyp,h,18ex
nyq,h,twn
nyr,s,4xy
nys,h,tra
nyt,h,nyq
nyu,h,vk
nyv,h,1duw
nyw,h,11fm
nyx,h,u7s
nz1,h,t8s
nz2,h,13qr
nz3,h,13qr
nz4,h,o7e
nz5,h,6gd
nz6,h,1duw
nz7,h,z8g
nz9,h,wf4
nza,h,ddq
nzb,h,16rd
nzc,h,17jk
nze,h,182o
nzf,h,scq
nzg,h,1evn
nzh,h,xak
nzi,h,132u
nzj,h,132u
nzk,h,11t0
nzl,h,1a3k
nzm,h,1a1e
nzn,h,ins
nzp,h,48j
nzr,h,1dv4
nzs,h,4x9
nzt,h,13ym
nzv,h,1kki
nzw,s,imi
nzx,h,57x
nzy,h,60s
nzz,h,1jyc
o00,h,bc2
o02,h,13x2
o04,h,87q
o05,s,89n
o05,s,13nu
o05,s,gn6
o05,s,15u4
o05,s,299
o05,s,mkk
o05,s,2by
o05,s,dam
o05,s,zoo
o05,s,vu6
o05,s,8m4
o06,h,1k6l
o08,s,17qp
o08,s,1k6j
o08,s,mkj
o08,s,ng4
o08,s,o1n
o08,s,6dm
o08,s,kk4
o08,s,k2o
o08,s,o1o
o09,s,1bki
o0a,s,1k6i
o0b,s,15lc
o0c,h,m8h
o0d,h,jw8
o0f,h,11d6
o0g,h,13tq
o0h,h,11wk
o0i,s,etk
o0j,h,11d9
o0l,h,13u9
o0m,h,zjq
o0n,h,19j3
o0o,h,wtq
o0p,s,qeu
o0s,s,1agf
o0t,h,rc0
o0u,h,r5q
o0u,m,1io8
o0v,h,cih
o0w,h,fpx
o0y,h,1iqw
o10,h,1e8c
o11,h,krc
o12,h,96t
o13,h,e6a
o14,h,1e8c
o15,s,hpm
o16,h,gv7
o17,h,2sg
o18,h,1cwn
o1b,h,1agi
o1c,h,164e
o1d,s,1bzc
o1f,h,1hfz
o1g,h,1k3s
o1h,h,ugl
o1h,h,b1s
o1i,h,pne
o1j,s,xef
o1k,h,1kiy
o1l,s,1jl1
o1m,s,1k6i
o1n,s,o08
o1o,s,o08
o1p,s,b3m
o1q,h,hsx
o1r,h,1exc
o1s,h,hlx
o1t,h,151l
o1u,h,91u
o1v,h,1duw
o1w,h,924
o1y,s,p2a
o1z,s,p2b
o21,h,ews
o22,h,1a64
o23,h,4gu
o25,s,rjq
o26,h,o22
o27,h,aq2
o29,h,1ikb
o29,m,62f
o29,m,1540
o2a,s,al2
o2b,h,am5
o2c,h,17b6
o2d,h,xe4
o2e,h,17b5
o2f,h,1bqr
o2g,h,1fi6
o2h,h,1iku
o2i,h,1fib
o2j,h,tqa
o2k,h,xdt
o2m,s,kyd
o2o,s,fy1
o2o,s,8qv
o2o,s,fy0
o2o,s,10m7
o2o,s,149e
o2o,s,1po
o2q,s,1idz
o2r,h,4ca
o2s,h,1kly
o30,h,1jwl
o31,h,1815
o32,s,g4k
o33,s,vj2
o33,s,g9k
o33,s,12wy
o33,s,o5k
o33,s,eiu
o34,s,nsc
o36,s,t8q
o36,s,1jwx
o36,s,fuo
o36,s,7aw
o36,s,zkb
o37,s,5bc
o39,h,kl
o3a,h,940
o3c,s,aba
o3d,s,1k7c
o3e,s,1fbd
o3f,s,1fbd
o3g,s,lf5
o3j,s,qej
o3k,s,1cml
o3l,s,lf4
o3m,s,h81
o3n,s,gqs
o3o,s,e57
o3p,h,wiu
o3q,h,6gx
o3r,h,1kph
o3s,h,13su
o3y,h,tyd
o40,h,idb
o44,h,1804
o46,h,aso
o47,h,r7w
o48,h,1grc
o49,h,6nm
o4a,m,2sf
o4b,m,ebi
o4c,h,aov
o4c,h,gtg
o4d,h,c4o
o4e,m,ebj
o4f,m,dz1
o4h,m,rp3
o4i,h,jnn
o4j,h,193x
o4k,h,ih4
o4l,h,3s2
o4n,h,hp4
o4o,h,wjt
o4p,h,rei
o4q,h,aa
o4r,s,14t4
o4s,h,quq
o4s,m,14yw
o4t,h,16qy
o4u,h,1bu8
o4v,h,lrh
o4w,s,qhg
o4x,h,id2
o4y,h,id5
o4z,h,19cz
o50,m,l76
o51,h,1iku
o52,h,yzk
o54,s,dw0
o54,s,88g
o55,s,88e
o56,h,q1i
o57,h,6cj
o57,m,tq7
o59,h,hq2
o5a,h,hq2
o5b,h,10sf
o5c,h,ko4
o5d,h,doi
o5e,h,olh
o5f,h,16gm
o5g,h,65p
o5i,h,o30
o5j,h,1jwg
o5k,s,o33
o5n,h,kod
o5o,h,1kmi
o5s,h,clg
o5t,h,f7y
o5u,h,q9r
o5v,h,q9r
o5w,h,157x
o5x,s,r2a
o62,h,15pa
o63,h,o62
o64,h,143j
o65,h,qpu
o67,h,17dv
o6f,h,4kt
o6g,m,5nb
o6g,m,17ml
o6h,s,c3k
o6i,h,2hv
o6j,h,1ab6
o6l,h,1f9n
o6n,h,19g
o6o,h,9c7
o6p,h,ddf
o6r,h,ast
o6s,h,164d
o6t,h,1gr5
o6v,m,ahd
o6v,m,1ddk
o6v,m,fo
o6v,m,tj9
o6w,h,wnh
o6x,h,183n
o70,m,o6z
o72,h,13r0
o74,h,o6u
o75,h,t16
o76,h,1grc
o77,h,1grc
o79,h,mxv
o7b,h,t8t
o7c,h,1cmy
o7d,m,1j85
o7e,h,nya
o7e,m,4ts
o7f,s,i5e
o7h,h,1kmr
o7i,h,qli
o7j,h,vco
o7k,h,1dv6
o7l,h,57w
o7m,h,19hp
o7n,h,1410
o7o,h,57w
o7p,h,19i4
o7q,h,162c
o7r,s,j3w
o7r,s,c1
o7r,s,qg
o7r,s,1cax
o7r,s,161w
o7r,s,pxm
o7r,s,38z
o7r,s,1cll
o7t,h,1ik8
o7u,m,1eoq
o7v,s,139m
o7w,s,oxq
o7x,s,eky
o7z,h,139n
o80,h,ekx
o81,h,emu
o82,h,1c4i
o84,h,h4r
o85,h,1ikw
o86,h,19lv
o87,h,1iku
o88,h,133
o8a,h,21e
o8b,h,1jd0
o8d,h,15ee
o8e,h,8un
o8g,h,1bsg
o8h,h,vu9
o8l,h,1e8c
o8m,h,11zo
o8n,m,dtq
o8q,h,wiu
o8r,h,9jp
o8t,h,10n0
o8v,m,otk
o8v,m,o8w
o8v,m,oeg
o8v,m,wml
o8w,h,qum
o94,h,1kiy
o95,h,bj4
o96,h,1104
o97,h,f09
o99,h,11va
o9b,h,1e8c
o9d,h,upq
o9g,h,1a85
o9h,h,1e8c
o9k,h,10cg
o9l,h,zig
o9m,h,11zo
o9n,h,1cxr
o9p,h,bhw
o9r,s,1g3m
o9s,h,9f1
o9t,h,5hl
o9u,h,9f0
o9v,h,jmz
o9w,h,oav
oa3,h,1fqj
oa9,s,qny
oaa,h,12vi
oaa,h,2b6
oac,h,oav
oad,h,u4l
oaf,h,86h
oag,h,3p
oaj,h,12ua
oak,h,w7r
oan,m,clj
oao,h,w57
oap,s,14e9
oar,s,azo
oas,h,qtt
oat,h,hje
oav,m,1iso
oaw,h,kaq
oax,h,1erg
oaz,h,oav
ob1,h,1f9m
ob2,h,anb
ob4,h,9c5
ob5,h,239
ob6,s,12bn
ob6,s,18b5
ob7,s,1dsk
ob8,s,f4j
obb,m,19u1
obb,m,8n1
obd,h,xds
obe,h,d1l
obf,h,sb4
obh,h,ok8
obi,h,u7f
obn,s,13k0
obo,h,13k1
obt,h,143j
obv,h,143k
obw,h,4vj
oc1,h,4bu
oc2,h,4bv
oc3,h,bt4
oc4,h,zwn
oc5,h,yka
oc9,h,13a7
ocb,h,5it
ocd,s,1zl
ocg,h,1f8y
oci,s,1fmu
ock,h,ub6
ocl,h,gv7
ocm,h,17vd
ocn,h,t8s
oco,h,940
ocv,s,62u
ocw,h,i1e
ocy,h,iw
ocz,h,zj9
od0,h,940
od1,h,1kib
od2,h,cih
od3,h,1jf1
od4,h,17ji
od7,h,od5
od8,h,1l25
od9,h,1l26
oda,h,v3k
odb,h,1fs7
ode,m,odd
odf,h,j2h
odg,h,eqm
odm,h,15dx
odq,h,f4n
odr,s,qbd
odu,h,ebw
odv,h,qbc
odw,h,1122
odx,h,yxx
oe4,h,68j
oe5,s,dhv
oe6,h,b5l
oe7,h,a9v
oe9,h,b5r
oeb,s,39p
oeb,s,qq8
oeb,s,fo8
oed,s,x0z
oeh,s,1d08
oei,h,11k5
oej,h,19mv
oek,h,1eyj
oel,h,zou
oen,h,1cj7
oeo,h,1l2y
oes,h,17sf
oeu,h,8ef
oev,h,1d63
oew,h,srl
oex,s,den
oey,h,1buw
oez,h,96q
of1,h,12ua
of2,h,1ch3
of3,h,12ui
of4,h,1iyd
of5,h,w7r
of5,h,1bfy
of7,h,239
of8,s,1i00
of9,h,x22
ofc,h,11y7
ofd,h,1ast
ofe,h,16rl
off,h,1g10
ofg,h,g74
ofh,h,16vm
ofi,h,v1q
ofj,h,1615
ofj,h,1e8c
ofk,h,6q5
ofl,h,i8u
ofm,h,1kiy
ofo,h,1aj7
ofp,h,1aj6
ofq,s,b7r
ofr,s,b7r
ofs,h,13s7
ofx,h,2sj
ofy,s,bmi
ofz,s,z7s
og0,s,1h6v
og2,h,1h6u
og4,h,13s7
og5,m,nw2
og6,h,pyk
og7,s,9za
og7,s,1iyy
og7,s,mor
og7,s,mp6
og9,h,19gc
oga,h,zoy
oga,m,og6
ogc,h,ogf
oge,h,1kql
ogf,h,zsd
ogj,h,1ew2
ogk,h,tzs
ogl,s,13n1
ogm,h,yhc
ogn,s,ug
ogn,s,mph
ogn,s,ohb
ogn,s,1b8x
ogn,s,t2c
ogn,s,oha
ogn,s,6w3
ogo,s,hl9
ogo,s,avu
ogo,s,1cmn
ogo,s,1ifl
ogp,s,j9n
ogp,s,1a5c
ogp,s,18t1
ogp,s,1mv
ogp,s,1ezw
ogp,s,114k
ogp,s,1mn
ogp,s,ob
ogp,s,1ezv
ogp,s,1bir
ogp,s,1bin
ogp,s,che
ogq,h,eac
ogs,h,hbj
ogt,h,hbj
ogu,h,1fzp
ogz,s,hbg
oh0,s,ra1
oh3,h,lw6
oh4,h,1flm
oh6,h,9dm
oh7,h,r18
oh8,s,r17
oh9,h,8yw
oh9,m,17ur
oha,s,ogn
ohb,s,ogn
ohc,h,ft
ohd,s,331
ohe,s,1i6a
ohf,h,cvw
ohh,h,17dv
ohi,h,xxu
ohj,h,1bd1
ohk,h,18qz
ohm,h,et9
ohn,h,tre
ohp,h,ccs
ohq,h,vdd
ohu,h,2us
ohv,h,o5t
ohw,h,eac
ohx,h,ohy
ohy,h,17cx
ohy,m,r36
ohz,h,nzf
oi0,h,deb
oi1,h,cvt
oi2,h,39x
oi3,h,1jgw
oi4,h,157x
oi5,h,1jgz
oi6,h,1168
oi8,s,p9c
oia,h,llv
oic,h,xxu
oic,m,oik
oif,h,19qt
oig,h,xpc
oii,h,17wx
oik,h,1awe
oil,h,114i
oin,h,nko
oin,m,sm5
oio,h,12of
oip,h,k4a
oir,m,iia
oir,m,eyt
oir,m,uy5
oir,m,s8y
oir,m,24r
oiu,h,746
oiw,h,n3i
oix,h,15uu
oiy,m,8vs
oj0,h,r5q
oj1,h,18a6
oj2,h,deu
oj4,h,f4k
oj5,h,z2r
oj6,h,ii
oj7,h,1hls
oj9,h,34m
ojb,h,16bs
ojb,m,oja
ojb,m,npr
ojb,m,1imf
ojc,h,16br
ojd,m,oj9
ojf,h,oj1
ojg,h,rzu
ojg,m,1242
ojh,h,9uh
oji,h,3g4
ojj,h,i54
ojk,h,1dnk
ojl,h,qdr
ojm,h,bzz
ojo,m,rl9
ojq,h,lcy
ojr,h,65p
ojr,m,f2
ojs,h,1o2
oju,s,v83
ojv,h,1620
ojy,m,18xt
ok2,h,1cbj
ok3,h,ihe
ok4,h,hn0
ok5,h,ii
ok7,s,hmy
ok8,h,srl
ok9,h,hn0
okb,h,new
okf,m,nfa
okg,s,nf8
okh,h,yij
oki,h,1iku
okj,h,1gg6
okk,h,1ehk
okl,h,1rq
okn,h,us6
okt,h,18mw
oku,s,10x8
okv,s,pyi
okw,h,i5w
oky,s,15j9
ol1,h,pil
ol2,h,u2f
ol3,h,1kqi
ol4,h,10x9
ol4,m,16em
ol4,m,okw
ol4,m,2d0
ol5,h,15sa
ol6,h,p7w
ol7,h,bup
ol8,h,aj8
ol9,s,1f7p
ola,h,fpe
olb,h,jiq
olc,h,1g2w
old,h,1dka
ole,h,g7n
olf,h,xjt
olg,h,rzq
olh,h,1436
oli,h,1g33
olj,h,1g33
olk,h,xx
olm,h,xds
oln,h,br3
olo,h,1dk6
olp,h,2m2
olq,h,bkm
olr,h,smt
ols,h,lmc
olt,h,3g4
olu,h,bk6
olw,h,1762
olx,h,10w6
om0,s,1ia0
om1,h,xea
om3,h,qpb
om4,h,1xq
om6,h,xii
om7,h,1cyh
om8,h,vvs
om9,h,luh
omc,h,34m
omd,h,xxw
omf,h,1cyg
omg,h,18fc
omh,h,18fh
omj,s,zb6
omk,h,vee
omm,h,dzs
omo,h,19us
omp,h,df9
omt,h,pv8
omu,h,1168
omw,h,12gl
omw,m,17fa
omx,h,j7o
omy,h,13ia
omz,h,1o3
on0,h,xrq
on1,h,1duw
on2,s,17vg
on3,h,1ba1
on4,h,7u4
on5,h,rzs
on6,h,fdf
on7,h,6gh
onb,h,1fy1
onc,h,1fnn
onl,h,sv2
onm,h,1e4p
onm,m,1307
onm,m,1gr1
onn,h,1b48
onp,h,u8w
onr,h,176i
ons,h,1kot
onu,s,mf9
onw,m,4go
onx,h,4gl
ony,h,17py
ony,h,gvy
oo0,h,157x
oo1,h,157x
oo2,h,157x
oo3,h,1rb
oo4,h,qdg
oo5,m,18az
oo7,h,bx3
oo8,h,1d8p
oo9,h,8r8
oob,h,fby
ood,h,q6o
ooe,h,bub
oog,h,yt
ooh,h,4pe
ooi,h,84b
ooj,h,1fct
ook,h,135t
ool,h,13np
oom,h,bxa
oon,h,ckb
ooo,h,17l
oop,h,16se
ooq,h,1ehj
oor,h,r7z
oot,h,107o
oou,h,81t
oov,h,y3y
oow,h,4eh
oox,h,1e4n
ooy,h,z8s
ooz,h,zhi
op0,h,zhp
op1,h,12ge
op2,h,1bo1
op3,h,xxt
op4,h,e6k
op5,h,olh
op6,h,opl
op7,s,t9q
op8,h,dti
op9,s,124a
opa,h,14te
opb,h,1f9d
opd,h,18e7
ope,h,1a3x
opf,h,hpi
opg,h,1a3y
oph,s,8p7
oph,s,1gvj
oph,s,e56
opi,h,8pb
opj,h,1inm
opk,s,16yw
opl,h,hnh
opm,h,hn9
opn,h,b7p
opr,h,v1q
opu,h,1bz6
opw,s,qb6
oq0,h,w63
oq1,h,esq
oq4,h,11t0
oq7,s,1kqo
oq8,h,zkm
oq9,m,1gji
oqa,h,19tm
oqb,h,50z
oqc,s,blu
oqc,s,4t2
oqc,s,5qz
oqc,s,nhh
oqd,h,17zv
oqd,m,azq
oqd,m,z8c
oqf,h,1ckm
oqg,h,1fzp
oqh,h,189h
oqi,h,18v7
oqm,h,16o0
oqn,h,u7f
oqo,h,4x9
oqp,h,hzw
oqq,h,qyg
oqu,s,g3m
oqv,h,p45
oqw,h,16xt
oqx,h,1cf
oqy,h,1jus
oqz,h,4i5
or0,h,a07
or1,h,11c5
or1,m,rcn
or2,s,bf8
or3,h,vyj
or4,h,h5
or5,h,75w
or6,h,16y8
or7,s,xx2
or8,h,1hrz
or9,h,12ya
or9,m,or8
ora,s,1i85
orb,h,bc2
orc,s,auq
ord,h,2im
ore,s,1hbf
orf,s,129x
org,s,qim
orh,s,orz
ori,h,v3x
orj,h,13ab
orm,h,i50
oro,h,107o
orp,h,4in
orr,m,4mi
orr,m,i0z
ort,h,18qj
orv,s,er8
orw,h,yr5
orx,h,j2h
ory,s,17mx
orz,s,orh
os0,h,swx
os1,h,ibg
os2,h,gv7
os3,h,19ko
os4,h,hq4
os5,h,1d4u
os6,h,1g4i
os8,s,zq0
os9,h,18ni
osa,s,5uv
osb,h,sgh
ose,h,1f8y
osf,h,2zx
osg,h,19gv
osh,s,zq1
osj,s,p7h
osk,h,13pm
osl,m,m0r
osl,m,osk
osm,h,13pm
osn,h,c7b
oso,h,osk
oso,m,kpi
oso,m,njh
oso,m,v5a
oso,m,uaj
oso,m,2vh
oso,m,p7i
oso,m,j2x
osp,s,otl
osq,h,vlw
osr,h,1hui
oss,h,1huh
ost,s,1be7
ost,s,1bee
ost,s,ot0
ost,s,bnn
osv,h,5ql
osw,h,i49
osx,h,924
osy,h,924
osz,s,5qp
ot0,s,ost
ot1,h,ot8
ot3,s,ot4
ot4,s,ot3
ot6,h,1aet
ot7,h,1aet
ot8,h,1kki
otb,h,5c3
otc,h,592
otd,s,13gy
ote,h,ot8
otf,s,187n
otg,s,x1m
oti,h,1427
otk,m,9r7
otl,s,1gf7
otl,s,tig
otl,s,1gbs
otl,s,osp
otl,s,7g8
otl,s,lvs
otl,s,1gez
otm,h,11k5
otn,h,19mv
oto,h,1cj7
otp,h,1l2y
otr,h,11k5
otu,m,ott
otv,h,1k24
otw,h,19rv
otx,s,m0m
oty,s,gbh
otz,s,1agf
ou0,s,1i3q
ou1,s,1gu4
ou2,s,i5i
ou5,h,178k
ou6,h,oav
ou7,h,1e3i
ou8,s,9of
ou9,h,1e3g
oua,h,4vb
oub,h,1d96
ouc,h,l30
oud,h,l8h
oue,h,119e
ouf,h,91w
ouh,s,1dnd
oui,h,1ilg
ouj,h,1fon
ouk,h,1ili
oul,h,146p
oum,h,1a64
oun,h,4b8
ouo,h,d4q
oup,h,1bks
ouq,h,uz3
our,h,1iku
ous,h,gkt
out,h,mld
ouu,h,7jq
ouw,h,1cg6
oux,h,178k
ouy,h,1j6h
ouz,h,15qw
ov0,h,af
ov1,s,t5h
ov1,s,3kz
ov4,h,171i
ov5,s,1hon
ov6,h,15pa
ov7,h,kx9
ov8,s,16qh
ov9,h,bgd
ova,h,97
ovb,m,1kx1
ovb,m,1fv2
ovb,m,snw
ovb,m,sql
ovb,m,xrf
ovb,m,oka
ovb,m,1g59
ovb,m,zsx
ovb,m,xrd
ovc,h,1cf
ovd,h,cvw
ove,h,cl2
ovf,h,y4b
ovg,h,3gf
ovh,h,cl3
ovi,h,cl3
ovj,h,17j8
ovk,h,nya
ovl,h,1478
ovn,h,ckb
ovo,h,arz
ovp,h,13oz
ovp,h,1jd5
ovq,h,yzp
ovr,h,4pe
ovs,h,23b
ovs,m,ovt
ovs,m,1fty
ovt,h,ozo
ovu,h,doi
ovv,h,dom
ovw,h,vcy
ovx,h,8k9
ovy,h,ddf
ow0,h,pxk
ow0,m,4cl
ow1,h,mjh
ow2,h,14id
ow3,h,jey
ow4,h,olh
ow5,h,1clp
ow6,h,olj
ow7,h,8ke
ow8,h,12fm
ow9,h,hy8
owa,h,z80
owc,h,124h
owg,h,mji
owh,h,3e6
owi,s,ddi
owj,h,njh
owk,h,bkm
owl,h,1ebe
owm,h,y4m
own,h,o7i
owo,h,1amo
owp,h,48j
owq,h,m7u
ows,h,1ap4
ows,m,owo
owt,h,rrp
owu,h,d4n
owv,h,1iku
oww,h,1iku
ox0,h,1ily
ox1,h,uqz
ox2,h,s4x
ox3,h,1j4e
ox4,h,dog
ox5,h,s4y
ox6,h,xdt
ox7,h,1gga
ox8,h,1ggp
ox9,h,a2z
oxa,h,s4y
oxb,h,abl
oxc,h,xdt
oxd,h,2ax
oxe,h,jlr
oxf,h,11k5
oxi,h,1kfw
oxj,h,er6
oxk,h,12ae
oxl,s,2ar
oxo,h,bc2
oxp,h,oxe
oxq,s,eri
oxq,s,es2
oxq,s,o7w
oxq,s,5lb
oxq,s,qx1
oxq,s,kv8
oxq,s,2v
oxr,s,1i8o
oxs,s,pyy
oxt,s,411
oxw,h,erg
oxx,h,11k5
oxy,h,14f6
oxy,h,1a3a
oy6,s,ra1
oy7,h,15ob
oy8,h,s57
oy9,h,1d1p
oyd,h,xii
oye,h,azy
oyf,m,4f8
oyg,h,oav
oyh,h,7wt
oyi,h,twq
oyj,h,18px
oyk,h,1d2i
oym,s,k9o
oym,s,tkc
oym,s,xrm
oym,s,d0w
oyn,h,zpx
oyo,h,1dwu
oyp,h,132v
oys,h,192j
oyt,h,1f9n
oyu,h,yiq
oyv,h,13uc
oyw,h,1az
oyx,h,12wa
oyy,h,13uc
oz0,h,ews
oz1,h,1ay
oz2,h,11yp
oz3,h,1e75
oz4,h,1gi7
oz6,h,1tk
oz7,h,13py
oza,s,2dq
oza,s,ozn
ozb,h,77u
ozc,h,1j5e
ozg,h,xmc
ozm,h,u4l
ozn,s,oza
ozo,h,1d99
ozp,h,2zx
ozq,h,13ex
ozr,h,ezl
ozt,s,411
ozu,s,10f
ozv,h,ji4
ozw,h,1fcm
ozx,h,i54
ozx,m,p0g
ozx,m,1kgt
ozx,m,p06
ozx,m,lt6
ozx,m,12sl
ozx,m,klj
ozy,h,nbk
ozz,h,1493
p00,h,s0a
p00,h,12f3
p02,h,18h2
p03,h,18h2
p05,h,clt
p08,h,c04
p09,h,lla
p0b,h,j2h
p0c,h,tay
p0d,h,176c
p0f,h,1ann
p0g,h,vs1
p0h,h,12ey
p0i,m,1jr0
p0j,h,17jw
p0k,h,oav
p0k,m,p0j
p0l,h,bc1
p0n,h,12dt
p0o,h,i5a
p0p,m,bdg
p0q,h,1jvr
p0r,h,1k2n
p0s,h,kfl
p0t,h,p0d
p0u,h,d48
p0w,h,pd6
p0z,h,it9
p11,h,d4n
p12,h,ls6
p13,h,1guu
p14,h,1jox
p17,h,1a1m
p18,h,kqs
p19,h,p4u
p1b,s,sh8
p1c,s,1jxf
p1d,s,15ok
p1f,m,a6h
p1f,m,1jkd
p1g,m,r2i
p1h,h,1fon
p1i,h,bc2
p1l,h,axk
p1m,h,tk
p1n,h,zou
p1o,h,2x5
p1p,h,zoy
p1q,h,15pa
p1r,h,111a
p1s,h,6n5
p1t,h,hxu
p1v,h,13s2
p1w,h,p37
p1x,h,p4u
p1y,h,p1m
p1z,h,p1r
p20,s,pp2
p20,s,zjj
p20,s,fd7
p20,s,13u
p20,s,5k2
p20,s,28a
p20,s,1hs9
p22,h,wew
p23,s,rj2
p24,s,qq9
p25,s,13s
p26,h,asr
p27,h,1hs6
p28,h,1cj7
p29,h,nu9
p2a,s,1g18
p2a,s,jtn
p2a,s,5sk
p2a,s,7or
p2a,s,449
p2a,s,1fa9
p2a,s,jpl
p2a,s,1e42
p2a,s,1k4n
p2a,s,1038
p2a,s,7sa
p2a,s,1gqp
p2a,s,1dp3
p2a,s,18qa
p2a,s,1am2
p2a,s,o1y
p2b,s,19cx
p2b,s,o1z
p2b,s,1g17
p2b,s,jto
p2b,s,15um
p2c,s,1j55
p2d,s,1jl2
p2e,s,19n3
p2f,s,pp8
p2g,s,1jjo
p2h,s,1ep7
p2i,s,1anp
p2j,s,12zb
p2k,s,1i32
p2l,s,ya5
p2m,s,uji
p2n,s,mk7
p2o,s,l7o
p2p,s,gx4
p2q,s,y0d
p2r,s,154k
p2s,s,95m
p2t,s,jy
p2u,h,1e8c
p2v,h,1cqd
p2x,h,12of
p2y,h,1c43
p2z,h,14te
p31,h,1akt
p32,h,4uc
p34,h,1cqd
p35,h,ipf
p36,h,189i
p36,m,l3k
p37,h,75x
p38,h,qr
p3b,s,q50
p3c,h,1exb
p3d,h,1bwi
p3e,h,v3
p3j,h,97l
p3k,m,14ur
p3k,m,wlv
p3l,h,a7v
p3m,h,1fon
p3n,h,fsv
p3p,h,189a
p3s,s,11gr
p3u,h,1fon
p3w,h,gv7
p3w,h,75x
p3w,m,12zy
p3w,m,1dau
p3w,m,u98
p3w,m,tne
p3x,h,azy
p3y,h,3jt
p3y,m,9yd
p3z,h,tew
p40,h,jaj
p41,h,12ex
p42,h,v3y
p43,h,75x
p44,h,by
p45,h,19vi
p46,h,jye
p47,h,n6y
p48,h,18m0
p49,h,g0a
p4a,h,4ei
p4b,h,1g8i
p4c,h,7bg
p4d,h,7bi
p4e,s,1g8o
p4f,h,1fm1
p4g,h,kkp
p4i,h,sax
p4j,h,g3p
p4k,h,nz2
p4l,h,16o5
p4m,h,93g
p4n,h,12bp
p4o,h,17j7
p4p,h,10uj
p4q,h,1k8j
p4r,h,1kkw
p4s,h,1kkw
p4t,h,1kp5
p4u,h,1d96
p4v,h,1478
p50,h,19vf
p51,h,odt
p52,h,odt
p53,h,kku
p54,h,co9
p57,h,18zx
p5h,h,1ikw
p5i,h,d4q
p5j,h,yij
p5k,h,1a3y
p5l,h,1iku
p5m,h,5y5
p5o,h,1j4e
p5p,s,1idj
p5s,h,188w
p5t,h,10sf
p5u,h,8t4
p5y,h,yij
p5z,h,2z7
p60,h,1g4d
p61,h,5x3
p62,h,1a64
p63,h,55p
p64,h,198t
p65,h,vn
p66,h,be7
p67,h,d1i
p68,h,aci
p69,h,d15
p6a,s,d1m
p6f,h,91u
p6g,h,rkw
p6h,h,qpi
p6k,s,19cc
p6l,s,22f
p6m,h,hju
p6n,h,1g36
p6o,s,t0j
p6p,h,11k5
p6w,h,7su
p6x,h,92
p6y,h,19vd
p70,h,19y9
p71,s,t0j
p72,h,pby
p73,h,7sy
p77,h,1d96
p77,m,saq
p77,m,sas
p77,m,1745
p78,h,16ed
p79,h,yij
p7a,h,1agv
p7b,h,4pe
p7c,h,1bks
p7d,h,uz3
p7e,s,p7l
p7h,s,j93
p7h,s,29v
p7h,s,2a1
p7h,s,osj
p7h,s,gyu
p7i,h,60y
p7j,h,mjr
p7l,s,p7e
p7m,s,9wk
p7o,h,14te
p7p,h,g0s
p7t,h,18mw
p7u,h,vz
p7w,h,fg0
p7y,h,527
p7z,h,g0s
p80,h,p7o
p81,h,q16
p82,h,91u
p84,h,14te
p85,h,vlw
p87,s,vvd
p87,s,6xm
p88,s,ql3
p89,s,1i8o
p8a,h,91u
p8b,h,z1o
p8f,h,wpl
p8g,h,dzs
p8h,h,plg
p8i,s,gqs
p8k,h,1dim
p8l,h,1j00
p8o,s,1k03
p8p,h,wwl
p8q,h,1k0d
p8s,h,pbl
p8u,h,19px
p8v,h,8f2
p8w,h,ea8
p8x,h,1g8v
p8y,h,jlr
p90,h,1ah6
p91,h,1aha
p93,h,1c53
p94,s,t0j
p95,h,12g7
p96,h,14te
p98,h,mts
p9a,h,hxw
p9b,s,1hsf
p9c,s,1g80
p9c,s,1jfd
p9c,s,rwc
p9c,s,4br
p9c,s,1uo
p9c,s,gl9
p9c,s,sgj
p9c,s,go7
p9c,s,754
p9c,s,jcj
p9c,s,oi8
p9c,s,1ar6
p9c,s,1khb
p9c,s,19gn
p9e,h,cwo
p9g,m,ox3
p9h,h,1bch
p9j,h,yiw
p9l,h,51w
p9p,s,872
p9q,s,872
p9t,h,15bb
p9u,s,znp
p9w,m,14uv
p9x,m,14uw
p9z,h,ifo
pa0,h,1h6w
pa1,m,743
pa1,m,dpi
pa1,m,p9z
pa2,h,gk1
pa3,h,er4
pa4,h,fm
pa6,s,115h
pa6,s,hnf
pa6,s,jan
pa7,h,v3k
pa8,h,10sg
pa9,h,1f5b
paa,h,1aj6
pae,h,abv
paf,h,18yx
pag,h,srg
pai,h,84d
paj,h,17p0
pak,h,1ku4
pal,h,zt1
pam,h,18yz
pan,h,18z0
pao,s,10f
paq,h,1969
par,h,1job
paw,h,pap
paz,h,3dm
pb0,h,3dn
pb1,h,4h5
pb2,h,z2e
pb3,h,1is2
pb4,h,3e6
pb6,h,1fi6
pb7,h,1fib
pb8,h,iw5
pba,h,9av
pbb,h,1a3y
pbc,h,di4
pbd,s,ntk
pbd,s,kl9
pbd,s,ntl
pbd,s,17vw
pbf,h,1ii4
pbg,s,jel
pbh,s,qrb
pbi,s,dn9
pbj,h,qff
pbk,h,dn7
pbl,h,2xw
pbm,h,11d6
pbn,s,1hyj
pbo,h,1gg6
pbp,h,1c4i
pbr,s,g3o
pbs,h,1acm
pbt,h,91v
pbu,h,1dvi
pbv,h,1jmm
pbw,h,1jox
pbx,s,1bbh
pby,h,19tn
pbz,h,16ed
pc0,h,1d46
pc2,h,8ow
pc5,h,ffw
pc6,h,7uk
pc7,h,xds
pc8,h,1clp
pc9,h,15ns
pca,h,11l8
pcb,h,zjo
pcd,h,19vf
pce,h,7me
pcj,h,4bu
pcn,h,1l1e
pcp,h,yxx
pcr,s,a2h
pcs,h,vyq
pct,h,i0h
pcu,h,b42
pcv,h,zou
pcw,s,d04
pcx,h,cie
pcy,h,2b7
pcz,h,djr
pd4,h,1gr4
pd5,h,pex
pd6,h,1a64
pd8,h,b5l
pd9,h,1duw
pda,h,91v
pdb,h,p8p
pdc,h,39i
pdg,h,15xp
pdh,h,pdj
pdh,h,iut
pdl,h,fnm
pdm,h,3p
pdn,h,b43
pdo,h,cc4
pdq,h,kix
pds,h,hd0
pdu,h,ews
pdv,h,1bun
pdw,h,lwp
pdx,h,9c7
pdx,h,lst
pdy,h,1086
pdz,h,91u
pe2,h,z55
pe4,h,m1d
pe5,h,m1s
pe6,h,9c9
pe8,h,91v
peb,h,vrx
pec,h,1104
pee,h,1gi1
pef,s,ede
peg,h,1e8c
pej,s,10f
pek,h,kkw
pel,h,jd4
pem,h,t7f
pem,m,z4s
pem,m,18x9
pem,m,uws
pem,m,61a
peo,h,kix
peq,h,b5l
per,h,b5l
pet,h,n3c
peu,h,w89
pew,h,9zg
pew,m,pex
pex,h,ai3
pez,h,7x7
pf2,h,vu9
pf3,s,189w
pf5,h,1bsg
pf7,s,76
pf9,m,1a7m
pf9,m,m5u
pfb,h,xfg
pfd,h,pfh
pff,m,kws
pff,m,2go
pff,m,1izj
pff,m,pfg
pff,m,pkh
pfg,h,qum
pfi,h,1agu
pfj,h,t4n
pfk,h,1bhb
pfm,h,65p
pfn,h,12pm
pfn,h,1fz
pfo,m,o9w
pfq,h,14e8
pfr,h,ga
pfs,s,jy
pft,h,fnm
pfv,h,biz
pfw,h,1gqe
pfy,s,q9s
pg0,h,14s1
pg2,h,1e8c
pg3,h,1e8c
pg4,s,cxh
pg5,h,1jd0
pg6,h,bhw
pg8,h,iwz
pg9,h,ixh
pga,s,1fc8
pgb,h,1e8c
pge,h,tyu
pgf,h,1kki
pgh,s,jdp
pgj,h,gwn
pgk,h,192i
pgl,h,19cj
pgm,h,19cg
pgp,h,110a
pgs,h,1488
pgu,m,iqn
pgv,h,1fxk
pgz,h,gwn
ph0,h,n3u
ph1,h,1ghu
ph2,h,6q5
ph3,h,6qe
ph4,h,3p
ph5,h,jrg
ph6,h,5qd
ph7,h,14ir
ph8,h,1buz
ph9,h,14is
phc,h,14cy
phe,s,3is
phg,h,qn6
phh,h,14cj
phi,h,194a
phj,h,k61
phk,s,q2s
phl,h,1e8c
phm,h,185n
phn,h,2e4
pho,h,110a
php,s,y8z
phq,h,2si
phr,h,13mx
phs,h,qwj
pht,h,dzu
phu,s,qwh
phx,h,1eb9
phy,h,t7h
pi0,h,1e8c
pi2,h,1kki
pi4,h,gwn
pi5,h,3p
pi7,h,60s
pi8,h,mhw
pi9,h,scx
pia,h,yzv
pid,h,110a
pie,h,k7t
pih,h,12hu
pik,h,144h
pil,h,b8r
pim,h,pil
pip,h,1fxk
pis,h,gk1
pit,h,1297
piv,h,oav
piv,m,piw
piw,h,oaw
pix,h,32
piz,h,ji4
pj0,h,y8u
pj0,m,whg
pj1,h,y90
pj2,s,y8z
pj3,s,14d
pj5,h,3go
pj8,h,w8u
pja,h,1iyd
pjd,m,pjf
pjf,h,34m
pjg,h,ifo
pjh,m,1za
pjh,m,1bop
pjh,m,132d
pjh,m,pjg
pjk,h,1jf1
pjm,h,ymz
pjo,h,gj9
pjq,h,d5h
pjr,h,yzp
pjs,h,f0j
pju,h,l6m
pjv,h,c22
pjy,m,99l
pk0,h,17a2
pk1,h,kf3
pk2,h,1izl
pk3,s,lcl
pk4,h,19y9
pk5,h,4xa
pk7,h,pjr
pk8,h,p43
pk9,m,171u
pk9,m,pkb
pka,m,pk9
pkb,h,ifo
pkd,h,18j5
pkf,h,edz
pkg,h,x00
pki,h,kir
pkj,h,1l25
pkk,h,1l26
pkm,h,pkl
pko,h,pjq
pkq,h,v5e
pkr,s,411
pks,h,1e74
pkt,h,10dd
pkv,h,1i28
pkw,h,esn
pkx,h,3gw
pky,s,1i27
pkz,s,ess
pl0,h,11xo
pl4,h,12ui
pl6,s,lcl
pl7,s,mbm
pl8,h,41i
pl9,h,qya
pla,m,62n
pla,m,tli
pla,m,1852
pla,m,1b3l
plb,h,1qp
plc,h,bt4
pld,h,zjb
plf,h,plc
plg,h,wtz
plh,s,11et
pli,s,7p
plk,h,pzf
pll,h,1j7q
plm,h,14te
pln,h,r3
plo,h,e7c
plp,h,plc
plq,h,1951
plr,h,1fd6
pls,s,11et
plu,h,1fda
plv,s,1he7
plx,s,187n
ply,s,187m
plz,s,rnh
pm0,s,biu
pm2,s,1bst
pm2,s,9zu
pm2,s,15qq
pm2,s,ez8
pm3,h,iiw
pm4,h,bc2
pm5,h,pme
pm6,s,snn
pm7,h,1e74
pm8,h,eug
pm9,h,1951
pma,h,397
pmc,h,15qu
pmd,h,ttm
pme,h,11km
pmf,h,15qj
pmg,h,zis
pmh,h,187p
pmi,h,944
pmi,m,1546
pml,s,7p
pmn,h,vz
pmo,h,1f9a
pmp,h,dti
pmq,h,16uf
pms,h,1bub
pmt,h,18gs
pmx,h,115s
pmy,s,qfn
pmz,h,1afe
pn1,s,tfr
pn1,s,j62
pn1,s,1hp7
pn1,s,sse
pn2,h,zib
pn3,s,q2q
pn4,s,laq
pn5,s,rk6
pn6,s,1hoz
pn9,h,q2w
pnd,h,h7v
pne,h,1ch2
pnf,h,o24
pnh,s,uh6
pni,h,1kni
pnj,h,1kni
pnk,h,1kni
pnl,h,sn
pnm,h,i2y
pnn,s,11et
pno,s,12gy
pnp,h,idb
pnp,h,ydq
pnr,h,p50
pnw,h,7ci
pnx,s,ts0
pny,h,le6
pnz,h,k0y
po0,h,vso
po0,m,fv8
po0,m,uut
po0,m,1bq7
po1,h,7cy
po2,s,4ij
po3,s,uho
po5,h,bt4
po6,s,1hov
po7,s,1hov
po8,s,1hv9
poa,h,po5
pob,h,1ght
poe,s,1i1h
pof,h,f9p
poi,m,opp
pol,h,65p
pon,s,1i5d
poo,s,kpe
pop,s,q1j
por,s,fqs
pos,s,v1t
pot,s,py6
pou,s,wow
pov,s,qtc
pow,s,li7
pow,s,1htd
pow,s,10h8
pow,s,1bqw
pow,s,3nw
pow,s,bxu
pow,s,bro
pow,s,175l
pow,s,j66
pow,s,1b5a
pow,s,5cz
pow,s,mwu
pow,s,edf
pow,s,zc
pow,s,gwg
pow,s,18uv
pow,s,17h
pow,s,su7
pow,s,10n4
pow,s,mnd
pow,s,fz7
pow,s,19j
pow,s,4ur
pow,s,xyz
pow,s,10ny
pow,s,1gva
pow,s,1iga
pow,s,ez2
pow,s,jqw
pp0,s,nq6
pp1,s,411
pp2,s,p20
pp3,s,1i46
pp5,h,1ewu
pp6,s,e50
pp7,s,e50
pp8,s,ppg
pp8,s,izf
pp8,s,690
pp8,s,118r
pp8,s,cvy
pp8,s,qiq
pp8,s,1i4o
pp8,s,hj9
pp8,s,wn9
pp8,s,4b9
pp8,s,fd6
pp8,s,p2f
pp9,h,1hz1
ppb,h,q7v
ppc,s,fd5
ppc,s,qba
ppe,h,1hz1
ppf,s,1hyz
ppf,s,jg5
ppf,s,4ik
ppf,s,4lf
ppg,s,pp8
ppj,s,xuo
ppk,s,1hyy
ppk,s,tv
ppl,s,prv
ppm,m,17fl
ppm,m,85t
ppm,m,dzh
ppm,m,90o
ppm,m,11cb
ppm,m,1ihi
ppm,m,9ep
ppm,m,1c5w
ppm,m,wxp
ppm,m,7mu
ppn,h,1ed
ppo,h,1ee
ppp,h,1qp
ppq,h,po5
ppr,h,q2d
pps,s,1w9
pps,s,13h8
ppu,h,po4
ppv,h,pp4
ppw,s,88
ppw,s,q89
ppw,s,rc4
ppx,h,14te
ppz,h,ul1
pq0,h,le6
pq1,h,e3g
pq2,s,tr6
pq3,h,1cj7
pq4,h,2ip
pq5,h,wnk
pq6,s,1i4u
pq7,s,1i4u
pq8,h,11xs
pq9,h,e3g
pqa,h,326
pqa,m,83u
pqb,h,16je
pqc,h,31s
pqd,s,mdm
pqf,h,wiu
pqg,h,16jd
pqh,h,19j9
pqi,h,q00
pqj,h,1j8c
pqk,h,csb
pqm,s,cs8
pqp,h,11xm
pqr,h,148d
pqs,h,qum
pqt,h,t8s
pqt,h,xmz
pqu,h,fjq
pqv,s,16ug
pqw,h,16uf
pqx,h,6w
pqy,h,7a
pqz,s,17mx
pr0,h,14nw
pr1,h,103l
pr2,h,cl3
pr3,h,1akv
pr4,h,woo
pr5,h,pzo
pr6,h,aq8
pr7,h,4i9
pr9,h,16ke
pra,h,16mv
prb,h,c4o
prc,h,g0s
prd,h,c4k
pre,h,c4s
prf,s,1afu
prf,s,whl
prf,s,whj
prf,s,2g5
prg,s,a18
prh,s,14kp
prj,h,13ju
prl,s,fv3
prn,s,r0m
pro,s,1huy
prp,h,rjn
prq,h,14te
prr,s,9g5
prr,s,s3
prr,s,3wi
prs,s,1hk0
prs,s,q5g
prs,s,s4
prs,s,13j0
prs,s,hka
prs,s,t18
prs,s,14dm
prs,s,14k2
pru,h,1cj7
prv,s,8x
prv,s,ppl
prx,h,fch
pry,h,rbz
prz,h,8qp
ps0,s,fbs
ps1,s,13jz
ps2,s,14a9
ps3,s,jel
ps4,h,1hd
ps8,s,zb6
ps9,h,119e
psa,h,hp4
psb,h,4c2
psc,h,wd8
psd,h,wda
pse,h,6uw
psf,h,wda
psg,h,wdc
psh,h,60z
psi,h,12g
psj,h,1cj7
psl,s,q7j
psm,s,1crh
psm,s,yln
psm,s,ptb
psn,h,14te
pso,h,13km
psp,h,16sl
psq,h,1kgv
psr,h,4sa
pss,h,bzm
pst,h,16sp
psu,s,izm
psu,s,3n
psu,s,1cht
psu,s,j0e
psu,s,ilj
psu,s,j06
psu,s,iqp
psu,s,jcb
psu,s,j07
psu,s,ik0
psw,s,pyj
psw,s,106n
psx,s,qb8
psz,h,qb4
pt0,h,1809
pt1,h,1804
pt2,s,fjy
pt2,s,18uw
pt2,s,dxz
pt3,h,14te
pt5,s,dxd
pt5,s,eb2
pt5,s,1ny
pt6,h,8qm
pt7,h,11hw
pt8,h,113
pt9,h,91u
pta,h,iie
ptb,s,psm
pte,h,11k5
ptf,s,io7
ptg,s,1iag
pth,s,1h9v
pti,h,bc2
ptj,h,rfv
ptk,h,146z
ptl,h,146u
ptm,h,qqx
ptn,s,1iag
pto,h,9ch
pto,h,pu1
ptq,h,2bi
ptr,s,1iag
pts,h,pti
ptt,h,2ak
ptu,h,ptt
ptv,h,ptt
ptw,h,ptt
ptx,h,ptt
pu1,h,vu9
pu2,h,vua
pu4,h,1f9n
pu7,h,9fw
pu8,h,brs
pu9,h,bm5
pua,h,1jvj
pub,s,b0i
puc,h,bc2
pud,h,fnm
pue,h,fnm
puf,h,dn7
pug,s,f88
pug,s,27b
pug,s,gw4
pug,s,6xr
pug,s,gwa
pug,s,f2d
puh,h,dn6
pui,h,28w
puj,h,sfx
puk,h,d2x
pul,s,hhq
pum,s,pvr
pun,h,1ew8
puo,h,6un
pup,s,qeb
pup,s,flt
pup,s,qec
pup,s,foc
puq,h,q6c
pus,s,1iab
pus,s,1i1b
put,s,1how
puv,h,10de
puw,h,jsf
puy,s,16rx
puz,s,gx4
pv1,h,8zr
pv2,h,956
pv3,h,tdt
pv4,h,178k
pv5,s,1j6l
pv7,s,1j6l
pv8,h,13np
pv9,s,z2q
pva,h,42p
pvb,h,8o2
pvc,h,5nb
pvd,h,4pe
pve,h,14te
pvf,h,q7v
pvg,s,eit
pvh,s,q7w
pvj,s,1i5h
pvl,s,1d5t
pvl,s,erp
pvl,s,9xb
pvl,s,11el
pvl,s,13lx
pvn,h,guv
pvo,h,x43
pvq,h,1ii4
pvr,s,qf2
pvr,s,1i1l
pvr,s,1dfs
pvr,s,pum
pvt,s,6xp
pvt,s,5qi
pvt,s,rjd
pvt,s,e6m
pvt,s,cb9
pvu,h,1cj7
pvv,h,gtw
pvx,s,1hik
pw1,h,4rf
pw2,h,42n
pw3,s,yhe
pw5,h,12s2
pw6,h,bx6
pw7,h,4z7
pwb,h,2z7
pwc,s,gtl
pwd,h,3nm
pwe,h,gtv
pwf,s,i13
pwf,s,q1g
pwf,s,ix
pwf,s,1klv
pwf,s,igl
pwf,s,1exp
pwf,s,r4j
pwf,s,19ye
pwf,s,1f1w
pwf,s,i33
pwg,s,k0i
pwh,h,1bek
pwi,s,16ul
pwj,s,1i0m
pwj,s,kra
pwj,s,1ibn
pwk,s,q32
pwm,s,z00
pwp,h,io
pwq,h,wtf
pwr,h,iw
pws,h,dzu
pwt,h,12g7
pwu,s,1bza
pww,s,b52
pwx,s,1bl6
pwx,s,16p1
pwx,s,mvk
pwx,s,jes
pwx,s,aqo
pwx,s,142e
pwz,s,krp
px1,h,q1s
px2,h,1i6l
px3,h,1gjp
px4,h,qn6
px5,h,cpz
px6,s,mhy
px7,s,fqy
pxa,h,12g7
pxb,s,mzq
pxc,h,1467
pxd,h,qvh
pxe,h,3g6
pxg,h,1293
pxh,h,zig
pxi,h,q9w
pxj,s,q0r
pxk,h,qz5
pxl,h,1ij2
pxm,s,o7r
pxn,h,ii
pxo,h,rfk
pxp,s,rfp
pxq,h,ed
pxs,h,rft
pxt,s,bl0
pxu,s,pxw
pxu,s,1hq6
pxu,s,1act
pxv,s,6b
pxw,s,pxu
pxz,h,am7
py0,h,am6
py1,h,5ti
py3,h,iw4
py4,h,iw4
py5,h,nv9
py6,s,6m3
py6,s,fhw
py6,s,pot
py6,s,1i2k
py8,h,fhx
py9,s,qjp
pyb,h,qn7
pyc,h,axy
pyd,h,kt0
pye,h,1g6u
pyf,h,1gav
pyg,h,1inx
pyh,h,1cg6
pyi,s,1d1z
pyi,s,1g4
pyi,s,mu7
pyi,s,572
pyi,s,7d1
pyi,s,1l2
pyi,s,vrm
pyi,s,5b7
pyi,s,mqv
pyi,s,c3j
pyi,s,fu3
pyi,s,mvw
pyi,s,19gp
pyi,s,876
pyi,s,bm8
pyi,s,okv
pyi,s,9fj
pyj,s,psw
pyk,h,tk
pyn,s,ksx
pyo,h,7fe
pyp,h,awn
pyq,s,55y
pyr,h,4wl
pys,h,1bds
pyt,s,z0l
pyu,h,htg
pyv,h,7aq
pyw,h,yku
pyx,h,zl1
pyy,s,pzd
pyy,s,1h9g
pyy,s,oxs
pyy,s,zvx
pyz,h,pyx
pz0,s,1ib9
pz1,s,r9o
pz3,h,dzu
pz4,h,e0d
pz5,h,1cpf
pz6,s,qia
pz8,h,1eg7
pz9,h,16sf
pza,h,197s
pzb,h,en6
pzc,h,rcd
pzd,s,pyy
pze,s,1508
pze,s,crc
pze,s,1id8
pzf,h,rcd
pzg,h,ing
pzh,h,ed
pzi,s,lxr
pzk,h,qjh
pzl,s,rfw
pzm,s,1hgi
pzn,h,jw8
pzo,h,jw8
pzp,h,qv2
pzq,h,qv2
pzr,h,vlw
pzs,h,11i6
pzt,h,197s
pzu,h,xz
pzv,h,xz
pzx,h,gve
pzy,s,y1
pzz,h,plc
q00,h,2im
q01,h,14e3
q02,h,q0i
q03,h,1329
q04,h,13ll
q05,s,12d4
q05,s,1dz8
q05,s,h0n
q08,h,10d9
q0a,s,2yx
q0a,s,10ef
q0a,s,kwu
q0a,s,3bj
q0a,s,6u9
q0a,s,1abf
q0a,s,1fju
q0a,s,4g1
q0a,s,gef
q0a,s,mr3
q0a,s,dud
q0a,s,lnf
q0a,s,1oi
q0a,s,irh
q0b,s,h76
q0d,h,il2
q0e,h,14te
q0f,h,qn7
q0g,h,pm3
q0h,h,1cee
q0i,h,ews
q0j,h,qna
q0k,h,tak
q0l,h,bf6
q0m,h,bf6
q0n,h,14je
q0o,h,bf9
q0p,h,1he0
q0q,s,1dvf
q0r,s,pxj
q0s,s,q9x
q0t,h,nk
q0u,h,10w0
q0v,s,1kqv
q0v,s,qb7
q0w,s,rj8
q0x,s,q3h
q0z,h,ef6
q10,h,bc2
q12,s,ew7
q12,s,sy5
q12,s,764
q13,s,57m
q14,s,a3f
q15,h,1gbh
q17,h,bc2
q18,h,q1i
q19,s,1a2h
q1b,s,17bk
q1c,h,cs4
q1d,h,is3
q1e,h,11ff
q1f,h,c3g
q1g,s,pwf
q1j,s,pop
q1j,s,15da
q1j,s,qr7
q1k,s,qf4
q1m,h,fqu
q1n,s,fqy
q1o,h,8zr
q1p,h,gjv
q1q,s,1c2u
q1r,s,1i3k
q1s,h,1iba
q1t,h,io9
q1u,s,1j4
q1u,s,bsd
q1u,s,fd4
q1u,s,1i4e
q1u,s,4le
q1u,s,tp
q1v,s,e89
q1w,h,1jnx
q1x,h,bc2
q1y,h,ed
q1z,h,3j0
q20,h,igf
q21,h,q20
q22,s,r59
q23,s,1ha8
q25,s,1dkc
q26,s,q76
q27,s,jeg
q2d,h,aj8
q2e,h,14te
q2f,h,q8w
q2g,s,zwb
q2g,s,10zx
q2g,s,1hat
q2h,s,1hbm
q2i,h,14te
q2j,s,jh5
q2j,s,1hqi
q2j,s,3t4
q2j,s,1k7u
q2l,h,1cj7
q2m,h,91u
q2n,h,xxy
q2o,s,t32
q2o,s,k9q
q2o,s,qgd
q2o,s,14yj
q2p,s,14yg
q2q,s,pn3
q2q,s,dv5
q2q,s,gqy
q2q,s,dq9
q2r,s,16vj
q2r,s,z7k
q2s,s,phk
q2s,s,qj3
q2s,s,194g
q2s,s,2h
q2t,s,1i4q
q2u,s,ylo
q2v,h,1g8v
q2w,h,ii
q2x,h,1i6y
q2y,s,1a24
q2y,s,q4r
q2y,s,e80
q2z,s,qzh
q31,h,1h90
q32,s,pwk
q34,s,qjo
q35,s,q3p
q36,s,ynb
q36,s,6g
q38,h,uh1
q38,h,1kib
q3a,s,ykg
q3c,h,1jt8
q3d,h,vr9
q3e,h,rjn
q3f,s,rjo
q3h,s,1hc5
q3h,s,q0x
q3i,s,q86
q3k,h,q0z
q3l,h,1ia2
q3m,s,q8p
q3n,s,2fq
q3n,s,q73
q3n,s,grk
q3n,s,grl
q3n,s,1hb0
q3n,s,2fj
q3n,s,xo2
q3n,s,1buf
q3p,s,q35
q3r,s,ggw
q3r,s,fuc
q3r,s,kuq
q3r,s,gmv
q3r,s,65
q3s,s,y3o
q3t,h,q3q
q3u,h,1g8v
q3v,s,1acv
q3v,s,6qc
q3v,s,1dty
q3v,s,1hth
q3v,s,1acu
q3y,s,zhh
q3z,h,nk
q40,h,1cic
q41,h,zh4
q42,h,4wy
q43,h,4xa
q44,h,qqv
q44,m,q3z
q45,s,1i43
q47,s,cgi
q49,s,q76
q4b,h,cie
q4c,h,17so
q4d,h,14w7
q4f,s,q80
q4f,s,qcv
q4f,s,chn
q4h,h,tr9
q4i,h,ul1
q4j,s,tr6
q4k,s,mdm
q4l,h,1buw
q4n,h,q2e
q4o,s,1h8w
q4q,s,1iag
q4r,s,q2y
q4s,h,q2d
q4t,h,q4n
q4u,h,aq8
q4v,s,60l
q4w,h,15k5
q4x,h,4pe
q4y,h,16c0
q4z,h,1fod
q50,s,p3b
q51,s,88e
q54,s,149y
q55,s,atk
q56,h,64d
q57,h,b5l
q58,h,2xk
q5e,m,hi2
q5e,m,w48
q5e,m,wdn
q5e,m,tsz
q5f,h,35o
q5g,s,prs
q5j,h,l7d
q5m,h,nne
q5n,h,fvj
q5o,s,10pa
q5o,s,11h4
q5o,s,191n
q5p,h,rok
q5q,s,qj8
q5r,h,isj
q5u,h,7cy
q5v,h,lio
q5w,s,gxy
q5x,h,df9
q5y,s,b5j
q5z,s,dem
q60,h,emw
q61,h,df0
q62,s,19ro
q64,h,h7d
q65,h,1fya
q66,h,2xt
q67,h,14a2
q69,h,fhx
q6b,s,1i96
q6c,h,3if
q6d,h,21l
q6e,h,21l
q6f,h,tto
q6g,h,xak
q6h,h,u1c
q6i,h,uhv
q6j,h,jlf
q6k,s,2nc
q6k,s,141t
q6k,s,kos
q6l,s,184e
q6l,s,358
q6l,s,126x
q6l,s,3eg
q6l,s,1a97
q6l,s,1an3
q6p,h,1951
q6q,h,mn
q6r,s,hp5
q6s,h,1akt
q6t,h,rft
q6u,h,q9p
q6v,h,611
q6w,s,b5x
q6y,s,b7r
q6z,h,fm9
q70,h,ymm
q71,s,lks
q71,s,bgz
q73,s,q3n
q76,s,equ
q76,s,q26
q76,s,hc2
q76,s,qn4
q76,s,lkj
q76,s,q49
q78,s,q7c
q79,s,q7a
q7a,s,fq4
q7a,s,q79
q7b,s,1hfl
q7c,s,1ke
q7c,s,q78
q7c,s,vlc
q7g,h,949
q7h,s,bvv
q7h,s,1hgf
q7h,s,9z4
q7h,s,28b
q7j,s,psl
q7k,h,q2e
q7l,h,fj8
q7n,s,qib
q7n,s,jjn
q7p,s,411
q7r,s,10sz
q7r,s,ngf
q7r,s,17re
q7r,s,1hfr
q7r,s,1an2
q7r,s,y4f
q7r,s,6xv
q7s,s,1hr9
q7u,h,r13
q7v,h,14te
q7w,s,zgi
q7w,s,1hqs
q7w,s,qbb
q7w,s,ufc
q7w,s,hv2
q7w,s,dq8
q7w,s,pvh
q7x,h,q2d
q7y,h,np9
q80,s,q4f
q82,s,i5s
q82,s,qd0
q82,s,ygd
q85,h,q7g
q86,s,fig
q86,s,ri8
q86,s,qpl
q86,s,q3i
q88,s,1huy
q89,s,ppw
q8c,s,1ffm
q8d,s,1ffl
q8f,h,1hym
q8h,s,3d8
q8h,s,1i58
q8h,s,fif
q8h,s,1hgd
q8h,s,1c4g
q8i,s,rj2
q8k,s,erc
q8l,s,z1h
q8n,h,928
q8o,s,j9i
q8o,s,jrw
q8p,s,q3m
q8p,s,1hai
q8p,s,ego
q8p,s,egk
q8p,s,1hb6
q8q,s,1hiz
q8r,h,hga
q8s,s,t9r
q8u,s,1hiz
q8v,h,fgq
q8w,h,1ia2
q8x,s,3th
q8y,s,qtc
q90,s,rj3
q93,s,1hx9
q94,h,q6o
q95,h,uya
q97,s,r0v
q98,h,bo2
q99,h,q6u
q9a,s,1bzf
q9a,s,fhg
q9b,s,j9d
q9b,s,i7z
q9b,s,j8u
q9c,s,1hsq
q9e,h,q0z
q9f,h,14te
q9g,s,1hh1
q9g,s,1i5f
q9h,s,2d6
q9h,s,q9k
q9h,s,1hhs
q9h,s,1hhr
q9i,s,x5n
q9j,h,ou5
q9k,s,q9h
q9l,h,ou5
q9m,h,91l
q9n,h,13ud
q9o,h,1t5
q9r,h,91u
q9s,s,pfy
q9s,s,158e
q9s,s,3kt
q9s,s,ik1
q9s,s,huz
q9s,s,dt
q9s,s,xi8
q9t,s,13yt
q9t,s,158i
q9t,s,vp8
q9t,s,dp
q9t,s,a3
q9t,s,dq
q9t,s,3kr
q9t,s,xi4
q9u,s,cug
q9u,s,9w
q9w,h,14te
q9x,s,j2r
q9x,s,1hoa
q9x,s,3bn
q9x,s,q0s
q9z,h,g94
qa0,s,ff5
qa2,s,na
qa3,h,1dnf
qa4,h,ed
qa5,h,kwf
qa6,h,e3i
qa7,h,evv
qa8,h,87q
qa9,h,11p3
qaa,h,2hv
qaa,m,1faw
qab,h,ewz
qad,h,gj5
qae,h,qga
qaf,s,15ta
qaf,s,cw6
qaf,s,dnt
qaf,s,bbd
qaf,s,eg
qag,h,guv
qah,h,132u
qai,h,z8s
qai,h,oot
qak,s,y17
qal,s,dcc
qam,h,1df2
qao,h,1a85
qap,s,1ha5
qas,s,1hvt
qat,h,axn
qau,h,hh
qav,h,hyq
qaw,h,wqq
qax,s,z7q
qay,s,ddi
qb0,h,cf4
qb1,s,z0g
qb2,s,z0g
qb3,h,z0h
qb4,h,q0z
qb5,h,wn8
qb6,s,d2n
qb6,s,opw
qb6,s,1dnn
qb6,s,qc4
qb6,s,z17
qb7,s,q0v
qb8,s,psx
qba,s,ppc
qbb,s,q7w
qbc,h,g94
qbd,s,1dzs
qbd,s,odr
qbd,s,zdw
qbf,s,qbu
qbi,h,rk4
qbm,s,hsp
qbo,s,1hrt
qbp,s,1i4z
qbq,s,1jef
qbr,s,qji
qbs,s,1hiv
qbt,s,qjt
qbu,s,y13
qbu,s,yk3
qbu,s,cmi
qbu,s,zex
qbu,s,qbf
qbv,s,1hdv
qbx,h,1he0
qbz,s,qiy
qc1,h,q0z
qc2,h,fhy
qc3,s,1ep1
qc4,s,qb6
qc5,h,15rk
qc6,h,ckl
qc7,h,1470
qc8,h,io9
qc9,h,zn2
qca,h,kw9
qcb,h,df9
qcc,h,kc8
qcd,h,yro
qce,h,b7n
qcf,h,1bo4
qci,h,bv4
qcj,h,z0n
qck,h,l5q
qcl,h,1j2h
qcn,s,1hg5
qcn,s,qfp
qcn,s,6pa
qcn,s,qe7
qcn,s,3pm
qcn,s,3pn
qcn,s,1h9x
qcn,s,3n2
qcn,s,b0a
qcp,s,ylw
qcs,h,t2j
qcu,s,qcz
qcu,s,1i3i
qcv,s,q4f
qcx,s,151s
qcy,s,i5q
qcz,s,qcu
qd0,s,q82
qd1,h,18hi
qd2,h,j49
qd3,h,u15
qd4,h,jza
qd5,h,u17
qd6,h,1duw
qd7,h,euf
qd8,h,166l
qdb,h,8ll
qdc,m,14jh
qdc,m,9cs
qdc,m,s9t
qdc,m,n8c
qdc,m,ece
qdc,m,s8v
qdc,m,lqd
qdc,m,1840
qdc,m,36p
qdc,m,pd1
qdc,m,xiq
qdc,m,oir
qdc,m,1ach
qdc,m,zqq
qdc,m,n8b
qdc,m,1eis
qdc,m,ojd
qdc,m,mgq
qdc,m,ujg
qdc,m,s9p
qdc,m,so7
qdc,m,v79
qdc,m,15r
qdc,m,5c7
qdc,m,49s
qdc,m,xq8
qdc,m,uvm
qdc,m,qdh
qdg,h,1rc
qdh,h,34m
qdi,m,10dp
qdj,m,xj7
qdj,m,5v5
qdj,m,qdm
qdj,m,lsr
qdj,m,str
qdj,m,igy
qdj,m,1jer
qdk,h,31s
qdl,h,1qp
qdo,h,qnf
qdp,h,qnf
qdq,h,qnf
qdr,h,azh
qds,h,xsy
qdt,h,15l9
qdu,h,vp
qdw,s,16yf
qdx,h,x43
qdy,h,1abc
qdz,h,ews
qe0,h,aqw
qe1,h,954
qe2,h,1fon
qe3,h,tdt
qe3,m,94v
qe4,h,ed
qe7,s,qcn
qe8,h,1hfz
qe9,s,1hg0
qea,s,ql3
qeb,s,pup
qec,s,pup
qed,s,znu
qee,s,wuc
qeg,h,138w
qej,s,kah
qej,s,1cvq
qej,s,o3j
qej,s,1hn6
qek,h,1e8c
qek,m,1cwg
qel,s,22f
qen,h,211
qeo,h,qzu
qep,h,1a64
qeq,h,1j5a
qer,s,aql
qes,m,qep
qet,s,ex8
qet,s,353
qet,s,vr0
qet,s,fxa
qeu,s,9t4
qeu,s,ex6
qeu,s,o0p
qeu,s,3z8
qeu,s,f6s
qeu,s,1g1o
qeu,s,9u6
qeu,s,1je
qev,s,vtk
qew,s,191l
qex,h,13u5
qey,h,e0d
qf0,h,949
qf2,s,pvr
qf3,h,1g8v
qf4,s,5c2
qf4,s,q1k
qf6,s,qg5
qf7,h,kok
qf8,h,wn8
qf9,s,1e2y
qf9,s,140n
qfa,s,1hnk
qfb,h,ib2
qfc,s,cxm
qfd,s,z0l
qfe,h,euf
qff,h,91u
qfg,h,ppv
qfh,s,8wi
qfi,s,11hx
qfj,s,abb
qfj,s,j67
qfj,s,1ith
qfj,s,f7p
qfj,s,5q5
qfk,h,zgd
qfm,h,w63
qfn,s,1ai0
qfn,s,16qk
qfn,s,qfw
qfn,s,pmy
qfo,h,zou
qfp,s,qcn
qfq,s,1i8c
qfr,s,11kb
qft,h,4z2
qfu,h,g0s
qfv,h,11k5
qfw,s,qfn
qfx,s,81u
qfy,h,1g8v
qfz,h,fiu
qg0,h,fu0
qg1,s,11kb
qg3,h,94e
qg4,h,19qu
qg5,s,qf6
qg5,s,qvd
qg7,m,v04
qg7,m,xot
qg7,m,sz9
qg7,m,1f6l
qg7,m,1j31
qg7,m,7t9
qg8,s,1i05
qg9,h,1erq
qga,h,1eru
qgb,h,3q8
qgc,h,q2v
qgd,s,q2o
qgf,h,ymz
qgg,h,1d46
qgh,s,1hgi
qgi,m,1dpb
qgi,m,wy5
qgi,m,45q
qgi,m,8qc
qgi,m,ru5
qgi,m,1fpa
qgi,m,qgk
qgk,h,34m
qgl,h,v01
qgn,s,r4k
qgp,s,16nd
qgq,h,tga
qgs,h,lya
qgu,h,h73
qgv,h,15la
qgw,h,13vr
qgx,s,hg1
qgy,h,8o9
qgz,h,12o
qh0,h,qxr
qh1,h,15nu
qh2,h,1erq
qh3,h,vyj
qh5,h,rb5
qh8,s,8nz
qhb,h,br6
qhc,h,qf3
qhd,h,11ih
qhe,h,mtq
qhf,h,6l
qhg,s,10hg
qhg,s,dyu
qhg,s,i1k
qhg,s,lvq
qhg,s,frw
qhg,s,o4w
qhg,s,103b
qhg,s,r1v
qhh,s,11if
qhi,s,jhl
qhk,h,cl2
qhl,h,91v
qho,h,cl2
qhq,s,qhz
qhq,s,ew6
qht,h,srj
qht,h,1hw5
qhu,h,h3j
qhv,h,7fc
qhw,h,qi3
qhx,h,91u
qhy,h,91v
qhz,s,qhq
qi3,h,awt
qi4,h,ipw
qi5,s,rfx
qi6,s,12px
qi7,s,17zy
qi9,s,1i3z
qi9,s,1fyk
qia,s,pz6
qib,s,q7n
qic,h,139n
qif,h,qic
qih,s,1hor
qij,s,dv0
qil,h,14te
qim,s,org
qim,s,lup
qio,h,14t1
qip,s,1hms
qip,s,1hpc
qip,s,fqg
qip,s,fqf
qiq,s,pp8
qis,s,qjc
qit,s,uzp
qiw,h,f3w
qiy,s,qbz
qiz,s,qjz
qj0,h,qjy
qj1,s,ylo
qj2,s,1i4q
qj3,s,q2s
qj6,h,psn
qj8,s,q5q
qj9,h,1fcq
qja,s,1i1e
qjb,h,8wo
qjc,s,qis
qjc,s,y18
qjc,s,jfi
qjd,h,esd
qje,s,13eu
qjg,s,17nz
qjg,s,l5d
qjg,s,2ms
qjg,s,z6c
qjh,h,q2i
qji,s,qbr
qjj,s,1i2i
qjl,s,16fd
qjl,s,1hq9
qjm,s,qlt
qjo,s,q34
qjp,s,py9
qjq,h,po5
qjr,s,kbd
qjr,s,1hvd
qjr,s,15gn
qjr,s,1i7o
qjr,s,1i3d
qjs,s,1hq4
qjs,s,d57
qjs,s,1h9a
qjs,s,10m9
qjt,s,qbt
qju,s,1hfl
qjw,s,1i63
qjy,h,eks
qjz,s,kpg
qjz,s,qiz
qk0,h,fku
qk1,h,fqt
qk3,h,pru
qk4,h,xjw
qk5,h,xjt
qk7,s,1kxh
qk8,h,3p
qk9,h,wn8
qkb,h,1bd1
qkc,h,1104
qkd,h,2xw
qke,h,10wp
qkf,h,yzr
qkg,h,pzc
qkh,h,m8g
qki,h,12t6
qkj,h,cbb
qkk,h,xz
qkl,h,pp4
qkl,m,qa9
qko,h,q5m
qkp,h,cbp
qkq,h,pp9
qkr,s,8l3
qkr,s,cbh
qkr,s,bry
qkt,s,19ep
qkv,s,1hte
qkw,s,3tj
qkw,s,1hs0
qkx,s,1hry
qky,h,15ll
ql0,s,e50
ql1,s,bl0
ql2,s,bqk
ql3,s,zwr
ql3,s,qea
ql3,s,p88
ql4,s,tin
ql4,s,adw
ql4,s,7ef
ql4,s,4ih
ql4,s,ads
ql4,s,78c
ql4,s,991
ql4,s,aws
ql4,s,17kg
ql4,s,1ikc
ql4,s,elj
ql4,s,18t0
ql4,s,417
ql4,s,vuh
ql6,h,kod
ql7,s,6ci
ql8,h,uhm
ql9,h,14tf
qla,h,fdm
qld,s,9pi
qld,s,ndj
qld,s,1dcu
qle,h,dv7
qlg,h,rce
qlh,h,qp9
qli,h,lfk
qlj,h,1e1j
qlk,h,14te
qll,h,jtc
qlm,h,11e5
qln,h,rzi
qlo,h,11e5
qlp,h,10vk
qlq,h,119j
qlr,h,1c78
qls,h,rbp
qlt,s,hr1
qlt,s,6e3
qlt,s,qjm
qlt,s,ds7
qlv,s,6b
qlx,h,14te
qly,h,1iq5
qlz,s,1az0
qm1,h,1iw7
qm3,s,rk3
qm4,h,1hrd
qm5,h,z3
qm6,h,z5
qm7,h,1kne
qm8,h,2xw
qm9,h,1knd
qma,s,1htf
qmb,s,ss
qmc,h,1e8c
qmd,h,2xt
qme,s,1htf
qmf,s,irg
qmg,h,q9r
qmh,h,ir5
qmi,h,91u
qmj,h,15x6
qml,h,ium
qmm,h,ira
qmo,h,wvj
qmp,s,wvs
qms,h,ewo
qmu,h,178w
qmw,s,ri6
qmw,s,kzb
qmw,s,m3
qmx,s,178t
qmy,s,1h9k
qn0,h,azc
qn1,h,1kqz
qn2,h,ki2
qn2,m,6ik
qn3,h,khs
qn4,s,q76
qn5,h,1397
qn6,h,8o9
qn7,h,eu6
qn8,h,bm5
qn9,h,1399
qna,h,xx
qnb,s,136u
qnb,s,3ni
qnb,s,13m9
qnd,h,brz
qne,h,awr
qnf,h,azc
qng,h,91u
qnh,h,qnf
qni,s,8i3
qni,s,1hdr
qni,s,l54
qni,s,knt
qnj,s,aoo
qnj,s,ay4
qnj,s,i3j
qnj,s,1aqw
qnk,s,1i1w
qnl,h,v7l
qnn,h,azp
qno,h,w52
qnp,h,aj8
qnq,h,ed
qns,h,18oe
qns,m,b76
qnt,h,hu7
qnu,h,1jjx
qnw,s,vx
qnw,s,io6
qnw,s,16yg
qnw,s,yby
qny,s,vt
qny,s,oa9
qny,s,h5w
qny,s,snh
qny,s,5b
qny,s,13sr
qny,s,snm
qny,s,byv
qnz,h,qnn
qo0,h,fge
qo2,h,l7c
qo4,s,ret
qo5,h,1d97
qo6,h,1cyg
qo6,m,uwt
qo6,m,139f
qo6,m,1gej
qo6,m,1jpe
qo6,m,k1b
qo7,s,15ct
qo7,s,z3m
qo9,h,1d99
qoa,h,213
qob,h,1cmp
qoc,h,qqx
qod,h,1bfj
qoe,h,iz7
qof,h,qy8
qoh,h,9zg
qoi,h,1gi7
qom,h,kl
qon,h,s7r
qoo,h,940
qop,h,1dsx
qoq,s,1hno
qoq,s,7wc
qor,h,7ws
qos,s,z1g
qot,h,5sz
qou,h,119e
qow,h,v73
qox,s,12hc
qoy,s,kae
qoz,h,5ny
qp0,h,jlr
qp1,h,b4x
qp2,h,kp9
qp4,h,fe1
qp5,h,17wm
qp6,s,1htf
qp7,h,n4a
qp9,h,4pg
qpa,h,z49
qpb,h,11k5
qpc,s,nv2
qpc,s,app
qpc,s,z4k
qpc,s,12zu
qpc,s,12zn
qpc,s,11c9
qpe,h,lst
qpf,h,vua
qpg,h,6q0
qph,h,1b1g
qpi,h,6q5
qpj,h,fou
qpk,s,1i64
qpk,s,fhe
qpk,s,j9h
qpl,s,q86
qpm,h,50p
qpn,h,13ju
qpp,h,m40
qpr,h,15ns
qps,s,12u8
qps,s,qpx
qps,s,y2b
qps,s,x14
qps,s,1y4
qps,s,ja4
qpt,h,hh
qpu,m,o64
qpv,h,obv
qpw,h,3iy
qpx,s,qps
qpy,h,16sr
qpz,h,pv8
qq0,h,1dvj
qq1,s,11b6
qq1,s,1b2l
qq2,h,7n
qq3,h,16sm
qq5,h,1dim
qq6,s,16sx
qq7,h,rjh
qq8,s,oeb
qq9,s,1kcs
qq9,s,4dz
qq9,s,p24
qq9,s,mhv
qqb,h,1jxb
qqc,s,yl6
qqd,s,4s3
qqd,s,alc
qqd,s,4cv
qqd,s,127i
qqf,h,14te
qqg,s,1i5y
qqj,s,1k7c
qqk,h,bc2
qql,h,tjc
qqm,s,k2u
qqn,h,1ab4
qqo,h,awn
qqp,h,eug
qqr,h,18mw
qqs,h,11c5
qqt,h,8o2
qqu,h,rg
qqv,h,8w4
qqw,h,4xa
qqx,h,qj
qqy,h,mn
qqz,h,qvi
qr0,h,gn1
qr1,h,jky
qr3,h,qvj
qr4,h,1bfj
qr6,h,2jt
qr7,s,q1j
qr8,h,ave
qr9,h,13yz
qra,h,pbj
qrb,s,5kv
qrb,s,fm3
qrb,s,pbh
qrb,s,ss3
qrb,s,15gi
qrb,s,ij6
qrd,h,pp4
qre,h,bn
qrf,h,1kqz
qrg,h,1kqz
qrh,h,1kqz
qri,h,1i6l
qrj,s,g0
qrk,h,u08
qrl,h,u0f
qrm,h,1ab4
qrn,h,vd6
qro,h,jw8
qrp,h,6c5
qrq,h,1elz
qrr,h,1dnj
qrs,h,1ggy
qrt,h,1jxs
qru,s,ss
qrv,s,sxo
qrv,s,r4m
qry,h,jwt
qrz,h,e3i
qs0,h,e3g
qs1,h,61a
qs2,h,16o5
qs3,s,rfx
qs4,s,qs7
qs7,s,qvw
qs7,s,qs4
qs8,s,rfx
qs9,s,raw
qsa,s,ims
qsb,s,r5o
qsc,h,19c2
qsc,m,afw
qsc,m,hrn
qsc,m,11gh
qsd,h,id2
qse,h,1duw
qsf,h,1cst
qsg,h,fuy
qsh,h,10si
qsh,m,6cl
qsh,m,1fyu
qsi,h,1gzl
qsj,h,bc2
qsk,h,323
qsl,s,ho
qsl,s,5no
qsl,s,6s
qsm,h,11k5
qsn,s,nq9
qso,s,xs0
qsp,s,1hv9
qsq,s,1hgj
qsu,s,qt7
qsv,s,zqc
qsy,h,1dim
qsz,h,qnf
qt0,h,qvi
qt1,h,142y
qt2,h,pzp
qt3,h,146z
qt4,h,ptk
qt7,s,qsu
qta,s,1i82
qtb,s,gar
qtb,s,dv1
qtb,s,e9t
qtc,s,pov
qtc,s,q8y
qtg,s,31g
qtg,s,1sy
qtg,s,wiv
qti,h,yup
qtj,h,3vn
qtk,h,110a
qtl,h,qn3
qtm,h,b4x
qtn,h,qvh
qto,h,1abc
qtp,h,qtu
qtq,h,1brt
qtr,s,qty
qtr,s,qu3
qtr,s,qu4
qtr,s,j47
qtr,s,qu2
qtu,h,re9
qtv,h,cj0
qtw,h,r7q
qtx,s,dbm
qty,s,qtr
qtz,h,qtq
qu0,h,z8s
qu2,s,qtr
qu3,s,qtr
qu4,s,qtr
qu5,h,1gjn
qu6,h,rd4
qu7,s,1id5
qu8,s,cr9
qu8,s,cnn
qu8,s,w17
qu8,s,ulf
qu8,s,14co
qu8,s,jr2
qu8,s,18mj
qu8,s,15gc
qu8,s,14d0
qu8,s,6k1
qu8,s,v6b
qu8,s,10nn
qu8,s,18tu
qu8,s,1uf
qu8,s,47i
qu8,s,8wp
qua,h,w10
qud,s,14ww
qud,s,1i70
qud,s,1i6w
que,h,1g5h
quf,h,15sg
qug,h,e4j
quh,s,1kqo
qui,h,1kqj
quj,h,1kqm
quk,h,q7v
qum,h,30n
qum,m,1feu
qum,m,acv
qum,m,w1k
qum,m,1kd8
qum,m,1ag
qun,h,9zg
qun,m,fbi
qun,m,i17
qun,m,zsi
qun,m,12ho
qun,m,z6u
qun,m,eol
qun,m,pff
qun,m,1gl9
qun,m,anz
qun,m,rn5
qun,m,y8q
qun,m,ti0
qun,m,1aje
qun,m,o8v
qun,m,all
qun,m,1fkm
qup,h,11mg
quq,h,1297
qur,h,239
quu,s,1hsw
quu,s,13c3
quv,s,100s
quw,s,1jef
quz,h,doy
qv0,h,2e5
qv1,h,1bns
qv2,h,91u
qv3,h,12ce
qv4,h,60s
qv5,h,1hgo
qv6,s,35c
qv6,s,20f
qv7,s,qva
qv8,s,1hgj
qv9,s,duv
qv9,s,1i4r
qva,s,duu
qva,s,gqz
qva,s,7ro
qva,s,qv7
qva,s,1bkh
qvb,h,q2e
qvc,s,1hr1
qvd,s,qg5
qvf,h,192t
qvg,h,31c
qvh,h,3g4
qvi,h,14nw
qvj,h,xe8
qvk,h,11xo
qvl,h,qvi
qvo,s,ae4
qvp,s,1kqw
qvq,h,164d
qvr,h,1dwv
qvu,s,r4k
qvv,s,ims
qvw,s,qs7
qvy,s,194u
qvz,s,dp1
qw0,s,nq6
qw2,h,nq7
qw3,h,11f8
qw4,h,19c6
qw5,h,1hls
qw6,h,rbz
qw7,s,11dk
qw8,h,1a56
qw9,h,41i
qwa,h,1hux
qwb,s,kdh
qwb,s,1ds7
qwb,s,trq
qwc,s,1i1g
qwd,s,vr8
qwe,s,wkp
qwh,s,m6q
qwh,s,phu
qwh,s,697
qwh,s,jlx
qwh,s,12ep
qwh,s,j9f
qwh,s,7he
qwj,h,1ic7
qwk,h,6uw
qwl,h,pxq
qwm,s,1hvu
qwo,h,1362
qwp,h,ees
qwq,h,vy
qwr,s,bu6
qwv,h,1bd6
qww,h,fhy
qwy,h,14te
qx0,s,qx2
qx1,s,oxq
qx2,s,qx0
qx4,s,4b2
qx6,h,1a85
qx7,s,3sh
qx9,h,ikd
qxa,h,ika
qxb,h,12r8
qxc,h,60z
qxd,h,plc
qxe,h,13vw
qxf,h,rbz
qxg,h,2xt
qxh,s,17zy
qxk,h,1csu
qxl,h,z3l
qxm,s,hw5
qxn,h,fnn
qxo,h,1hj1
qxp,h,1i9j
qxq,h,14nw
qxt,h,4xa
qxu,h,113h
qxv,h,1f62
qxw,s,13jz
qxx,s,jel
qxz,h,16j6
qy0,h,eth
qy1,h,30n
qy2,h,2qf
qy3,h,cl3
qy4,h,1grc
qy5,h,t8s
qy6,h,tgd
qy7,h,qvh
qy8,h,qvj
qy9,h,u0a
qya,h,2nf
qyb,s,lf4
qyd,h,39d
qye,h,uya
qyf,h,zoy
qyg,h,ibb
qyh,h,dec
qyj,s,1hvv
qyj,s,qyl
qyl,s,qyj
qyn,h,zn9
qyo,h,qnf
qyp,h,ahj
qyq,h,v8x
qys,s,h66
qys,s,h63
qys,s,f2t
qys,s,itn
qys,s,ivn
qys,s,r7d
qys,s,9yl
qys,s,g0p
qys,s,ztt
qys,s,egu
qys,s,13bt
qyt,h,1ers
qyu,h,ews
qyv,h,vre
qyw,h,38x
qyx,h,i5a
qyy,h,b4z
qyz,h,nr
qz2,h,13an
qz3,h,1hwv
qz4,h,1ik8
qz5,h,31c
qz6,h,pxn
qz7,h,xm6
qz8,s,bxn
qz8,s,xoa
qz8,s,15m9
qz8,s,fni
qz9,s,e7y
qza,h,e7v
qzb,h,16p0
qzc,s,wu
qzc,s,1d75
qzc,s,19o8
qzd,s,1id5
qze,h,j5r
qzf,h,q2e
qzg,h,1t5
qzh,s,t9u
qzh,s,trp
qzh,s,q2z
qzh,s,elf
qzh,s,1a7d
qzj,h,5wa
qzk,h,5vl
qzm,s,13s8
qzn,s,149k
qzo,h,91u
qzq,h,rmc
qzr,h,146z
qzs,h,vlw
qzt,h,oys
qzu,h,fhy
qzw,s,1hgi
qzx,s,r09
qzy,h,hg3
qzz,s,r04
r00,h,193x
r01,h,12p
r03,h,146u
r04,s,qzz
r05,h,11k5
r06,h,15m8
r07,h,1620
r07,h,1719
r08,s,fmt
r09,s,qzx
r0b,s,1hve
r0c,s,1him
r0d,h,11f0
r0f,h,13rm
r0g,h,zhp
r0h,h,prq
r0k,h,381
r0l,s,1hu7
r0m,s,prn
r0n,h,yvk
r0p,h,7oe
r0q,s,1k65
r0s,h,b5r
r0t,h,924
r0u,h,7o8
r0v,s,hj3
r0v,s,c2y
r0v,s,q97
r0w,s,acz
r0w,s,r7j
r0w,s,ux4
r0x,s,zok
r0y,h,3p2
r10,h,vmm
r11,s,at9
r11,s,b5d
r11,s,hrj
r11,s,bo4
r13,h,1cj7
r14,h,ou5
r15,h,cl2
r17,s,1610
r17,s,15em
r17,s,1bid
r17,s,mki
r17,s,oh8
r18,h,11k5
r19,s,w0u
r1a,h,e7c
r1c,h,2r
r1e,h,qno
r1g,h,r1d
r1g,m,uk
r1g,m,e7b
r1g,m,xwj
r1g,m,2x8
r1g,m,jjz
r1g,m,8u2
r1g,m,z8m
r1g,m,xwc
r1g,m,7b1
r1h,h,15ee
r1i,s,14xw
r1i,s,6tv
r1i,s,6ka
r1i,s,18z4
r1i,s,13gp
r1i,s,xxs
r1i,s,143
r1i,s,2ne
r1i,s,18oq
r1j,s,1bic
r1k,s,15ek
r1m,h,hgi
r1n,h,b5t
r1r,h,1j1g
r1s,h,qhe
r1u,s,5ba
r1v,s,qhg
r1x,h,12af
r1y,s,ecf
r1y,s,blm
r1y,s,r2n
r1z,s,3gc
r20,s,e5f
r20,s,413
r20,s,18t6
r20,s,1j57
r20,s,uwu
r20,s,j05
r20,s,1f2x
r20,s,1d8l
r20,s,156i
r20,s,r25
r20,s,1h8u
r20,s,13xy
r20,s,b8g
r20,s,139
r20,s,19lm
r20,s,r2h
r20,s,jtk
r20,s,1fbh
r20,s,iwv
r20,s,ala
r20,s,brc
r20,s,722
r20,s,1azk
r21,s,18du
r23,h,q9p
r24,h,q9p
r25,s,r20
r26,h,wvg
r27,h,q9q
r28,h,q9q
r29,h,91u
r2a,s,o5x
r2a,s,3ks
r2a,s,e5p
r2a,s,13b
r2b,h,vr2
r2c,s,bl0
r2d,h,uv6
r2e,h,eac
r2h,s,r20
r2i,h,1hwv
r2k,h,vr2
r2l,h,mgv
r2m,h,1jbr
r2n,s,r1y
r2o,h,eci
r2r,h,383
r2s,h,im
r2t,h,j9
r2v,s,15pc
r2w,s,na
r2x,h,mn
r2y,h,y3s
r30,h,12oe
r31,h,8ke
r32,h,13nr
r33,h,8kb
r34,h,juj
r35,h,13bk
r36,h,s5k
r37,h,r2t
r38,h,920
r39,s,1e7j
r3b,s,yml
r3c,s,izg
r3d,h,azg
r3f,h,azq
r3g,h,bk6
r3h,s,16ut
r3i,h,bkl
r3j,h,rzq
r3k,s,1kmq
r3o,h,r3d
r3r,s,eky
r3s,h,8so
r3t,h,13yz
r3u,h,esh
r3v,h,13z1
r3x,h,dbl
r3y,h,1397
r40,h,19r2
r42,h,2xw
r43,s,dbo
r44,s,rav
r44,s,ybx
r44,s,79
r44,s,hxx
r44,s,1un
r46,h,1dwv
r47,h,13ye
r48,h,103i
r4b,s,16bv
r4c,h,pv8
r4d,h,5tr
r4e,s,rbu
r4g,h,2do
r4i,h,1fom
r4j,s,pwf
r4k,s,qgn
r4k,s,qvu
r4l,s,r5o
r4m,s,qrv
r4n,h,e3i
r4o,h,1bsf
r4p,h,r7w
r4q,h,6nm
r4r,s,b41
r4s,h,1duw
r4t,h,r8d
r4u,h,r8e
r4z,h,ews
r50,h,zp7
r51,h,hjy
r52,h,wl9
r53,h,byy
r55,h,1fom
r56,h,1a4b
r57,h,11fh
r58,h,vfa
r59,s,11bz
r59,s,myv
r59,s,ngq
r59,s,s66
r59,s,293
r59,s,1bij
r59,s,q22
r59,s,1djg
r5a,h,9c5
r5c,h,xe6
r5d,h,xm7
r5f,h,1122
r5g,h,rjh
r5h,s,1c38
r5k,h,g0a
r5l,h,bf6
r5m,h,1kkz
r5n,m,12z8
r5n,m,hu3
r5n,m,1drx
r5o,s,r6g
r5o,s,qsb
r5o,s,r4l
r5o,s,rax
r5p,s,rad
r5q,h,zoc
r5r,h,12g
r5s,h,tak
r5t,h,q20
r5v,s,mct
r5v,s,1dvw
r5v,s,r6a
r5v,s,xhq
r5w,h,1b9t
r5w,m,r69
r67,h,g0s
r68,h,vz
r69,h,1b9u
r6a,s,r5v
r6b,h,18px
r6d,h,bxa
r6e,h,91u
r6g,s,r5o
r6h,s,5uv
r6i,h,13s2
r6l,h,1bsg
r6m,h,843
r6n,h,196r
r6o,h,132u
r6q,h,2q
r6r,s,139z
r6s,h,zn3
r6t,h,119e
r6u,h,119j
r6v,h,119l
r6w,s,1b9h
r6x,h,r3e
r6z,h,r2t
r71,h,7o8
r72,h,h5c
r73,h,w52
r74,h,7oe
r76,h,rb2
r77,h,1293
r78,h,1hlo
r79,h,11ff
r7a,h,16jd
r7b,h,itk
r7c,h,itl
r7d,s,qys
r7e,s,1hly
r7f,h,vtp
r7g,h,11k5
r7h,h,13ye
r7i,s,1522
r7j,s,r0w
r7k,h,r4i
r7l,h,397
r7m,h,169i
r7n,h,17y
r7o,h,34z
r7p,h,1gde
r7q,h,14xd
r7t,h,x43
r7v,h,1abe
r7w,h,6nw
r7x,h,im
r7z,h,hqf
r80,s,fh5
r81,h,ews
r82,h,nne
r83,s,izg
r84,h,vvn
r85,h,12oe
r86,h,s5k
r87,h,19j9
r88,h,19j8
r89,h,rzq
r8a,s,19mu
r8b,s,1zl
r8d,h,14nw
r8e,h,qvi
r8g,h,ohy
r8j,h,1d99
r8k,h,zhp
r8o,h,8yf
r8p,h,1h4b
r8q,h,19j9
r8r,h,fsv
r8t,h,r2s
r8u,h,ton
r8v,h,nna
r8w,s,wbx
r8x,h,htw
r8z,h,13u9
r91,h,r7q
r92,h,bz2
r93,h,bz2
r94,h,bz2
r95,h,16qy
r96,h,qtq
r97,h,1akt
r9a,h,hxp
r9a,h,z2s
r9b,h,r5q
r9b,m,oj0
r9c,h,15m8
r9d,h,vyq
r9f,s,a8u
r9g,s,19n3
r9h,s,ist
r9i,h,ojm
r9j,h,l9p
r9k,h,fhl
r9l,s,1fp4
r9m,h,fhn
r9n,h,ji4
r9o,s,1ia7
r9o,s,pz1
r9o,s,5k0
r9p,h,pux
r9q,h,3if
r9r,s,178u
r9r,s,5c4
r9s,h,1424
r9t,h,145q
r9u,h,1aha
r9v,h,1aha
r9w,h,xly
r9x,h,gmz
r9y,s,1ch
r9z,h,xy
ra0,h,12ps
ra1,s,4w0
ra1,s,g6s
ra1,s,oy6
ra1,s,56b
ra1,s,oh0
ra1,s,59l
ra1,s,3wt
ra1,s,137x
ra2,s,imf
ra3,h,ipk
ra7,h,1g8v
ra8,s,1hh0
ra8,s,45z
ra8,s,1629
rad,s,r5p
rai,h,1iw7
ram,h,bv2
rao,h,jlb
rar,s,b41
ras,h,12j4
rat,h,ugs
rau,h,vnq
rav,s,r44
raw,s,qs9
raw,s,763
rax,s,r5o
raz,h,10w0
rb0,h,qnf
rb1,h,qqt
rb2,h,ib6
rb3,h,rb0
rb4,h,13zb
rb5,h,4xa
rb6,h,192t
rb7,h,1f66
rb8,h,144h
rb9,s,zhh
rba,s,13ck
rbb,h,xm7
rbc,h,zq2
rbd,h,r5s
rbe,h,r5s
rbf,h,9e7
rbg,h,bsk
rbj,h,11k5
rbk,h,91u
rbl,h,hxi
rbm,h,18z0
rbn,h,qn0
rbo,h,hxi
rbp,h,hyv
rbq,s,rbw
rbr,h,hyq
rbt,h,17es
rbu,s,r4e
rbu,s,hpq
rbv,s,rl0
rbw,s,rbq
rbx,h,13w
rby,h,n19
rc0,h,pzz
rc3,s,1c2u
rc4,s,ppw
rc7,h,n46
rc8,h,oav
rc9,h,12vi
rca,h,kfs
rcb,h,ncm
rcc,s,1ijb
rcd,h,14te
rce,h,3gr
rcf,h,qp9
rcg,h,r6t
rch,h,rbp
rci,h,19to
rcj,h,gfx
rck,h,bc4
rcm,s,j9e
rcm,s,1bi7
rcm,s,rct
rcm,s,j8t
rcm,s,416
rcm,s,yva
rcn,h,1a85
rco,s,itg
rcp,h,16ee
rcq,h,7vw
rcr,h,y2x
rcs,h,91u
rct,s,rcm
rcu,h,z8s
rcv,h,ppx
rcw,s,1inr
rcx,h,1inx
rcy,h,1j2
rd0,s,no3
rd0,s,rd3
rd0,s,92c
rd1,h,bp0
rd2,h,jja
rd3,s,rd0
rd4,h,119j
rd5,h,hyp
rd6,h,1c52
rd8,s,13t
rda,h,csb
rdb,h,cs4
rde,h,csb
rdf,h,csc
rdg,h,u15
rdh,h,164q
rdi,h,u1j
rdj,h,u17
rdk,s,15pe
rdl,h,zk2
rdm,s,40c
rdp,h,3p
rdr,h,xnw
rds,h,1iqg
rdt,h,otn
rdu,h,xak
rdv,h,xak
rdw,h,91u
rdx,h,16g4
re0,h,239
re0,m,kpl
re0,m,11he
re1,s,1h0g
re4,h,1bvb
re5,h,i5a
re6,h,qxr
re7,h,1wq
re8,h,13tq
re9,h,1kkw
rea,h,it9
reb,h,jy4
rec,h,381
red,h,axr
ree,h,1ao7
ref,h,gi4
reg,h,1416
reh,h,12p
rej,h,81t
rek,h,1jog
rel,h,13v7
rem,h,1csv
ren,s,6i8
ren,s,ipj
ren,s,23q
ren,s,16fg
ren,s,tp4
reo,s,1hgi
req,s,1hb5
rer,s,17zy
ret,s,b7s
ret,s,1hmv
ret,s,1h81
ret,s,qo4
ret,s,7u2
ret,s,z43
ret,s,tse
rev,h,tjb
rev,h,16ll
rew,h,1ja
rey,h,rev
rez,h,2xw
rf0,h,16lm
rf1,h,16ln
rf2,h,r2s
rf3,h,16lm
rf4,h,16lm
rf5,s,1ekw
rf5,s,1ekv
rf6,h,13bk
rf7,h,q4l
rf8,h,pxn
rf9,h,955
rfa,h,w1f
rfb,h,6ik
rfd,s,gkr
rfd,s,1hgk
rfd,s,1ida
rfd,s,krm
rfe,s,3p1
rfe,s,1it6
rfe,s,3pj
rff,s,ak8
rfg,s,ak8
rfi,h,bqf
rfk,h,15z9
rfl,h,rg
rfm,h,q6o
rfn,h,72
rfo,h,b4h
rfp,s,hk4
rfp,s,b96
rfp,s,k9
rfp,s,pxp
rfp,s,htq
rfq,s,hpu
rfr,s,3gc
rfs,s,hp5
rft,h,bkk
rfu,h,181n
rfv,h,1d46
rfw,s,1fmv
rfw,s,19vk
rfw,s,hz4
rfw,s,64w
rfw,s,19q
rfw,s,pzl
rfw,s,1ibm
rfw,s,e6u
rfx,s,qs3
rfx,s,qs8
rfx,s,1923
rfx,s,qi5
rg1,h,132v
rg2,h,rbi
rg5,h,ngv
rg6,h,91u
rg8,h,nht
rg8,h,9c7
rga,h,2d5
rgb,h,10ta
rge,h,mwk
rgf,h,9vi
rgj,h,bc2
rgk,h,xxy
rgl,h,91v
rgm,h,924
rgo,h,164d
rgp,h,1f9n
rgq,h,tjc
rgr,h,yrw
rgs,h,1aj7
rgt,m,dsu
rgt,m,gp7
rgt,m,a6v
rgv,h,1qp
rgw,h,hl1
rgx,h,1cp4
rh0,m,vhi
rh0,m,1ed0
rh0,m,1eur
rh0,m,481
rh0,m,19yy
rh0,m,rlc
rh0,m,spx
rh0,m,8ge
rh0,m,rh1
rh1,h,34m
rh5,m,rh4
rh6,m,1fn8
rh6,m,3aj
rh6,m,42s
rh6,m,3wk
rh6,m,w4p
rh6,m,3a8
rh6,m,sje
rh6,m,4kk
rh6,m,1dpe
rh6,m,x9s
rh6,m,scp
rh6,m,ifc
rh6,m,spx
rh6,m,yfq
rh6,m,rh8
rh8,h,34m
rh9,m,jxa
rhb,h,zk4
rhd,s,22f
rhe,m,1jpy
rhe,m,c6w
rhe,m,tux
rhe,m,gp3
rhe,m,lot
rhe,m,1emw
rhf,m,rhe
rhf,m,rhu
rhf,m,rhv
rhg,m,j70
rhh,s,1143
rhi,m,rp5
rhj,s,6tt
rhk,h,w63
rhm,h,vyq
rhm,m,14k4
rhn,h,f0x
rhp,h,xvy
rhq,h,1k3n
rhr,h,llg
rhs,m,11am
rhw,h,qmc
rhx,h,w63
rhy,h,mjg
rhz,h,pxk
ri1,h,13ln
ri2,h,v3k
ri4,h,1jm5
ri5,s,19tr
ri6,s,qmw
ri7,s,13lv
ri7,s,1b25
ri8,s,q86
rib,h,ls6
ric,h,1kkw
rid,h,1g76
rie,h,w27
rif,h,19nf
rig,h,v3k
rih,h,oav
rii,h,1kiy
rij,h,1kkx
rik,h,uz6
ril,h,1km1
rim,h,q85
rin,h,1gqe
rio,h,1rb
rip,h,qdg
riq,h,ts4
rir,h,13ue
ris,h,bc2
rit,h,1c52
riu,h,pq4
riv,h,ly0
riw,s,5rk
riw,s,1du0
riy,h,15ji
riz,h,qua
rj1,s,1k7c
rj2,s,q8i
rj2,s,p23
rj3,s,q90
rj4,h,g0s
rj5,h,vz
rj8,s,8i6
rj8,s,1d8m
rj8,s,q0w
rj8,s,15ap
rj8,s,3cn
rjb,h,w27
rjc,s,1c38
rjd,s,pvt
rje,s,10sd
rjf,s,1hpl
rjg,s,1hh6
rjh,h,14te
rji,h,3cp
rjo,s,q3f
rjo,s,x5e
rjo,s,izh
rjo,s,f6r
rjq,s,o25
rjq,s,3ds
rjq,s,t06
rjr,h,px2
rjt,s,1f11
rjx,h,u45
rjy,s,1hh3
rk0,h,1397
rk1,s,104f
rk2,s,3is
rk3,s,fhm
rk3,s,qm3
rk3,s,1ilp
rk3,s,1i9d
rk4,h,1g8v
rk5,h,1ic4
rk6,s,884
rk6,s,pn5
rk6,s,1h9b
rk6,s,jjm
rk6,s,1i5r
rk8,s,1i5a
rka,h,3if
rkb,h,ij2
rkc,s,3tc
rkc,s,5op
rkg,s,11hy
rki,s,18y9
rkk,h,1ghu
rkl,h,149p
rkn,h,pp5
rko,s,19cb
rkq,h,25p
rkr,h,1kne
rks,h,1cst
rkt,s,1ct2
rku,s,1hff
rkx,h,3p
rkx,h,19cl
rky,h,hyq
rl0,s,rbv
rl7,h,1zy
rl9,h,65p
rlg,h,9wh
rlg,m,rln
rlg,m,1dr7
rlg,m,19wa
rlg,m,xmz
rlh,h,x26
rlm,h,18mw
rln,h,xmz
rlo,h,91u
rlp,h,bzh
rlq,h,592
rlr,h,swz
rls,h,1l1v
rlt,h,qpb
rlx,h,ffw
rlz,h,7hx
rm0,s,i46
rm3,h,185n
rm5,h,fiq
rm6,h,m40
rm7,h,a04
rm8,s,1c38
rm9,s,1h97
rma,s,1970
rmb,s,1wm
rmc,h,19e3
rmd,h,1ez
rme,h,19e6
rmf,h,e7c
rmg,h,yjj
rmj,h,vz
rml,h,b5l
rmn,h,1cj7
rmo,h,bz4
rmp,h,91u
rmq,h,91v
rmt,s,i46
rmu,s,d6n
rmv,h,twk
rmw,h,iod
rmy,h,lgd
rmz,h,hfl
rn0,h,i4a
rn1,h,1aet
rn3,m,1e4i
rn4,m,rn3
rn5,m,1f2d
rn6,s,1e7j
rn7,h,i50
rn9,s,i46
rne,s,1ezz
rnf,h,3ez
rnh,s,plz
rni,h,143k
rnj,m,lvt
rnj,m,y3f
rnj,m,mih
rnj,m,1bb6
rnj,m,o5h
rnj,m,hr
rnj,m,ln7
rnj,m,rw8
rnj,m,mjn
rnj,m,7m1
rnj,m,rnm
rnk,m,rno
rnm,h,34m
rnn,h,wf4
rno,h,34m
rnp,h,bt4
rnq,h,11gt
rnr,h,149p
rns,h,1cyg
rnt,h,13rl
rnu,h,fur
rnv,h,azc
rny,h,qyf
ro2,h,swz
ro3,h,1frh
ro4,m,uzd
ro6,h,ifo
ro7,h,17i3
roa,h,ubu
roc,h,kp1
rod,h,13rf
roe,m,1j07
roe,m,2f8
roe,m,14g0
roe,m,12mr
roe,m,1lk
roe,m,6re
roe,m,1a81
roe,m,1h6e
roe,m,vbb
roe,m,7ul
roe,m,17cn
roe,m,12wl
roe,m,4jv
roe,m,17iv
roe,m,t49
roe,m,5s
roe,m,2xg
roe,m,11yg
roe,m,1fso
roe,m,7nc
roe,m,uax
roe,m,jov
roe,m,18fv
roe,m,1h1o
roe,m,18by
roe,m,1iuk
roe,m,vnr
roe,m,17yu
roe,m,ro6
rog,h,fm
roi,h,er6
roj,s,10cn
rok,h,10se
rol,h,1k68
ron,h,yvr
roo,h,15u5
rop,h,13ud
roq,h,13ud
ror,h,16hn
ros,h,35o
rot,s,16hp
row,h,srl
rox,s,1i85
rp1,h,ejb
rp3,h,1j4e
rp7,m,eoj
rp7,m,rp6
rpd,h,tjc
rpe,h,m3w
rpf,h,14id
rpg,h,1fiu
rph,h,1d63
rpi,h,m5r
rpj,h,ymm
rpk,h,1cym
rpl,h,l9y
rpn,h,461
rpq,h,k6b
rps,h,1fy1
rpu,h,36m
rpv,h,157x
rpw,h,7x7
rpy,h,aed
rpz,h,1kos
rq0,h,116y
rq1,h,19uz
rq2,h,ckb
rq3,h,ghe
rq5,h,vkk
rq6,h,fwk
rq7,h,fwn
rq8,h,pai
rq9,h,13ss
rqb,h,rps
rqo,h,kod
rqs,h,110j
rqu,h,huh
rqw,h,1f3e
rqx,h,1548
rqy,h,1dvb
rr3,h,j2h
rr4,h,ucs
rr6,s,9of
rr7,h,mwo
rr8,s,1frc
rr9,s,18d3
rra,h,wiu
rre,h,13zk
rrf,h,1avt
rrg,h,k82
rrh,h,r1s
rri,h,df9
rrk,s,1hpl
rrm,h,85d
rrn,h,5bg
rrq,h,cvw
rrs,h,192o
rrt,h,16br
rrw,h,9gh
rrx,h,1a73
rrx,m,uge
rry,h,bmr
rrz,h,14nb
rs0,h,70u
rs1,h,r7w
rs2,h,v10
rs3,h,1db7
rs4,m,sim
rs5,m,rs4
rs5,m,rs7
rs8,h,1gi7
rs9,h,1ifv
rsa,h,fkh
rsp,s,d1m
rsq,h,1gdj
rsr,h,he8
rss,s,7l2
rst,h,kod
rsu,h,1bd1
rsv,h,de6
rsy,h,vz
rsz,m,1f50
rsz,m,i2k
rsz,m,9o6
rt1,h,rt9
rt2,m,ovb
rt2,m,sqo
rt2,m,oo5
rt3,m,1kx1
rt3,m,leq
rt3,m,18az
rt3,m,xrf
rt3,m,zsx
rt3,m,1g59
rt3,m,xre
rt3,m,1fv2
rt3,m,xrd
rt3,m,sql
rt3,m,lep
rt3,m,rt9
rt5,h,ssn
rt6,h,sso
rt9,h,34m
rta,h,1lt
rtb,h,2n2
rtc,h,8pz
rtd,h,e5t
rte,h,11jy
rte,m,11jz
rtg,h,7tl
rti,h,1izm
rti,m,tob
rti,m,xdb
rtk,h,xds
rtl,h,xz
rtm,h,14nw
rtn,h,iwk
rto,h,1l1e
rtp,s,7l2
rtr,h,1a64
rts,m,rtr
rtw,h,11k5
rtx,h,8ha
rtz,h,1e8c
ru0,h,e9j
ru1,h,xy
ru2,s,1htf
ru3,s,13gy
ru5,m,rrv
ru5,m,497
ru5,m,ru8
ru8,h,qgk
ru9,h,qgl
rub,h,1bry
ruc,h,65p
rud,h,jjb
rul,h,1ggp
rum,h,1168
rup,h,12f4
ruq,h,dok
rur,s,1742
rus,s,fvf
ruu,h,i0a
ruv,h,1jop
ruw,h,1grj
ruy,h,84i
ruz,h,enw
rv0,h,1esp
rv5,h,kod
rv6,h,gra
rv8,h,1bej
rvb,h,bmr
rvc,h,1dim
rvd,h,ai3
rvh,h,36m
rvk,h,17g1
rvl,h,b34
rvq,h,wob
rvr,h,xak
rvs,h,15dx
rvt,h,1jwu
rvu,h,xdt
rvv,h,14nb
rvx,h,rpy
rvy,s,149k
rvz,h,vs1
rw3,s,1jsq
rw5,h,19z5
rw6,h,slu
rw7,h,dma
rw8,m,1l16
rw8,m,7sl
rw9,h,1dqz
rwa,h,fx7
rwb,h,abq
rwc,s,p9c
rwd,h,16bx
rwg,h,19e
rwh,h,ffq
rwi,h,tt2
rwk,h,17tv
rwl,h,kkw
rwm,h,10sf
rwn,s,17uz
rwo,h,ffb
rwp,h,1fib
rwq,h,11k5
rwr,h,rwu
rws,h,11k5
rwt,h,w28
rwu,h,st
rwu,m,lx0
rwv,h,uz6
rww,h,oav
rwx,h,rwq
rwy,h,n3i
rx0,m,s2n
rx0,m,rwq
rx2,h,1kib
rx4,h,182r
rx7,h,ews
rx9,h,doi
rxa,s,1dy1
rxb,h,vj4
rxc,h,19oq
rxd,h,139c
rxe,h,1jjx
rxf,h,1d7y
rxh,h,xmz
rxi,h,1kib
rxj,h,tba
rxk,s,1hzw
rxl,h,plg
rxm,h,1fcm
rxp,h,d1g
rxr,h,1bkn
rxs,h,uz3
rxt,s,16yw
rxv,h,w3w
rxx,h,8d7
rxy,h,13eh
rxz,h,cf4
ry0,h,yil
ry1,h,xe4
ry3,h,doi
ry4,h,2e5
ry5,s,925
ry6,h,y6n
ry8,h,doi
rya,h,guw
ryb,h,1km1
ryc,h,13vw
ryd,h,guv
rye,h,1kkw
ryf,h,1kkw
ryh,h,1hrz
ryi,h,2k1
ryk,h,999
ryl,h,1kl0
rym,h,fv6
ryo,h,p0d
ryp,h,zit
ryq,h,v7v
ryt,h,lga
ryu,h,llv
ryw,h,1grj
rz0,h,22t
rz1,h,u8e
rz2,h,17ts
rz3,h,yv1
rz4,h,14a2
rz5,h,17ut
rz7,h,19pb
rz8,h,jey
rzj,h,bk6
rzl,h,bk6
rzm,s,vf3
rzn,h,vyj
rzo,h,1kjy
rzp,h,1kjx
rzr,s,bja
rzr,s,b9a
rzr,s,c9a
rzr,s,9xy
rzt,h,1c43
rzu,h,s5m
rzv,h,9rh
rzw,s,19r9
rzx,s,xhl
rzy,h,k4l
rzz,h,1duw
s00,h,jey
s01,h,19dv
s02,s,313
s03,h,12as
s06,h,ibf
s07,h,4qj
s08,h,1kgc
s09,h,11nn
s0a,h,azc
s0b,h,in
s0c,h,au8
s0e,h,30w
s0i,h,llv
s0i,h,mks
s0j,h,10ul
s0k,h,1ku6
s0l,h,5vk
s0m,h,xdt
s0n,h,fvg
s0o,s,14e
s0p,s,14d
s0r,h,1hrz
s12,h,xu3
s13,h,dlm
s18,m,1ry
s18,m,1ad
s18,m,s1a
s1a,h,34m
s1b,m,jxa
s1i,h,pnd
s1j,h,1a40
s1k,h,uyq
s1l,h,14nb
s1m,h,1kq8
s1n,h,ys0
s1o,h,yrq
s1p,m,i6k
s1r,h,11gt
s1s,h,66w
s1t,h,3um
s1u,h,iwk
s1w,h,13wv
s1x,h,1kqf
s20,h,1gg5
s20,m,1cby
s21,h,1d9d
s22,h,bt1
s26,h,jjb
s27,h,hls
s2a,s,103d
s2a,s,4sz
s2b,s,wmv
s2b,s,1i8q
s2b,s,lhk
s2d,s,hbh
s2d,s,lvr
s2d,s,lvp
s2d,s,h3s
s2e,h,gk0
s2f,h,1762
s2g,h,bx7
s2h,h,8qf
s2i,h,259
s2m,h,anb
s2n,h,16bs
s2o,h,x26
s2q,h,g88
s2r,h,117a
s2s,h,1j0y
s2v,h,1bp8
s2w,h,z8s
s2w,h,ps
s2x,h,e0l
s2y,h,e0k
s30,h,132u
s31,h,zjb
s32,h,ii
s34,h,e1a
s35,h,1g8v
s36,h,dth
s37,h,s33
s3b,s,tdn
s3e,h,qm
s3f,h,1ebf
s3g,s,14aj
s3i,h,1kff
s3l,h,1c3i
s3m,h,6c5
s3o,h,1cqf
s3p,h,1399
s3q,h,pnd
s3r,h,15l3
s3s,h,11fj
s3t,h,997
s3u,h,le3
s3v,h,v3u
s3w,h,1fib
s3x,h,12pk
s3y,h,11fm
s3z,h,1gli
s40,h,v5e
s41,m,1jiq
s41,m,7h9
s44,h,1iti
s45,h,kp9
s46,h,ht1
s47,h,dcd
s48,h,u0f
s49,s,18b0
s49,s,umo
s4a,s,19n3
s4b,h,uty
s4c,h,96o
s4d,h,1a64
s4d,m,s4e
s4e,h,gnx
s4f,h,n96
s4h,h,rzt
s4i,h,jm0
s4j,h,15sk
s4k,h,oh5
s4n,h,1iso
s4o,h,1bla
s4p,h,df9
s4r,h,7n5
s4s,h,4pe
s4t,h,37a
s4u,h,q9m
s4v,h,1gcc
s4w,h,epj
s4x,h,1450
s4y,h,xdt
s4z,h,36n
s50,h,1jrz
s51,h,hxj
s52,h,xdt
s54,h,y3h
s55,h,ls6
s56,h,11k5
s57,h,3e6
s58,h,ckz
s59,h,bkm
s5a,h,rpy
s5b,h,ghb
s5d,h,1ket
s5d,h,s59
s5f,h,12bw
s5g,h,j9
s5h,h,1cid
s5i,h,4wy
s5j,h,jye
s5k,h,1fzp
s5l,h,1hw7
s5m,h,bkm
s5n,h,rzq
s5o,h,nne
s5p,h,cwt
s5q,m,789
s5r,m,1dpt
s5t,h,1a64
s5t,m,18cl
s5w,h,kod
s5x,h,u7f
s5y,h,kts
s5z,s,1kji
s60,s,s61
s61,s,s60
s61,s,wkw
s61,s,1kxt
s62,h,1igr
s63,h,ui2
s64,h,11k5
s65,h,1bgw
s66,s,r59
s67,s,1kxh
s68,h,1es3
s69,h,dj9
s6a,m,s69
s6b,h,5zm
s6b,m,uk6
s6c,h,14az
s6e,h,es6
s6f,h,1gnv
s6g,h,1gg8
s6h,h,1ktj
s6j,s,19qy
s6n,s,tdn
s6r,h,fva
s6s,s,1f33
s6t,h,11qw
s6v,h,it9
s6w,h,10ij
s6x,h,60z
s6x,m,s6w
s6y,h,axs
s6z,s,16wo
s6z,s,178l
s6z,s,blk
s6z,s,k54
s73,h,178k
s74,h,s32
s75,h,s2w
s76,h,s6r
s77,s,in6
s79,h,9ui
s7a,h,itk
s7b,h,1j4c
s7c,s,in4
s7d,s,ihg
s7e,h,bfe
s7f,h,1if4
s7g,h,pz
s7j,h,bgc
s7l,h,ifo
s7m,m,eia
s7o,s,148k
s7r,h,11k5
s7s,h,14nw
s7t,s,a8t
s7u,h,1293
s7v,h,132r
s7w,m,1kr8
s7x,h,tjc
s7y,h,sd2
s81,h,1f9i
s82,h,fkh
s86,h,zv
s89,s,1i4w
s8b,h,hm6
s8c,h,1csp
s8g,h,d2a
s8h,h,7js
s8i,h,kvc
s8j,h,12gl
s8k,s,925
s8n,h,1a64
s8p,h,4bv
s8r,h,juj
s8s,h,1214
s8u,h,1j40
s8w,h,gf1
s92,h,vfx
s96,h,1qp
s97,m,1fza
s97,m,s98
s97,m,2vf
s97,m,184g
s97,m,2p
s97,m,t6s
s97,m,16kw
s97,m,1k78
s97,m,nwr
s9c,h,wiu
s9f,h,tjc
s9h,h,192o
s9i,h,1aha
s9j,h,1hwy
s9l,h,17wm
s9o,h,esd
s9q,h,bpp
s9r,h,14up
s9v,h,qdh
s9w,h,dpo
s9y,h,1k4a
s9z,h,xxw
sa0,h,1csr
sa7,h,c3d
sa9,h,1kiy
saa,h,1cf
sab,h,7y8
sac,h,5zn
sad,h,1gz8
sae,h,1gz9
saf,m,1jr
sai,h,1kbv
saj,h,10ru
san,h,fkh
sao,h,13zk
sap,h,898
saq,h,4qj
sas,h,4qj
sat,h,fcr
sau,s,19ro
saw,h,1d8p
say,h,nv8
saz,h,nv8
sb0,h,15sg
sb1,h,u8z
sb2,h,1ckz
sb3,h,146u
sb4,h,n3x
sb5,h,1cyi
sb6,h,nv8
sb7,h,nv8
sb8,h,bf6
sb9,h,7e
sba,h,16na
sbc,h,e6w
sbd,h,bgd
sbe,h,yzp
sbf,h,1c06
sbh,h,4gl
sbn,h,18jp
sbp,h,19vt
sbt,s,n1d
sbu,h,o9q
sbv,h,ofi
sbv,m,sbu
sbw,h,gvd
sc0,h,zwk
sc0,h,19vg
sc1,h,19vi
sc3,h,1gqe
sc4,m,7ze
sc8,h,1qp
sc9,m,10bn
sc9,m,tlq
sc9,m,l3q
sc9,m,d91
sc9,m,1ezm
sc9,m,ug5
sca,h,1gi7
scb,m,wy8
scb,m,xry
scb,m,scd
scd,h,10m
scf,h,805
scf,m,5d9
sch,s,13kx
sck,h,qmc
scl,h,qmc
scm,h,3be
scn,h,1ge4
scq,h,18jz
scs,h,1h5a
sct,h,1duw
scu,h,m4g
scw,h,mq3
scx,h,bt4
scy,h,pdk
scy,h,le6
sd0,h,19gv
sd1,h,j7o
sd5,h,1e8c
sd7,h,1367
sda,h,op3
sdb,h,ews
sdb,m,19qf
sdb,m,5je
sdc,h,itl
sdd,h,126j
sdf,h,sgp
sdi,h,1bo2
sdj,h,u15
sdk,h,u15
sdm,h,tkj
sdn,h,1duw
sdo,h,1ip1
sdp,h,nqx
sdq,h,nqw
sds,h,ews
sds,m,jd
sds,m,sdm
sdt,h,oos
sdu,h,xmc
sdw,s,1fwd
sdx,h,op0
se1,h,kod
se3,h,1dev
se4,h,plc
se5,h,19jk
se6,h,nq
se8,h,1d89
se9,h,j2h
sea,h,j2h
seb,s,9of
sed,h,16bs
see,h,1kbn
sef,h,17so
seg,h,g3g
seh,h,132u
sel,h,1j1k
sen,h,7tb
seu,h,vqo
sev,h,73g
sex,h,9fv
sey,h,awi
sez,h,vt7
sf0,h,4bv
sf1,h,5vj
sf2,h,1ct0
sf3,h,xak
sf4,h,1436
sf6,h,olj
sf7,h,doi
sf8,h,1jgb
sf9,h,18qj
sfa,h,6de
sfb,h,1ed
sfc,h,1ee
sfd,h,6s1
sfe,h,kpx
sff,h,4xa
sfg,h,1ci8
sfh,h,tay
sfi,h,mh2
sfj,h,1esp
sfl,h,9fw
sfm,h,197n
sfn,h,cvw
sfn,h,844
sfo,h,848
sfp,m,y5w
sfp,m,118h
sfp,m,sx
sfu,h,rwq
sfw,h,esq
sfy,h,1j0l
sfz,h,4pe
sg0,h,pbm
sg1,h,106o
sg2,h,olh
sg3,h,olh
sg7,h,iow
sg8,h,1e5r
sg9,h,esh
sga,s,h55
sgb,h,12jd
sgc,h,11k5
sgd,h,f4k
sge,h,g3c
sgg,h,jfo
sgh,h,1f27
sgi,h,y7h
sgj,s,p9c
sgl,h,lio
sgo,m,1kkl
sgp,m,o4b
sgq,h,15dx
sgq,m,odm
sgr,m,o4f
sgs,h,15dx
sgt,m,1a2m
sgv,m,1jc2
sgw,m,1jr0
sgx,h,1ap4
sgy,h,znk
sh0,h,11gc
sh1,h,17dx
sh2,h,169s
sh3,m,1gko
sh3,m,9y1
sh3,m,169s
sh5,h,i0h
sh6,s,m09
sh6,s,53b
sh6,s,shb
sh6,s,53a
sh6,s,960
sh7,h,8lo
sh8,s,p1b
sh9,s,kuz
sha,h,13je
shb,s,sh6
shd,h,pnw
she,h,l9b
shf,h,pny
shh,s,539
shi,h,mka
shj,h,j9
shk,s,169g
shl,h,vsj
shm,h,8mh
shn,h,11va
sho,h,15hp
shr,s,xee
shs,h,ews
sht,h,1bni
shu,h,17ca
shv,h,hl7
shz,h,9ab
si1,h,9dk
si3,h,yaj
si4,h,644
si5,h,1bvu
si6,h,chp
si7,h,g3g
si8,h,wyx
si9,h,1er0
si9,m,11un
sia,h,n3b
sic,h,1k5s
sic,m,sib
sid,h,rpt
sif,h,1jk8
sig,s,yhe
sih,h,pyk
sii,h,pyk
sij,h,15bb
sin,h,1kiy
sio,h,1gi7
sip,h,kmv
siq,h,11k5
sir,h,plc
sis,h,f4k
siu,s,3l
siv,h,n8y
siw,h,1gi7
siz,h,169i
sj0,h,169s
sj1,h,169s
sj4,h,1ass
sj5,m,3d0
sj8,h,odd
sja,h,1gz8
sjb,h,1gz9
sjd,h,9qb
sjf,h,6li
sjg,h,1gxw
sjh,h,ghb
sjj,m,nmy
sjk,h,esd
sjl,h,1g2w
sjm,h,c1o
sjn,h,7wt
sjo,h,1g2w
sjp,h,1g33
sjq,h,uh1
sjt,h,4bv
sju,h,8f4
sjv,h,lw7
sjx,h,i5a
sjy,h,3zj
sjz,h,17jj
sk2,h,sjz
sk4,h,99g
sk5,h,99g
sk6,h,12gl
sk7,h,nvt
sk8,h,q9r
sk9,h,z2y
ska,h,mc8
skb,h,kky
skd,h,2zv
skf,h,m9b
skg,s,12g5
skh,h,n8m
skl,h,15f6
sko,h,oz1
skp,h,hxm
skr,h,1fri
skv,h,v68
skw,h,2mi
sl0,h,1bew
sl1,h,1guv
sl2,h,1kp5
sl3,h,7gb
sl4,s,1frc
sl5,h,8sx
sl6,h,v72
sl7,m,10z1
sla,h,1a10
slb,h,xak
slc,h,16rf
sld,h,11k5
sle,h,5z1
slf,h,4zf
slg,h,179m
slh,h,10qs
sli,h,30v
slj,m,ndp
slj,m,12op
slj,m,5nc
slk,h,1jtk
slk,m,12oj
sll,h,qra
sln,h,9dk
slo,h,hw2
slp,h,slm
slq,h,slm
slr,h,slm
sls,h,yhb
slt,h,1h12
slu,h,j2h
slw,h,y2o
sly,h,rzl
sm1,h,nki
sm2,h,aao
sm3,h,13zj
sm4,h,nko
sm5,h,e3i
sm7,s,1d8k
sm8,h,1bkn
sm9,h,cxs
sma,h,5vk
smb,h,woc
smc,h,5vj
smd,h,1d63
sme,h,15c2
smf,h,awi
smg,h,4sb
smh,h,1aw7
smi,s,17rv
smj,h,5vj
smk,s,ane
sml,s,1hgj
smn,h,11k5
smo,h,ews
smp,h,c4k
smq,h,5vj
smr,h,oic
sms,h,78w
smt,h,jf3
smu,h,1kiy
smv,h,fu6
smw,h,189f
smy,h,1fm7
smz,h,mt1
sn0,h,ooz
sn1,s,1fmf
sn2,s,1ek3
sn3,h,1k2n
sn4,h,sng
sn9,h,isr
snb,h,15qt
snc,h,fu0
snd,h,16d9
snf,h,11k5
snh,s,qny
sni,s,h5v
snj,h,1a56
snk,h,bt4
snl,h,1kff
snm,s,qny
snn,s,1490
snn,s,8qg
snn,s,pm6
snn,s,teb
snr,h,13lm
sns,h,1a13
snt,h,126k
snu,h,11o7
snv,h,1jpj
sny,m,1jpj
so1,h,uz8
so2,h,d2a
so2,m,so3
so4,h,mwj
so5,h,jal
so9,h,17wm
sob,h,19vt
soc,h,4bv
sod,h,26r
soe,h,sie
sog,h,smr
soh,m,1dw8
soj,m,yp5
sol,h,34m
som,h,1lt
soo,m,ng5
soo,m,ng6
soq,h,yxh
sor,s,a19
sos,s,143d
sou,h,gf1
soy,h,6f7
soz,h,1j40
sp0,h,118m
sp3,h,m2v
sp6,h,4lv
sp8,h,dlq
spe,h,9c7
spf,h,oj9
spg,m,skn
spi,h,28w
spj,h,1j4e
spl,h,gf1
spp,h,u06
spq,h,9vu
spq,m,spr
spr,h,9vt
sps,h,1c1u
spt,h,10ui
spu,h,idb
spu,h,34m
spw,h,rh3
spx,m,spu
spy,h,17rs
sq2,m,35r
sq4,m,sq3
sq4,m,sq7
sq7,h,34m
sq9,h,6rq
sqg,h,wiu
sqh,m,14ox
sqj,h,67z
sqk,h,d9o
sqn,m,5iw
sqo,m,xre
sqo,m,leq
sqq,h,g6l
sqr,h,tjc
sqt,h,7u3
squ,h,1km1
sqw,h,zbu
sqx,h,zbu
sqy,h,epq
sqz,h,1g6y
sr0,h,154u
sr1,h,vdc
sr2,h,eqv
sr3,h,fu0
sr4,h,fu0
sr8,h,bo9
sr9,m,uxy
sr9,m,w19
sr9,m,vxk
sr9,m,17le
sr9,m,y5n
sr9,m,1f5s
sr9,m,z5e
sr9,m,1a2
sr9,m,1fkb
sr9,m,t5t
sr9,m,1cbb
sr9,m,18wz
sr9,m,11gf
sr9,m,14an
sr9,m,sw2
sr9,m,11s
sra,s,15hy
srb,s,1hbx
src,h,bo9
srf,h,9zd
srf,m,13zx
srg,h,1kkw
srh,h,1kl0
sri,h,1hkj
srj,m,1hw5
srk,s,3tg
srl,h,1kly
srn,h,12s6
srr,s,b41
srs,h,zv2
sru,h,c5f
srv,h,j2h
srw,h,1juh
srx,h,1fm7
sry,h,nki
ss0,s,111p
ss1,h,1kly
ss2,s,17my
ss3,s,qrb
ss4,h,1esd
ss5,h,pbl
ss6,h,1koa
ss7,h,1esc
ss9,h,y8r
ssa,h,1kkx
ssc,h,u0p
ssd,h,y2c
sse,s,pn1
ssg,h,19hl
ssh,s,ykv
ssi,s,gqs
ssj,s,gqt
ssk,h,mwk
ssm,h,n8y
ssn,h,aem
sso,h,e3g
ssr,h,60s
sst,h,1c3
ssw,h,ibk
ssw,h,185n
ssx,h,1fon
ssy,h,60s
st1,h,fdl
st2,m,tjo
st3,h,lqu
st5,s,jb5
st6,s,16ut
st7,h,1cd4
st7,m,17up
st8,h,ead
st9,h,6np
sta,s,lf4
stb,s,7at
std,h,1izm
std,m,nko
ste,h,14nw
stf,h,16ed
stg,h,1kib
sti,h,4w8
stj,h,c1o
stk,h,1enr
stl,s,1606
stm,h,1e3k
stn,h,1fsa
sto,h,zml
sts,h,ko2
stt,h,ke4
stu,h,ckb
stv,h,1kp3
stw,h,4vy
stx,h,qzp
sty,h,m64
stz,h,1297
su0,h,sub
su1,m,14d2
su4,s,13wf
su5,s,16ad
su6,s,2yf
su7,s,pow
su8,h,ncj
su9,h,sxx
sua,h,xij
sua,m,t7o
sub,h,61a
sub,m,qs1
sub,m,kg4
suc,h,11zo
sud,h,11zo
sui,h,1k55
sup,h,m1b
suq,h,1a1u
sut,h,13oz
suu,m,1ky
suu,m,n5b
suv,h,747
sux,h,kod
suy,h,1f9f
suz,h,wyz
sv0,h,mxe
sv1,h,mll
sv1,m,sv0
sv4,h,1j1y
sv5,h,qsm
sv6,h,vs1
sv7,h,m9b
sv8,h,tjc
svc,h,sv2
svd,h,li9
sve,h,j2h
svf,h,vyq
svg,h,12dh
svj,h,e6p
svk,h,b33
svm,h,iwc
svm,h,kh
svp,s,1bjj
svq,h,12do
svr,s,1d2a
svs,m,sbo
svt,h,19ui
svt,h,svy
svt,m,t7e
svu,h,13vq
svv,h,ka9
svw,h,ckb
svx,h,a3z
svy,h,1d96
sw0,h,32
sw1,h,qmc
sw2,m,o9x
sw4,m,12zw
sw6,h,liv
sw6,m,f50
sw6,m,4ie
sw6,m,swc
sw7,h,kii
sw8,h,tr9
sw9,h,1klm
swa,h,1349
swc,h,19nl
swe,h,1iw5
swf,s,nf8
swh,m,swm
swi,h,17py
swi,h,gvy
swi,m,swl
swn,h,1gg6
swo,h,11yp
swp,h,zh1
sws,s,1af9
swt,h,8ow
swu,h,14s6
swx,h,15jj
swy,h,yzp
swz,h,yzp
sx1,h,2z3
sx2,h,2z3
sx3,h,6un
sx4,h,edq
sx5,h,2z3
sx6,h,1evl
sx8,h,8bn
sxb,h,1bo8
sxc,h,18zd
sxd,h,1aan
sxe,h,ui9
sxf,h,cfc
sxg,h,107p
sxh,h,143j
sxi,h,12e0
sxj,h,1d96
sxk,h,2z1
sxl,h,2z1
sxm,h,sxp
sxo,s,qrv
sxp,h,sxx
sxq,h,qpb
sxr,h,ytl
sxs,h,132r
sxt,h,s5o
sxu,h,15zn
sxv,h,1d99
sxw,h,swz
sxx,h,oot
sxy,h,18l9
sxz,h,10dd
sy0,h,lzz
sy1,h,12p3
sy2,h,e3g
sy3,h,lre
sy4,h,2re
sy5,s,q12
sy6,h,lrj
sy7,h,lrb
sy8,h,10d9
sy9,h,b4x
sya,h,1j2h
syb,h,1auf
syd,h,1jsb
sye,h,10zo
syh,h,1hwy
syj,h,azh
syk,h,j4x
syk,m,1ja3
syk,m,tls
sym,h,exk
syn,h,gzl
syo,h,2f1
syp,h,q2v
syt,s,ubb
syu,s,1fc9
syw,h,crl
syz,h,sw5
sz0,h,w63
sz1,h,gaf
sz2,h,c5f
sz3,h,c5f
sz4,h,twt
sz6,h,34m
sz7,h,1ef5
sz9,m,vwu
sz9,m,sz6
szb,h,1fc3
szc,h,1bvu
sze,h,k82
szf,h,u8e
szg,h,ton
szh,h,1bks
szi,h,gjc
szj,h,rzu
szk,h,hrz
szl,h,szm
szm,h,q61
szn,h,g1l
szo,h,sze
szq,h,it9
szr,h,huq
szs,h,kz9
szt,h,li9
szw,h,ifo
szx,h,t00
szy,h,sze
t00,h,1ih7
t01,m,szw
t02,h,1121
t03,h,hqe
t04,h,1avc
t05,h,kuc
t06,s,rjq
t09,h,12jd
t0b,h,1a8j
t0c,h,jmr
t0d,h,1kiy
t0e,h,bj4
t0g,h,c1f
t0h,h,ax4
t0j,s,1tw
t0j,s,zzc
t0j,s,hwc
t0j,s,ar2
t0j,s,us9
t0j,s,urv
t0j,s,ixo
t0j,s,15b8
t0j,s,xca
t0j,s,mqu
t0j,s,hfe
t0j,s,5bs
t0j,s,12kz
t0j,s,cd0
t0j,s,5bq
t0j,s,3c9
t0j,s,mvv
t0j,s,p71
t0j,s,p6o
t0j,s,m6e
t0j,s,e5j
t0j,s,i1d
t0j,s,tp5
t0j,s,x34
t0j,s,vj1
t0j,s,5wb
t0j,s,1jch
t0j,s,1k0m
t0j,s,viz
t0j,s,g8j
t0j,s,6d2
t0j,s,76x
t0j,s,1frm
t0j,s,6w4
t0j,s,80h
t0j,s,p94
t0j,s,1drq
t0k,h,1aln
t0n,s,1aby
t0o,s,b5w
t0s,h,uv7
t0t,h,1alm
t0u,h,m64
t0v,h,xm7
t0w,s,1axf
t0x,h,10w0
t0x,h,xm7
t0z,s,1axf
t10,m,1f5p
t12,m,t0e
t14,h,ee6
t15,m,5kw
t15,m,w97
t15,m,t4y
t16,h,239
t18,s,prs
t19,h,9c5
t1b,h,32
t1c,h,qmc
t1e,h,z3z
t1f,m,me6
t1f,m,32e
t1g,h,10xe
t1h,h,10xf
t1j,h,1830
t1l,s,19n3
t1p,h,2yi
t1r,h,1e4y
t1s,h,1fm7
t1t,h,gku
t1u,h,17ka
t1u,h,jf3
t1v,s,1j55
t1x,h,m80
t1z,h,17ka
t1z,m,yno
t20,h,m42
t21,s,19bf
t21,s,1h7k
t21,s,1drk
t22,h,15bb
t23,h,kh
t24,h,1jwr
t29,s,10x8
t2a,s,1hzg
t2b,s,gvi
t2c,s,ogn
t2d,s,1knn
t2e,h,vrt
t2h,s,1cay
t2j,h,11hw
t2l,h,u7n
t2m,h,8k9
t2n,h,jey
t2o,h,sdb
t2p,s,1359
t2p,s,ui
t2q,s,ya9
t2q,s,wuu
t2r,s,ue
t2r,s,1en7
t2u,s,10x8
t2v,s,duo
t2w,h,2z2
t2y,s,177k
t2z,h,136x
t30,h,1fp8
t31,s,136w
t32,s,q2o
t33,h,p28
t35,s,1dhx
t36,s,1a8e
t37,s,fst
t38,h,10v9
t3a,h,u75
t3e,h,1bch
t3f,m,4gf
t3g,h,ybd
t3h,s,jeg
t3i,h,j0z
t3k,h,1arh
t3l,h,19qz
t3l,m,8bp
t3l,m,nlh
t3l,m,nlg
t3l,m,9po
t3m,h,1kly
t3n,h,kll
t3o,h,kln
t3p,h,lcf
t3v,h,rob
t3w,h,qpb
t3x,h,11k5
t3y,h,1qq
t40,h,9zs
t44,h,tn5
t45,h,twq
t46,h,18px
t48,h,tmg
t4a,h,14e0
t4e,h,147t
t4g,h,1918
t4h,h,2yj
t4i,h,l30
t4i,m,t3k
t4j,m,177i
t4j,m,u55
t4j,m,t4l
t4l,h,ifo
t4m,h,47w
t4n,h,13ax
t4o,h,zj9
t4p,h,azp
t4q,s,b4s
t4s,h,1ikw
t4w,h,11k5
t4x,s,nnj
t4y,h,n8m
t50,h,kh
t51,h,xbc
t52,h,1436
t53,h,t54
t54,h,xds
t55,h,1b22
t56,h,2vr
t57,h,1450
t58,h,1450
t59,h,12e0
t5a,h,91y
t5b,h,t5e
t5c,h,1jmh
t5d,h,ls6
t5e,h,1km1
t5f,m,t5i
t5f,m,11jk
t5f,m,t5o
t5f,m,9sb
t5f,m,54a
t5g,h,ov6
t5h,s,ov1
t5k,h,1kox
t5m,h,1gi7
t5o,m,1gsf
t5r,h,rkm
t5s,h,1193
t5t,m,t5v
t5u,h,khw
t5v,h,1a64
t5w,h,14lz
t5x,s,9of
t5z,h,4k0
t60,s,lyx
t61,s,174z
t62,h,br4
t64,h,isn
t65,s,t6b
t66,h,anb
t66,m,t67
t67,h,tdt
t68,h,b8r
t69,h,b8r
t6b,s,t65
t6c,s,165t
t6d,s,tdn
t6e,h,14te
t6f,h,t8s
t6g,s,1hyx
t6h,h,pp9
t6i,h,e6w
t6j,h,jsq
t6k,h,6g8
t6k,m,6fy
t6k,m,rpn
t6l,m,5nc
t6t,h,9c7
t6u,h,13u9
t6w,h,13x2
t6y,s,tvr
t6y,s,kgm
t6y,s,udh
t6y,s,glk
t6z,s,y3o
t70,s,1hgq
t71,s,8m6
t72,h,14kw
t74,h,y3n
t75,h,bc2
t77,s,ym5
t78,h,14nw
t79,h,zp8
t7a,h,t78
t7b,h,tl8
t7c,h,uya
t7d,h,esi
t7e,h,31c
t7f,h,164d
t7g,h,o9s
t7h,h,1d99
t7i,h,19qt
t7j,s,1d2a
t7k,h,sjv
t7m,h,10uh
t7n,h,esq
t7o,h,ayp
t7p,h,aac
t7q,h,eql
t7r,h,zn8
t7s,h,p1f
t7w,h,16ra
t7x,s,1axe
t7y,h,pna
t7z,m,1kth
t80,h,xxy
t81,h,16ed
t82,h,1glk
t83,h,16ed
t84,h,uo
t85,h,w63
t86,h,iiv
t87,h,t8t
t88,h,21l
t89,h,192t
t8a,h,18qc
t8b,h,132r
t8d,h,1d78
t8e,h,msr
t8f,h,1gzl
t8h,h,tbe
t8i,h,13cc
t8j,h,qgt
t8l,h,zql
t8m,s,2bt
t8n,s,k5u
t8o,s,1boa
t8q,s,o36
t8r,s,h81
t8s,h,11k5
t8t,h,kh
t8u,h,60z
t8v,h,1ckm
t8w,h,2r
t8x,s,fc3
t8x,s,n7l
t8y,s,uxj
t8z,s,1dsq
t90,m,1iu8
t90,m,u6k
t91,h,19ug
t92,h,192w
t93,h,1gzx
t94,h,n3y
t95,s,t9a
t97,s,e9a
t98,h,t90
t99,s,t9a
t9a,s,kna
t9a,s,t95
t9a,s,t99
t9a,s,kn8
t9a,s,6fp
t9b,h,39d
t9c,h,1hw9
t9d,m,wdz
t9e,h,1hx5
t9f,h,ooz
t9h,h,wbp
t9i,h,fge
t9j,h,1ids
t9k,h,6ok
t9l,h,rnw
t9n,h,qnn
t9o,h,bc2
t9p,s,1fmu
t9q,s,op7
t9q,s,zg9
t9q,s,gjs
t9q,s,gd7
t9r,s,q8s
t9s,s,uij
t9u,s,qzh
t9v,s,1i42
t9w,h,51p
t9x,h,14nw
t9y,h,1gtn
t9z,h,t9w
ta1,h,1fi6
ta2,h,q6f
ta3,h,ii
ta5,h,s4x
ta6,h,1gca
ta7,h,fsv
ta8,h,1e5o
ta9,h,ucg
taa,h,13yl
tac,h,s4y
tad,h,13yn
taj,h,11k5
tam,h,143j
tan,h,bv4
tao,h,1fon
tap,h,m8h
taq,h,m40
tar,h,ibg
tas,h,1eya
tas,h,oot
tat,h,16so
tav,h,vnl
tax,h,189f
taz,h,kfl
tb1,h,j2h
tb3,h,rpt
tb4,h,n4b
tb5,h,1a64
tb6,h,1kkx
tb8,h,11id
tbb,h,uy9
tbc,h,162c
tbd,h,1kwa
tbe,h,13vr
tbf,h,91v
tbg,h,nvb
tbi,h,tbf
tbj,h,1dim
tbk,h,pyb
tbn,h,34m
tbo,m,11vy
tbp,m,1dw7
tbp,m,18gq
tbp,m,1emx
tbp,m,4p5
tbp,m,tbn
tbq,h,to3
tbr,s,19n3
tbs,h,19mx
tbt,h,19mv
tbu,h,1jpj
tbv,h,hny
tbw,h,1cf2
tbx,h,oqf
tbx,h,a4l
tby,h,h67
tbz,h,nk
tc0,h,15mn
tc1,h,1eru
tc2,h,1erq
tc3,h,1brt
tc4,h,132u
tc7,h,176f
tc8,h,15sf
tc8,m,da
tch,h,1a8i
tci,h,24w
tcj,h,kod
tcl,m,tcm
tcm,h,1iso
tcn,h,iwb
tco,h,ucf
tcp,s,v16
tcq,s,19n3
tcr,s,fvf
tcs,h,194j
tct,s,gc3
tcu,h,fc5
tcw,h,gim
tcx,h,126y
tcy,h,11k5
tcz,s,tdc
tcz,s,y0f
tcz,s,130s
td0,s,tdb
td0,s,tmi
td0,s,td9
td1,h,132r
td2,h,j4c
td3,h,njh
td4,h,1gzk
td7,h,1g6f
td8,h,132x
td9,s,td0
tda,h,12s2
tdb,s,td0
tdc,s,tcz
tdd,h,16cr
tdf,h,kp4
tdg,h,tu7
tdg,m,kpi
tdg,m,jrv
tdg,m,1fkx
tdg,m,19xh
tdg,m,1fc3
tdg,m,sl7
tdg,m,d3s
tdg,m,24e
tdg,m,19qe
tdh,h,tu7
tdi,h,1dv4
tdj,h,deu
tdk,m,kpo
tdk,m,d7g
tdk,m,sl8
tdl,h,fsx
tdm,h,tdj
tdn,s,s6n
tdn,s,t6d
tdn,s,15ec
tdn,s,1ckp
tdn,s,s3b
tdq,s,1in8
tdr,s,hg4
tds,h,13u9
tdt,h,g0u
tdu,h,1397
tdv,h,13wu
tdw,h,8xh
tdx,h,iwk
tdy,h,bge
tdz,h,t6e
te1,h,11ij
te4,h,hle
te5,h,52j
te6,h,132u
te7,m,te4
tea,h,1cz0
teb,s,snn
tee,h,ls6
tef,s,1ehn
teg,s,1ehn
teh,h,b5t
tei,s,a2t
tei,s,a1i
tek,h,39d
tel,h,wf4
tel,m,ten
tem,h,1j0e
ten,h,1bd1
teo,h,zms
teq,h,mnl
tet,h,ih
tet,m,176d
tev,h,12s5
tev,h,t6f
tew,h,37e
tex,h,t6e
tey,s,1gsc
tey,s,x6v
tez,s,1in8
tf0,s,ib8
tf1,h,s7f
tf2,h,91u
tf5,h,ii
tf7,h,12gl
tf8,h,1cea
tf9,h,a5w
tf9,h,oav
tf9,m,tfa
tfa,h,12nj
tfb,h,1iso
tfc,m,4qx
tfc,m,2ot
tfc,m,u8n
tfc,m,tf9
tfc,m,1gm3
tfg,m,tff
tfj,h,xpk
tfk,h,18bp
tfm,h,k6m
tfo,h,1brz
tfq,h,16ra
tfr,s,pn1
tfs,h,1gxe
tfu,h,144m
tfv,h,mey
tfw,h,nyq
tfx,h,17g1
tg0,h,19cw
tg1,h,9vt
tg2,h,9vu
tg2,m,tg1
tg3,h,16cc
tg4,h,31c
tg5,h,ld2
tg6,h,za6
tg7,h,mt1
tg8,s,1blf
tg9,m,8sy
tga,h,13pm
tgd,h,91u
tge,h,m8h
tgf,h,4pe
tgh,h,rej
tgi,h,fpr
tgj,h,f7y
tgk,h,ixs
tgl,h,192w
tgm,h,q9r
tgn,h,n3u
tgp,h,gtv
tgr,s,3u3
tgr,s,uc2
tgr,s,txe
tgs,h,w2e
tgt,h,1fv8
tgv,s,a4c
tgx,h,azu
th1,h,92k
th2,h,zoc
th2,m,th4
th5,h,1d99
th6,h,18zi
th8,h,1cwa
th9,h,tfb
tha,h,tfa
thb,h,tf9
thb,m,tha
thb,m,th9
the,s,1axf
thf,h,11k5
thg,m,166q
tho,m,8ss
thr,h,li9
ths,h,5bg
tht,h,ls6
thw,h,1a85
thx,h,zwn
thz,h,w9t
ti0,m,m1n
ti0,m,unw
ti0,m,yy1
ti0,m,yho
ti0,m,14pc
ti0,m,ti2
ti0,m,1bw5
ti0,m,8lu
ti0,m,1g1l
ti1,h,hyl
ti2,h,qum
ti3,s,17mx
ti4,m,5xd
ti5,h,hfu
ti9,h,jom
tia,h,1bzq
tic,m,npp
tie,h,otm
tif,h,mwk
tig,s,otl
tih,h,otn
tii,h,1104
tij,m,1bk0
tin,s,ql4
tio,s,jr0
tip,s,wrw
tir,s,1az0
tis,h,sl5
tiu,h,1jk8
tix,h,1eru
tiy,h,18ni
tiz,h,107n
tj0,h,19hm
tj2,h,qgt
tj3,h,tbc
tj5,h,91w
tj6,s,du6
tj6,s,ggx
tj6,s,u1k
tj8,h,1g10
tjb,h,1f62
tjb,h,g0v
tjb,m,135y
tjb,m,twn
tjb,m,nn
tjc,h,944
tjd,h,107n
tjf,h,3so
tjg,h,gy8
tjh,h,13rf
tji,h,1kqb
tjj,h,10da
tjk,h,1ck6
tjl,h,3e6
tjm,h,d8r
tjn,h,i8c
tjo,h,oav
tjq,h,1121
tjs,m,488
tjv,m,dl2
tjv,m,9pj
tjw,h,7w2
tjx,h,5u3
tjz,h,x7c
tk0,m,tk3
tk1,h,5y
tk3,h,xx5
tk4,h,xkz
tk5,h,15of
tk6,h,11yi
tk7,h,hii
tk8,h,1mo
tk9,h,qdz
tka,h,128g
tkb,s,1clh
tkc,s,oym
tkd,s,ihg
tke,h,17l
tkf,h,esh
tkg,h,1ehj
tki,h,1544
tkj,h,4ca
tkj,m,leu
tkk,h,ur2
tkl,h,1gwx
tkn,h,uo
tko,h,reb
tkp,h,1duk
tkq,h,1duw
tkr,h,npp
tks,h,ruw
tkt,h,l4r
tkv,h,qyh
tkw,h,157x
tky,h,11pn
tkz,h,922
tl0,h,17b5
tl1,h,rwq
tl4,h,jlr
tl5,h,lap
tl6,h,94z
tl7,h,blr
tl8,h,955
tl9,s,fd0
tll,h,tyd
tll,h,b2v
tln,h,1kqi
tlo,h,tyl
tls,h,aj8
tlv,h,1f2w
tlx,h,133p
tly,h,1dz6
tlz,h,412
tm0,s,ykt
tm1,s,1dz7
tm2,s,16r3
tm3,h,92k
tm4,h,1j4e
tm5,h,gvy
tm6,h,dzu
tm7,m,5pr
tm8,h,gj9
tm9,h,o7u
tmc,h,e5z
tmd,h,b35
tme,h,e60
tmf,s,13ys
tmf,s,1ba5
tmf,s,y4w
tmg,h,tk
tmh,h,tk
tmi,s,td0
tmj,h,12s2
tml,h,1fv9
tmm,h,lyv
tmn,h,gzo
tmo,h,91u
tmp,h,91v
tms,h,l5g
tmt,s,l59
tmu,h,ck
tmv,h,3h4
tmx,h,527
tmy,m,x2r
tmy,m,tn0
tn0,h,10m
tn1,h,vz
tn2,h,11qp
tn3,h,12s2
tn5,h,l5q
tn6,h,l5q
tn8,h,19mx
tn9,h,11k5
tnc,h,13x2
tnd,h,132u
tne,h,17jj
tnf,h,anb
tng,h,em6
tng,m,1cbi
tng,m,8bm
tnh,h,anb
tni,h,75x
tnj,h,zt2
tnj,h,1iqj
tnk,h,1kqf
tnl,h,18um
tnm,m,532
tnm,m,1goi
tnm,m,tno
tno,h,10m
tnr,h,tdt
tns,h,tn5
tnt,h,tn5
tnu,h,3nr
tnv,h,3ns
tnw,h,16tw
tnx,h,z8s
tny,h,18mw
tnz,s,1hee
to1,h,pt3
to3,h,lhs
to6,h,1g2w
to7,h,1d8a
to8,s,e6b
to9,h,oav
toa,h,7wt
tob,h,1fyy
tob,m,u7n
toe,s,1g01
tog,s,1fzm
toh,s,1d3
toi,m,1e4k
toj,h,u71
tok,h,j9j
tom,h,132r
ton,h,4pg
top,h,4pe
toq,h,wol
tor,h,4pg
tot,h,172t
tov,h,1bh4
tow,h,jqn
toy,s,uij
tp0,h,132u
tp2,h,t6i
tp4,s,ren
tp5,s,t0j
tp6,h,4yc
tp7,h,isp
tp8,h,4yc
tp9,h,1fon
tp9,m,dx5
tp9,m,5ib
tp9,m,121
tpa,h,1fon
tpa,m,10xa
tpb,h,1fon
tpc,h,11k5
tpf,h,xat
tpg,h,tpi
tph,h,krd
tpi,h,kep
tpk,h,13s1
tpl,h,v7k
tpm,h,5tz
tpn,h,krc
tpp,h,3hd
tpq,s,duo
tpr,s,hnc
tps,s,1hae
tpt,s,dup
tpw,s,1h9w
tpx,h,1duz
tpy,h,twt
tpz,h,twt
tq0,s,uba
tq1,h,c09
tq2,h,16m9
tq3,h,87y
tq4,h,177
tq5,h,1jrc
tq6,h,ews
tq7,h,t7e
tq8,h,gk0
tq9,h,1450
tqa,h,xds
tqb,h,xds
tqc,h,1iku
tqd,h,91u
tqe,h,16ed
tqf,h,u0j
tqg,h,f58
tqh,h,7qc
tqi,h,o2l
tqj,h,hqf
tqk,h,18ih
tql,h,16ed
tqm,h,16ed
tqn,h,17b6
tqp,h,3gh
tqq,h,1dim
tqr,h,rzj
tqs,h,5es
tqt,h,48s
tqu,h,1h4w
tqv,h,11u1
tqw,h,944
tqx,h,48n
tqy,h,1fg5
tqz,h,f9w
tr0,s,19cb
tr1,s,7ag
tr1,s,19v
tr1,s,tsw
tr2,s,10et
tr2,s,1394
tr2,s,10xo
tr5,s,kpd
tr6,s,11sh
tr6,s,ul0
tr6,s,kfy
tr6,s,pq2
tr6,s,u4q
tr6,s,kjf
tr6,s,1k4r
tr6,s,3b
tr6,s,5g8
tr6,s,q4j
tr6,s,1dr5
tr6,s,6tw
tr7,s,h0m
trb,h,132s
trc,h,18l3
trd,h,bc2
trf,h,l97
trg,h,pq3
trh,h,qw5
trk,s,f5m
trl,s,udd
tro,s,1fc8
trp,s,qzh
trq,s,qwb
trr,s,laq
trt,s,ykw
tru,s,19pk
trv,h,ts4
trw,m,jv9
trx,h,13su
trz,h,pnw
ts0,s,39
ts0,s,pnx
ts1,h,9ax
ts2,h,1hdg
ts3,h,9az
ts4,h,91v
ts5,h,epi
ts6,h,ews
ts7,h,1ged
ts8,h,jkp
ts9,h,1geg
tsa,h,vco
tsb,h,o56
tsc,h,2hv
tse,s,ret
tsf,s,dq1
tsm,h,1jwl
tsn,h,1inz
tsp,h,k8n
tsq,h,19y9
tss,h,m63
tst,h,13su
tsu,h,6gx
tsv,h,1kph
tsw,s,tr1
tsx,s,1huy
tsy,h,5n0
tt0,s,1kk0
tt1,h,12ul
tt2,h,adf
tt2,h,p85
tt4,h,1kiy
tt6,m,13sj
tt7,s,ttg
tt8,s,1dkx
tta,h,sh7
ttb,h,sh7
tte,h,1951
ttf,h,er6
ttg,s,tt7
tth,h,13t6
tti,s,2nd
tti,s,13t9
tti,s,140w
ttj,s,145w
ttk,s,csl
ttl,h,1aet
ttm,h,11xo
ttn,h,b1e
tto,h,jlr
ttp,h,1a64
ttq,m,tts
ttq,m,365
ttq,m,17vp
ttq,m,1gwh
ttq,m,1iw6
ttq,m,al0
ttq,m,xks
ttq,m,10ps
ttq,m,p1u
ttq,m,1b0j
ttq,m,1i2
ttq,m,i8y
ttq,m,o8n
ttq,m,lai
tts,m,tu3
tu0,h,1744
tu1,h,1423
tu2,s,1742
tu5,h,su0
tu7,h,j0f
tu7,m,j0j
tu7,m,1dbs
tu8,h,6ku
tu9,h,h4n
tua,h,10sf
tub,h,2q5
tue,s,kcb
tuf,s,kcc
tug,s,kcc
tuh,h,3g4
tuj,h,92i
tuo,h,9bb
tup,h,1d99
tuq,h,9vu
tuq,m,tur
tur,h,9vt
tus,h,ckb
tut,h,ld2
tuu,h,sgl
tuv,h,140j
tuw,h,sw5
tuy,h,1iyc
tuz,h,17et
tv0,h,huh
tv1,h,ixs
tv2,h,j0i
tv3,h,6dx
tv6,h,e43
tv7,h,fdm
tv9,h,166l
tva,s,xut
tva,s,wky
tvc,s,14t4
tvd,s,wuc
tve,s,1bsu
tvf,s,k0i
tvh,h,9sy
tvi,s,16sx
tvl,h,1f2h
tvn,m,18xg
tvo,m,mi6
tvp,h,84i
tvq,s,1cdf
tvr,s,t6y
tvs,h,1jgz
tvt,h,13u7
tvv,h,19vd
tvx,s,a2g
tw2,h,yvk
tw3,h,15dy
tw5,m,1fsu
tw6,h,121r
twc,h,qup
twe,h,1gi7
twj,h,kwc
twk,h,vcy
twl,h,kwc
twm,h,19qr
twn,h,1f62
twp,h,wez
twq,h,u7f
twr,h,17cx
twr,m,157c
tws,h,bgd
twt,h,31c
twu,h,vcy
twv,h,w27
tww,h,8bu
twx,h,11la
twy,h,f4f
twz,h,ton
tx0,h,ckb
tx1,h,18qk
tx2,h,jw8
tx3,h,1681
tx4,h,1kpx
tx5,h,m40
tx6,h,1cf7
tx7,h,lxi
tx8,s,110u
tx8,s,vn4
tx8,s,1hum
tx9,s,txc
txb,s,5ct
txc,s,15tv
txc,s,tx9
txc,s,aoc
txd,s,1af9
txe,s,tgr
txf,h,pz
txh,h,vdt
txi,h,kpx
txj,h,3xo
txl,s,69p
txm,s,17mx
txn,h,kpx
txo,h,1dyr
txp,h,132x
txq,h,twj
txq,m,txp
txr,h,j2h
txs,h,10kf
txu,h,kkr
txw,m,7jw
txx,h,z8t
txy,h,twj
txz,h,1jp2
ty1,h,nfh
ty2,h,1e74
ty4,m,ty3
ty5,h,11k0
ty6,h,xdt
ty7,h,1hmg
ty9,h,55p
tya,h,syj
tyc,h,bo9
tyd,h,18oj
tye,h,11k5
tyk,h,18oe
tyl,h,p7w
tym,h,ufl
tyo,h,1478
typ,h,2k0
tyq,h,qzr
tyr,h,tyw
tys,h,jf3
tyu,h,qyp
tyv,h,9sy
tyw,h,bkk
tyx,h,qpv
tyz,h,jf4
tz0,h,3hd
tz5,h,jye
tz8,h,zah
tz9,h,jra
tza,h,j2h
tzb,m,kaz
tze,h,5bg
tze,m,v59
tzf,h,8qm
tzg,h,tze
tzh,s,6m9
tzi,h,16qa
tzj,h,31a
tzl,h,vbr
tzm,h,i0h
tzn,h,vua
tzo,h,us4
tzq,h,1gx2
tzt,h,18bp
tzu,h,1izd
tzx,h,uz8
tzy,h,ed4
u01,s,u07
u02,h,924
u03,h,91u
u05,s,1hsb
u06,h,1cf
u07,s,1jqu
u07,s,kiu
u07,s,u01
u08,h,kir
u09,h,1cjc
u0a,h,kis
u0b,h,bo9
u0c,s,1esi
u0d,s,a2h
u0e,s,xm4
u0h,h,108o
u0i,h,n92
u0j,h,1138
u0k,h,8fs
u0l,h,19kk
u0m,h,1f27
u0n,h,jsk
u0o,h,ilx
u0p,h,1cf
u0q,h,u08
u0r,h,6ze
u0u,m,sq2
u0y,h,j2h
u0z,h,cei
u12,h,1423
u13,s,moe
u14,h,mog
u15,h,drr
u15,m,rok
u16,h,hzg
u17,h,164u
u18,h,xdt
u19,h,t9w
u1b,h,11d6
u1c,h,b8c
u1d,h,u1b
u1e,h,19ca
u1g,h,1eqh
u1j,h,zp1
u1k,s,tj6
u1m,h,10x2
u1p,h,nk
u1s,m,u1t
u1u,m,e0v
u1v,h,1ann
u1w,s,eik
u1x,s,ijx
u1y,s,129x
u1z,h,g0s
u20,h,q6c
u23,h,bap
u25,s,u28
u26,s,kvp
u28,s,u25
u29,h,11k5
u2a,s,h5v
u2b,h,r1m
u2d,h,1kqj
u2f,h,1kqj
u2g,h,13wv
u2j,h,w63
u2k,h,13r8
u2l,h,gtg
u2m,h,13re
u2q,h,13rn
u2r,h,t7f
u2r,m,v8n
u2r,m,d48
u2r,m,1dww
u2s,h,32
u2t,m,1j48
u2t,m,u2v
u2v,h,ifo
u2w,h,47w
u2x,h,10um
u2y,h,8zr
u2z,h,13u9
u31,h,14ug
u33,h,1hlx
u35,h,17qf
u36,h,c04
u37,h,4pe
u38,h,1d5f
u39,h,m9b
u3a,h,1aw2
u3b,s,1az4
u3e,s,1kxh
u3f,s,1bbh
u3g,s,ui1
u3h,s,hlu
u3i,m,12qc
u3j,h,wjy
u3j,h,jza
u3l,h,14sp
u3m,h,14sq
u3o,h,18zd
u3p,m,11hn
u3r,h,3no
u3s,h,17bu
u3t,s,nch
u3u,s,1hr7
u3v,s,u4z
u3x,s,16yw
u3y,s,u5t
u3z,s,u47
u40,s,dcc
u41,s,dcc
u44,h,kh
u45,h,23t
u46,s,1k65
u47,s,1jl3
u47,s,72z
u47,s,6dn
u47,s,7ao
u47,s,6ra
u47,s,72y
u47,s,1fp
u47,s,u3z
u48,s,1bza
u49,s,ii4
u4a,s,aql
u4b,h,r5q
u4c,h,1iqw
u4d,h,11k5
u4e,h,qpb
u4f,h,18es
u4i,m,u4k
u4l,h,72h
u4m,h,1hud
u4n,h,87q
u4o,h,hn0
u4p,h,1297
u4q,s,tr6
u4r,s,22f
u4s,h,lje
u4t,h,b47
u4v,h,11c5
u4w,s,15jr
u4x,s,6b
u4y,s,ix1
u4z,s,u3v
u50,h,p4u
u51,h,17jj
u52,h,17jk
u56,h,t4l
u59,h,xh8
u5a,h,18ep
u5c,h,ihe
u5d,h,129z
u5h,s,4rq
u5i,h,1jwo
u5l,h,hcx
u5n,h,jw8
u5o,h,jw8
u5p,h,1gav
u5q,h,14nw
u5r,h,cbc
u5s,h,1jq5
u5t,s,1hne
u5t,s,u3y
u5u,s,13gy
u5v,h,3hd
u5w,h,15ee
u5x,h,nkw
u5y,h,kp4
u5z,h,6n5
u5z,m,o59
u60,h,1a0a
u61,h,1bch
u63,h,dyf
u63,m,13qq
u64,h,1kki
u65,h,84i
u66,h,1kki
u67,s,1id9
u68,h,z7x
u69,h,16xr
u6a,h,1450
u6b,h,1fib
u6f,h,11c5
u6h,h,1bdp
u6i,h,11l9
u6l,h,ucy
u6m,h,13zj
u6n,h,32
u6o,s,b5j
u6p,h,oav
u6q,h,n4m
u6r,h,14cu
u6s,h,1cqd
u6t,h,19vd
u6t,m,c56
u6u,h,dza
u6u,m,1e4i
u6w,h,u6j
u6z,s,u78
u6z,s,1fzh
u71,h,20e
u72,m,7ee
u74,h,eub
u75,h,13r2
u76,h,ton
u77,h,16sq
u78,s,u6z
u79,s,e0b
u7c,h,jyg
u7d,h,1ck1
u7e,s,19kq
u7f,h,yzp
u7g,h,1km1
u7i,h,1dyr
u7j,h,qs1
u7k,h,sub
u7m,h,u0f
u7n,h,jf3
u7n,m,1gwx
u7n,m,642
u7n,m,sdx
u7o,h,nej
u7p,h,vso
u7q,h,hp6
u7r,h,16so
u7t,h,jey
u7u,h,htl
u7v,h,ooa
u7w,h,106o
u7x,h,10vk
u7y,h,bqa
u7z,h,bf5
u80,h,q0o
u82,h,jf3
u83,h,8f4
u84,h,146z
u86,h,yx4
u87,h,16ou
u88,h,1b14
u89,h,1cgc
u8a,h,vb3
u8c,h,rrp
u8d,h,wsy
u8e,h,xan
u8g,m,kqi
u8g,m,jnx
u8h,h,8pd
u8i,h,1cez
u8j,h,1aki
u8k,h,19j9
u8m,h,1kiy
u8n,h,1gi7
u8p,h,elw
u8q,h,1ch0
u8r,h,wu0
u8u,h,lua
u8v,h,p3w
u8w,h,gv7
u8x,h,12zl
u8y,h,jey
u8z,h,p45
u90,h,1eya
u91,h,16o2
u92,h,1gf
u93,h,jfa
u96,h,1bch
u97,h,kg1
u98,h,kg1
u99,h,126m
u9a,h,19vf
u9b,h,1cyi
u9c,h,1436
u9d,h,olh
u9g,h,1kiy
u9k,h,15sg
u9l,h,jmg
u9n,m,u9o
u9o,h,55p
u9p,h,iv0
u9s,h,15sd
u9t,h,452
u9v,h,2q8
u9w,h,1kkw
u9x,h,11qw
u9y,h,ayi
u9z,h,13r1
ua0,h,1ebh
ua1,h,1ebh
ua2,s,kvr
ua2,s,f0p
ua5,h,it9
ua7,h,18gs
ua9,h,149p
uaa,h,1g72
uab,h,pmi
uad,h,v68
uaf,h,ilp
uag,h,1kiy
uah,h,5n0
uai,h,deu
uak,m,n16
ual,h,g7d
uan,h,4pe
uao,h,dt8
uaq,h,1c9o
uar,h,t1x
uat,h,7wt
uau,h,1jgz
uaw,h,ifo
uax,m,ctx
uax,m,wdq
uay,m,yb4
uay,m,1k58
uay,m,1jzz
uay,m,5v6
uay,m,1bcg
uay,m,1jz0
uay,m,mxm
uay,m,1kba
uay,m,ub0
ub1,s,1i8t
ub2,s,1ahf
ub3,h,rmc
ub4,s,ebf
ub5,s,1hvb
ub6,h,qfv
ub7,s,uba
ub8,h,vz9
ub9,s,1405
uba,s,du0
uba,s,gtj
uba,s,ub7
uba,s,11ep
uba,s,uc7
uba,s,yec
uba,s,1kup
uba,s,uc3
uba,s,hr0
uba,s,ubz
uba,s,tq0
uba,s,9ow
uba,s,1jw6
uba,s,ggd
ubb,s,12vo
ubb,s,hh8
ubb,s,jc9
ubb,s,hha
ubb,s,z12
ubb,s,ixc
ubb,s,syt
ubb,s,1d4z
ubg,s,1ehn
ubh,s,1i91
ubi,s,8h
ubj,h,1fon
ubk,m,p9x
ubm,h,5zm
ubn,h,6f5
ubo,h,11k5
ubs,h,zbn
ubu,h,nlj
ubv,s,1kqo
ubw,h,4vj
ubx,h,er3
ubz,s,uba
uc2,s,tgr
uc3,s,uba
uc6,h,11t0
uc7,s,uba
uc8,s,zb6
uca,m,1kj8
uca,m,oum
ucb,h,jra
ucc,h,ujv
ucd,h,19ca
uce,h,2im
ucg,h,4pe
uch,h,4pe
uci,h,bzz
ucj,h,vl2
uck,h,ton
ucl,h,18yu
ucm,s,1ds5
ucn,h,wmo
uco,h,1jos
ucp,h,1348
ucq,h,1d96
ucr,h,ucd
uct,h,ucg
ucu,h,17ba
ucv,h,1juh
ucw,h,pna
ucz,h,a7b
ud0,h,jzr
ud1,h,13ye
ud2,h,ram
ud4,h,9sv
ud5,h,sly
ud6,h,9sv
ud7,h,1fm7
ud8,h,1fzx
ud9,h,1p3
uda,h,op0
udd,s,trl
udd,s,1adw
udd,s,19wy
udd,s,1hgp
ude,s,kl6
ude,s,42r
udg,s,1hh3
udh,s,t6y
udi,s,adq
udk,s,1hcv
udo,h,91u
udp,h,91u
udq,h,1jsy
uds,h,q2i
udt,h,xdm
udu,h,xdm
udv,h,1m3
udx,h,oav
udy,m,dep
udz,h,1clp
ue0,s,hnc
ue1,h,12l3
ue2,h,17ts
ue3,m,w41
ue4,s,3cm
ue6,h,3cp
ue7,m,ue8
uea,h,hw2
ueb,s,1hh3
ued,h,1fsa
uee,h,3nm
uef,h,bt4
uek,h,1btk
uel,h,19tn
uem,h,ueq
ueo,h,1jfj
uep,h,1grv
ueq,h,10ru
uet,h,1dm4
uey,h,btk
uez,h,lp2
uf2,h,e2i
uf3,h,j5v
uf4,h,fdm
uf5,h,isq
uf6,h,1dp4
uf8,s,wpy
uf8,s,1c7w
uf8,s,mjy
uf8,s,woq
uf8,s,1d31
uf8,s,1d33
uf9,s,esl
uf9,s,dcu
ufa,s,bfp
ufb,s,1i5a
ufc,s,q7w
ufd,h,1g6f
uff,h,fxn
ufi,h,1kih
ufk,h,1fuv
ufl,h,16d7
ufm,h,bo
ufp,h,dtx
uft,s,fqs
ufu,s,5b8
ufu,s,19sl
ufu,s,5oi
ufu,s,1a3z
ufu,s,1ja7
ufu,s,gz4
ufu,s,9yp
ufu,s,dw5
ufw,h,91u
ufy,h,1grc
ug0,h,cjz
ug1,h,sub
ug3,m,15up
ug3,m,x2q
ug3,m,1a53
ug3,m,1dm
ug3,m,stq
ug4,h,1qp
ug6,h,17jj
ug7,h,1ak9
ug8,h,m6i
ugb,h,qum
ugc,s,fcz
uge,h,1arh
ugf,s,1iv9
ugg,h,1kca
ugi,s,sj
ugi,s,20t
ugi,s,d7a
ugj,h,oav
ugj,m,ugk
ugk,h,oaw
ugl,h,hls
ugm,h,yzr
ugn,h,19mx
ugo,h,18qc
ugq,h,ttc
ugr,h,ugp
ugs,h,169p
ugt,h,1cz0
ugu,h,10ru
ugv,s,50s
ugv,s,so
ugv,s,jhq
ugv,s,9d1
ugv,s,r6
ugx,s,1hzy
ugy,s,1hzw
uh0,s,4tk
uh1,h,11k5
uh3,s,uh6
uh4,s,1ht8
uh5,h,122w
uh6,s,uh3
uh6,s,hoe
uh6,s,pnh
uh6,s,y8
uh6,s,1od
uh6,s,3gd
uh6,s,sq
uh6,s,1ez1
uh6,s,83x
uh6,s,1il3
uh6,s,1oc
uh7,h,ugl
uh8,s,98z
uh9,h,tzs
uha,s,16sh
uhb,h,kw7
uhc,s,dxq
uhc,s,15xk
uhc,s,emo
uhd,s,1c8v
uhd,s,e5k
uhd,s,y7k
uhe,s,1mu
uhe,s,bv0
uhe,s,4kr
uhe,s,4et
uhe,s,1fhd
uhh,h,eac
uhj,s,1bbh
uhk,s,1i5d
uhm,h,1ckm
uhn,h,ibw
uho,s,po3
uho,s,4ig
uho,s,ay5
uhp,h,9dm
uhv,h,xds
uhw,h,evm
uhx,h,91u
uhy,h,55u
uhz,h,9zd
ui0,h,31a
ui0,h,ruc
ui1,s,u3g
ui2,h,1hkk
ui3,s,gaq
ui4,h,e41
ui5,h,xe8
ui7,h,xhw
ui9,h,xxt
uia,h,18qz
uic,h,o5t
uid,h,eac
uih,m,d01
uij,s,g23
uij,s,1gp
uij,s,toy
uij,s,t9s
uij,s,no5
uik,h,1dvb
uim,h,jse
uin,h,ugl
uio,h,7wt
uip,h,11s4
uir,h,4bu
uis,h,4bv
uit,s,1i8o
uiw,h,1dim
uix,h,4pe
uiy,h,jw8
uiz,h,91u
uj1,h,bc2
uj2,h,2k0
uj3,s,1avp
uj4,s,19n3
uj8,s,189l
uj9,h,18a2
uje,h,11pn
ujf,h,11pn
uji,s,p2m
uji,s,2hk
ujj,s,kyd
ujk,s,13xq
ujn,h,vd
ujo,h,1kly
ujr,h,h4r
ujs,h,182w
ujt,h,182r
uju,h,17h2
ujv,h,1j4e
ujv,m,ucb
ujw,h,182
ujy,h,13zj
ujz,h,1gee
uk0,h,4bv
uk1,h,1asg
uk2,h,199i
uk3,h,1asi
uk4,h,b1i
uk5,h,5zm
uk5,m,uk6
uk7,s,1bjj
uk9,h,12tq
ukc,s,1jl0
uke,h,1jle
ukf,h,7s3
ukg,h,7rz
ukh,h,pbu
uki,h,1bh4
ukj,h,1bh6
ukk,h,3y9
ukn,h,1jgz
uko,h,1g6s
ukp,h,rpy
ukq,h,srl
ukr,h,j4o
uks,h,1km1
ukv,h,8pd
ukw,h,8qm
ukx,h,160o
uky,h,tr9
ukz,h,ul1
ul0,s,tr6
ul2,h,17hd
ul3,h,32
ul4,h,srf
ul5,h,1er2
ul6,s,1dce
ul7,s,1hpl
ul9,h,qua
ulb,h,1bo8
ulc,h,x3n
uld,m,ou6
ule,h,1a85
ulf,s,qu8
ulg,h,vqm
ulh,h,h0v
uli,h,jky
ulj,h,h12
ulk,h,16ro
ull,h,vqp
ulo,h,kxx
ulp,h,zhp
ulq,m,1nh
ulr,h,1cah
ulr,m,16dn
uls,h,xdt
ult,h,xea
uly,h,e3i
ulz,h,yex
um2,m,um1
um5,h,um3
um6,h,lmc
um7,h,e6a
um8,h,xak
um9,h,xan
uma,h,xdt
umb,h,1gg6
umc,h,m4i
umd,h,3iq
ume,s,1j55
umf,s,19bq
umg,s,6tt
umh,s,aqz
umj,h,ofv
umk,h,1jg8
umm,m,ye8
umo,s,s49
ums,h,6u3
umt,h,mbi
umu,s,10ws
umx,s,mdm
umy,h,1fon
umz,h,8w6
un1,m,jzi
un3,h,mjr
un4,h,w63
un8,h,ffw
un9,h,147w
una,h,coi
unb,h,xmc
unc,m,18nt
und,m,zvc
une,h,1xq
ung,h,19wj
uni,m,unh
uni,m,unl
unl,h,ifo
unn,h,8e
unq,h,br4
unr,h,67y
unt,h,qhc
unu,h,1jtc
unw,m,1d9o
uny,h,nh8
unz,h,ki1
uo0,h,1xq
uo2,h,8ap
uo5,m,ifr
uo6,m,uo5
uo8,h,1xq
uo9,h,8oa
uob,h,j9p
uod,h,u0f
uof,h,qmc
uog,h,1104
uoh,h,21e
uoi,h,qmc
uok,h,h4h
uol,h,uom
uom,h,tjx
uor,h,7w2
uos,h,sfx
uou,h,xjt
uow,h,1k99
uoy,m,uox
uoz,s,c1l
up0,h,cf3
up1,h,cf3
up3,s,13kw
up4,m,1isl
up5,h,nrb
up6,h,10wf
upa,h,1f62
upb,h,12nu
upb,m,1d8x
upc,s,hlu
upd,h,1kq7
upe,s,vy0
upf,h,xma
uph,h,j0v
upi,h,1kqf
upk,h,nhn
upl,m,udx
upn,h,1dim
upp,h,bxs
upq,h,fs5
upt,h,i0h
upu,m,udw
upw,h,tjc
upx,h,xa3
upy,h,280
upz,h,1jbh
uq0,m,uq5
uq1,h,112b
uq3,h,aef
uq6,h,dow
uq7,h,10xf
uq9,h,c1o
uqc,h,10ru
uqf,h,1bwe
uqg,h,1cbo
uqh,h,z8s
uqi,m,uql
uqj,m,1apg
uql,h,ifo
uqm,h,1as9
uqn,h,19dw
uqo,h,1bbw
uqp,h,1bbv
uqq,h,1bbz
uqt,h,slk
uqw,h,kod
uqx,h,3oa
uqy,s,zdq
uqz,h,ews
ur0,h,11k5
ur1,h,zoy
ur3,h,zoy
ur4,h,19qt
ur5,h,13vq
ur6,h,12s6
ur7,h,31i
ur8,h,uqz
ur9,h,1ebf
ura,h,coi
urb,h,vha
urc,h,v0g
urd,h,157m
urh,h,18pl
uri,h,aed
urj,h,5o8
urk,h,5zm
url,h,j2h
urm,h,j2h
urn,h,q01
urq,h,1kcz
urr,h,vq8
urs,h,srv
urt,h,smx
uru,h,qyp
urv,s,t0j
urx,h,f3q
ury,h,3p
us1,h,h3g
us2,h,ijg
us4,h,wxj
us5,h,ez7
us6,h,11o1
us8,s,1j7h
us9,s,t0j
usb,h,2si
usc,s,fcz
usd,h,1c41
use,h,d83
usg,h,d86
usi,h,10m
usj,m,28g
usj,m,usi
usk,m,usj
usl,h,7ff
usm,h,dnm
uso,h,1g0n
usp,h,213
usr,h,15v8
usu,s,1dkc
ut3,h,j0v
ut5,h,j2h
ut9,h,1agu
uta,h,2q4
utb,h,ule
utc,h,1kib
utd,h,1kib
ute,h,31s
utf,h,1e9i
utf,m,utj
utg,h,zpc
utg,m,uti
uth,h,a7b
uti,h,1a80
utj,h,cvw
utk,h,13lg
utk,h,14e3
utk,m,jjd
utl,h,13vw
utm,h,14eg
uto,h,1cyj
utp,h,1aiq
utu,s,9of
utv,h,n4b
utx,m,1e3
utx,m,1gy0
utx,m,x7b
uty,h,1dta
utz,h,11fj
uu1,h,11fm
uu3,h,132u
uu4,h,s2w
uu5,h,17et
uu7,h,wiu
uu8,h,w63
uu9,h,ews
uu9,m,c6f
uu9,m,12qr
uue,h,21l
uug,h,jss
uuh,h,pqp
uul,h,3io
uum,h,m1s
uuo,h,vrp
uup,h,xxy
uur,h,91u
uus,h,96s
uut,h,lyl
uuu,h,pdq
uuv,h,w7i
uux,h,uug
uuy,h,1guv
uv0,h,ira
uv1,h,15ee
uv2,h,hep
uv3,h,pyk
uv5,h,hvg
uv6,h,143k
uv7,h,pyg
uv8,h,4ev
uv9,m,uv8
uvc,h,omh
uvd,h,11w
uve,h,11w
uvf,h,1biz
uvg,h,13oz
uvi,m,58v
uvk,h,13qi
uvl,h,13qn
uvn,h,1822
uvo,h,746
uvp,h,747
uvr,h,ffw
uvt,h,1kiy
uvu,h,1gi7
uvw,h,gku
uvx,h,g3p
uvy,h,m80
uvz,h,100b
uw0,h,joo
uw1,s,jn7
uw5,s,2wr
uw6,h,w51
uw6,m,tjb
uw7,h,azg
uw8,h,c04
uw9,h,anb
uwa,h,19ax
uwb,h,1gav
uwc,h,137y
uwd,h,429
uwe,h,5zm
uwf,h,6gh
uwh,h,11k5
uwi,h,lr
uwj,h,bs4
uwk,h,uw9
uwl,h,1gdd
uwm,h,1e4l
uwn,h,1fn6
uwo,h,edz
uwp,h,qra
uwq,s,1hrc
uws,h,61a
uws,m,z93
uwt,h,124i
uwu,s,r20
uwv,m,131y
uwv,m,4a0
uwv,m,3l0
uwv,m,11au
uwv,m,71d
uwv,m,tlh
uwx,h,swz
uwy,h,qr0
uwz,h,vj4
ux0,h,182o
ux1,h,1c5l
ux2,h,ktu
ux3,h,1ffd
ux4,s,r0w
ux5,h,yu
ux6,s,16gp
ux7,h,1dv1
ux8,h,1kqz
uxa,h,2ex
uxb,h,p3w
uxf,s,1dsq
uxh,h,gyy
uxi,h,19hl
uxj,s,t8y
uxl,s,57u
uxs,h,1daj
uxt,h,fg0
uxu,s,19bd
uxv,h,1dax
uxw,h,t9b
uxx,h,1g9m
uy0,h,yvj
uy2,h,121
uy3,h,g0s
uy6,h,13mw
uy7,s,1i4u
uy9,h,91u
uyb,h,8o2
uyc,h,4u6
uye,h,11ff
uyf,h,91u
uyg,h,in
uyh,h,11j7
uyi,h,37b
uyj,h,1fm1
uyk,h,91v
uyl,h,4pe
uym,h,1g28
uyn,h,1t6
uyo,h,bpn
uyp,h,ucg
uyq,h,10vk
uyr,h,15hc
uyt,h,n5p
uyu,h,io
uyv,h,1951
uyw,h,ibw
uyx,h,91u
uyy,h,evx
uyz,h,evy
uz0,h,in
uz1,h,in1
uz2,h,im
uz3,h,1bks
uz5,h,15s3
uz6,h,csc
uz7,h,is3
uz8,h,ccs
uz9,h,ii1
uza,h,yzp
uzb,h,1jwo
uzc,h,b4x
uzf,h,7ww
uzg,h,7wv
uzj,h,wiu
uzk,h,1l26
uzl,h,9zg
uzl,m,dzb
uzl,m,rn4
uzl,m,1tn
uzm,s,1h9m
uzn,s,1h9o
uzp,s,78g
uzp,s,1hhj
uzp,s,qit
uzq,h,bc2
uzs,h,fgq
uzt,h,wql
uzu,m,16t
uzw,m,uzy
uzy,h,10m
v00,h,34m
v03,h,3n0
v04,m,v00
v04,m,v06
v06,h,34m
v07,h,v01
v08,h,ki1
v09,h,11k5
v0a,m,v0h
v0a,m,v0c
v0b,m,v0a
v0c,h,34m
v0e,s,11of
v0e,s,13o7
v0e,s,29d
v0e,s,v0j
v0f,h,239
v0g,h,11k5
v0i,s,vh7
v0j,s,v0e
v0k,h,19me
v0l,h,2bf
v0m,h,v0g
v0n,h,ibk
v0n,h,2ba
v0o,s,v0r
v0p,h,v0t
v0q,h,ij4
v0r,s,45l
v0r,s,v0o
v0s,h,19m6
v0t,h,nu9
v0u,h,ij4
v0v,s,v16
v0x,h,1kqz
v0y,h,j5w
v0z,h,j5w
v10,h,j5j
v11,s,1rv
v11,s,41e
v12,m,482
v12,m,ydl
v12,m,1foa
v12,m,v14
v14,h,10m
v15,h,v0t
v16,s,5jj
v16,s,v0v
v16,s,tcp
v16,s,12py
v16,s,erx
v18,s,7w8
v19,h,fj8
v1a,s,7w7
v1c,h,ij4
v1d,h,t8s
v1e,h,js7
v1f,h,1aqb
v1g,h,ih6
v1i,h,gpe
v1k,h,ieg
v1n,h,gnr
v1o,h,nip
v1q,h,1a64
v1s,h,usx
v1t,s,1cj2
v1t,s,kp8
v1t,s,pos
v1t,s,1hqz
v1v,h,fnm
v1w,h,1b07
v1x,s,z6x
v1x,s,15yn
v1x,s,1bli
v1x,s,lps
v1x,s,lk7
v1x,s,w9s
v1x,s,jq5
v1y,h,zbw
v21,h,132v
v22,h,1kqz
v23,h,1kqz
v24,h,stw
v25,h,mpy
v26,h,13ue
v27,h,bzm
v28,h,bzf
v29,h,bzf
v2a,m,1inl
v2a,m,v2f
v2b,m,v2a
v2d,h,wfh
v2f,h,ifo
v2g,h,19ak
v2i,h,1g57
v2l,h,4z7
v2n,h,gf1
v2p,h,fdl
v2q,h,wr4
v2r,h,uz6
v2s,m,2jk
v2t,m,1ehq
v2u,m,1a8d
v2u,m,7rm
v2u,m,mmm
v2u,m,v2t
v2u,m,8s
v2u,m,v1q
v2v,h,1j4j
v2w,h,1kqz
v2x,h,vpf
v2y,h,vpe
v31,h,doo
v32,h,doi
v33,h,1iys
v33,m,nel
v33,m,aee
v34,h,9zg
v34,m,v33
v34,m,1hsz
v36,h,1l25
v37,h,1l26
v39,h,iqe
v39,m,yg6
v3a,h,7l5
v3d,h,1jtc
v3f,h,hfb
v3f,m,13u1
v3g,m,vkc
v3h,h,xta
v3j,s,31e
v3k,h,tk
v3k,h,v0g
v3l,h,11k5
v3m,h,1dh2
v3n,h,v0g
v3o,h,uh2
v3o,h,v0g
v3r,h,1kl0
v3s,h,1cbq
v3t,h,jqf
v3u,h,bxa
v3v,h,1g6i
v3w,s,fc2
v3w,s,1cn0
v3w,s,bxg
v3y,h,qm
v3y,m,fcm
v3z,h,fci
v41,h,132u
v46,h,18xf
v48,m,v4e
v49,h,1gxt
v4a,h,1gxu
v4i,h,2p5
v4j,h,eqm
v4l,h,1kq6
v4m,h,9vu
v4m,m,v4q
v4n,h,hgk
v4o,h,z8s
v4p,h,9hk
v4q,h,9vt
v4r,h,9hj
v4s,h,15pa
v4t,h,tdt
v4u,h,fva
v4v,h,ax8
v4w,h,ec5
v4x,h,znb
v4y,h,ec5
v52,h,v53
v53,m,jzi
v54,m,v55
v55,h,oav
v55,m,v56
v56,h,17jw
v57,h,3w4
v59,h,nej
v5a,h,nej
v5d,h,zif
v5e,h,xan
v5f,h,xdp
v5g,h,ih7
v5h,h,im
v5i,h,wsy
v5j,s,wsr
v5l,h,vha
v5n,h,w63
v5o,h,wiu
v5q,h,bs4
v5r,m,v5v
v5t,h,ri1
v5u,h,j9s
v5v,m,v5w
v5x,m,v5y
v60,s,1kmx
v61,h,nkp
v62,m,6wz
v62,m,nq0
v62,m,1bcf
v62,m,6fo
v63,h,agw
v64,h,op0
v65,h,tz
v66,h,132u
v67,h,18yu
v6a,h,jaz
v6b,s,qu8
v6e,h,ffw
v6f,h,16br
v6g,h,10xf
v6h,h,87q
v6i,h,df9
v6j,h,n1c
v6k,h,4ti
v6l,h,tdt
v6m,h,15sg
v6n,h,2ig
v6o,h,2in
v6p,h,qdr
v6q,h,e1x
v6r,h,124i
v6t,s,xhv
v6u,h,c4o
v6v,h,10kf
v6w,m,8gj
v6y,h,10kf
v70,h,o9q
v71,h,qna
v72,h,nkp
v73,h,r2s
v74,h,1ghu
v75,h,qn6
v76,s,30d
v78,h,11k5
v7a,m,10iq
v7b,m,9qm
v7b,m,1ke6
v7b,m,1ke5
v7g,h,18af
v7i,h,38x
v7j,h,gru
v7k,h,143k
v7l,h,ef6
v7m,h,sh7
v7n,h,iwk
v7o,s,y2
v7p,s,12rr
v7q,h,ef6
v7s,s,1idj
v7t,s,vh7
v7u,h,fwb
v7v,h,xe0
v7x,h,v88
v7y,h,ibg
v7z,h,17jj
v81,s,1pb
v83,s,oju
v84,h,16o1
v85,h,19hl
v88,h,p3w
v88,m,v7z
v89,h,osb
v8b,h,5o8
v8c,h,15gw
v8d,h,19us
v8e,h,19vf
v8f,h,80y
v8h,h,18jz
v8k,h,l1l
v8l,h,1e74
v8n,h,t7f
v8o,h,i1v
v8p,h,f4w
v8q,h,ckc
v8r,h,xbv
v8t,h,1gfb
v8u,h,mnu
v8x,h,nk0
v8z,h,ioe
v91,h,65p
v92,h,uyd
v93,h,13vp
v94,h,uya
v96,h,7f2
v97,h,uz6
v98,h,tmu
v99,h,tms
v9a,h,zom
v9b,h,1c5b
v9c,h,1kqj
v9d,h,3om
v9f,h,llg
v9h,s,1iqo
v9i,s,1h8q
v9i,s,loh
v9i,s,ywb
v9i,s,1bgh
v9j,h,19w5
v9k,h,1a64
v9m,h,azu
v9o,h,vz
v9q,h,z51
v9r,h,16je
v9s,h,16j9
v9t,h,iui
v9u,h,1akr
v9v,h,12ag
v9w,h,11xs
v9x,h,11in
v9y,h,1kiy
va0,h,exf
va1,h,13u5
va3,h,n6q
va4,h,1hkl
va4,m,va3
va5,h,dn7
va7,h,17g1
va8,h,1cym
va8,m,va9
va9,h,jir
vac,m,vad
vae,h,oav
vaf,h,u06
vag,h,1e34
vah,h,v1u
vaj,h,qdh
vak,h,18a6
val,h,1hm5
vam,h,kqm
vao,h,17uv
vap,h,kr5
vaq,h,3gw
var,s,z7q
vas,h,17et
vat,h,461
vau,h,18wh
vav,h,1ccu
vaw,s,111p
vaz,h,6li
vb0,h,net
vb1,h,1jrl
vb2,m,269
vb3,h,1jgu
vb4,h,13yl
vb5,h,13uk
vb6,h,1jgz
vb7,h,1jh0
vb8,h,1jgz
vb9,h,1jh7
vba,m,oad
vbc,h,qpb
vbd,h,1168
vbe,h,xm1
vbf,h,1k8j
vbg,h,sth
vbi,h,oc3
vbk,h,ozx
vbl,h,164d
vbn,h,1c53
vbo,h,agw
vbp,h,n4w
vbq,h,1k99
vbr,h,6dy
vbs,h,1t5
vbt,h,gav
vbu,h,1bo4
vbv,h,ees
vbw,s,1i42
vbx,h,yrq
vby,h,132v
vc0,h,r2s
vc3,h,ue9
vc5,h,1gi7
vc6,h,hwp
vc8,m,n59
vc9,h,oo4
vca,h,1kyr
vcb,h,ki1
vcc,h,7xh
vce,h,fzv
vcf,h,bc1
vcg,h,1cmp
vck,s,z9e
vck,s,z53
vck,s,1056
vck,s,z4y
vcl,h,19ik
vcm,h,1bd1
vcn,s,2nv
vco,h,1830
vcp,h,wf3
vcu,s,ae4
vcv,m,9h
vcw,h,oaw
vcx,h,igh
vcy,h,qdr
vcz,h,q00
vd0,h,1e74
vd1,m,11nw
vd5,h,56c
vd6,h,91u
vd7,s,3ay
vd7,s,18ka
vd7,s,4gj
vd7,s,vhr
vd8,s,ysj
vd9,s,bok
vdb,h,31c
vdc,h,1e74
vde,h,kh
vde,m,awt
vdf,h,9zd
vdg,h,qi2
vdh,h,1g6u
vdi,h,1a1h
vdj,h,dwd
vdk,s,183i
vdl,s,183i
vdm,s,iv9
vdn,h,awn
vdn,m,198v
vdn,m,1415
vdn,m,fv0
vdo,h,1a1r
vdp,h,w1z
vdr,h,eqm
vds,h,igg
vdt,h,e3k
vdu,m,11af
vdx,h,1a3f
vdy,h,1ann
vdz,h,y7h
ve0,h,fc7
ve1,h,1bch
ve3,h,5di
ve8,h,bmr
ve9,h,1gi7
ve9,m,18ar
vea,h,1bla
veb,h,1367
vee,h,17g1
vef,m,vee
veg,h,cub
veh,h,1hrz
vej,h,k2c
vek,s,9of
vel,h,o
vem,h,rm5
ven,h,7yw
veo,h,117c
vep,h,qrz
vet,h,ue9
vew,s,5qh
vey,h,jai
vey,m,1c4i
vez,h,17by
vf0,h,1hw7
vf1,h,z7z
vf2,s,vnz
vf3,s,179q
vf3,s,rzm
vf3,s,1jvc
vf3,s,vls
vf4,h,11k5
vf6,m,vf8
vf7,h,dm3
vf9,h,65p
vf9,m,vf7
vfa,h,1hx5
vfb,h,z8z
vfh,h,j2h
vfi,h,1k0c
vfn,h,t6i
vfp,h,14nw
vfq,h,2yb
vfr,h,1ijg
vfv,h,7wt
vfy,h,1380
vfz,h,xnh
vg1,m,vfz
vg4,s,wep
vgc,h,1e11
vgd,h,3nf
vge,h,1cb4
vgf,h,agw
vgi,h,1j1x
vgj,h,1j1x
vgk,h,sfx
vgl,h,1g1t
vgm,h,dx2
vgn,h,iw5
vgo,s,1dt8
vgu,h,azu
vgw,h,vz
vgy,m,ndt
vgy,m,1dzx
vgy,m,24q
vgy,m,47x
vgy,m,137d
vgy,m,l4z
vgy,m,24
vh0,h,1qp
vh1,h,7wt
vh2,h,8xz
vh3,h,yex
vh4,h,uz8
vh5,h,zou
vh7,s,v7t
vh7,s,7g7
vh7,s,v0i
vh8,h,lxd
vh9,s,1d4q
vha,h,1g8v
vhb,h,n46
vhc,h,91u
vhd,h,91u
vhe,h,1u0
vhf,h,1dzn
vhg,h,jkw
vhj,h,rhy
vhl,h,cl3
vhl,h,fk4
vhm,h,b7u
vhn,h,1478
vho,h,ckb
vhp,h,ckb
vhq,h,ckb
vhr,s,vd7
vhs,h,19bn
vht,h,18l8
vhv,h,11m3
vi0,h,coi
vi3,h,jre
vi4,h,1d96
vi5,h,1g6s
vi7,h,10uj
vi8,h,13mw
vi9,h,fk6
via,h,132l
vib,h,10t4
vid,h,anb
vif,h,611
vih,h,13bl
vii,h,d1l
vij,h,1btw
vik,h,1ee
vil,h,1ed
vim,m,6bg
vim,m,p3v
vim,m,1kkf
vim,m,w3v
vim,m,127u
vim,m,554
vim,m,1kaj
vim,m,bac
vim,m,vtc
vim,m,12md
vim,m,183z
vim,m,me7
vim,m,7te
vim,m,tlp
vim,m,1c5y
vim,m,96f
vip,h,sfx
viq,h,1gi1
vir,h,v72
vis,h,1ghu
vit,h,11uy
viu,h,1d81
viw,h,vit
vix,h,vit
viy,h,m1b
viz,s,t0j
vj0,s,1be2
vj1,s,t0j
vj2,s,o33
vj4,h,1bph
vj4,m,vk5
vj5,h,yx2
vj6,h,jkw
vj7,h,12ql
vj8,h,mu5
vj9,h,32
vjb,h,hn2
vjc,h,cs4
vjd,h,z8o
vje,h,18mw
vjf,h,3no
vjg,h,sn6
vjh,h,sn6
vjn,h,hxw
vjs,h,151m
vju,h,h5z
vjv,h,15sq
vjw,h,12af
vjx,h,1kkx
vjy,h,ck
vk0,h,1ann
vk1,h,132u
vk2,h,g4h
vk3,h,u15
vk4,h,1fs5
vk5,h,1fys
vk7,h,8s0
vk7,h,jwh
vk8,h,1a64
vk9,h,sl6
vkb,h,qmc
vkf,h,13uc
vkg,h,qmc
vki,h,1csw
vkj,h,1csw
vkl,h,11k5
vkn,h,xcj
vkp,h,vif
vkq,h,10b1
vkr,h,77o
vks,h,bj4
vkv,h,10do
vkw,h,ts6
vkw,m,vlg
vkx,h,btg
vky,h,ts6
vkz,h,gta
vl0,h,18qc
vl1,h,cgu
vl2,h,i47
vl3,h,1duw
vl4,h,rzj
vl5,h,pz
vl6,h,rzj
vl7,h,q0
vl8,h,kn4
vl9,h,6gh
vla,s,vlr
vla,s,gtc
vla,s,c30
vlb,s,b2n
vlc,s,q7c
vld,h,xmm
vle,h,vtp
vlf,h,vto
vlg,h,1cqp
vlh,h,1kiy
vli,h,1kiy
vlj,h,5jb
vlk,h,z8o
vll,h,239
vlm,h,1ahq
vln,h,opp
vlo,h,l97
vlp,h,588
vlq,s,10dn
vlr,s,vla
vls,s,vf3
vlt,h,xa3
vlu,s,11ut
vlu,s,11uw
vlv,s,d26
vlw,h,1dik
vlx,h,qno
vly,h,i5c
vlz,h,2jx
vm0,s,1kmo
vm1,s,11ur
vm2,h,er5
vm4,h,81t
vm5,h,ff4
vm6,s,1kmo
vm8,h,16b3
vm9,h,14te
vma,h,xxy
vmb,h,2in
vme,h,i5c
vmf,s,xac
vmj,s,1i4i
vmk,s,1342
vml,s,ijx
vmm,h,7od
vmo,h,18oj
vmp,h,18oe
vmr,h,1f7q
vmu,h,1kib
vmv,h,1kib
vmx,h,1b9n
vmz,h,10rr
vn0,h,10rs
vn2,h,hwm
vn3,h,rc
vn4,s,tx8
vn6,h,17zv
vn7,h,2yn
vn8,h,17et
vn9,h,hp8
vnc,h,wwz
vnd,h,1k8j
vnf,h,ywq
vnf,h,1kib
vng,s,1kik
vnh,h,wsg
vni,s,1ek3
vnk,s,139z
vnl,h,b90
vnn,h,1gr4
vno,h,bm7
vnp,h,1kqj
vnq,h,15z9
vnu,h,cl3
vnv,h,11wb
vnw,h,10b1
vny,s,3q5
vny,s,17ao
vny,s,vxn
vnz,s,13pt
vnz,s,3g
vnz,s,1015
vnz,s,vf2
vnz,s,ld7
vnz,s,tm
vnz,s,lf0
vnz,s,nye
vo0,s,ew5
vo1,h,evv
vo2,h,itq
vo3,h,91v
vo5,h,1cj7
vo6,h,dru
vo7,h,6n5
voa,h,nip
vob,h,a3z
voc,h,e5x
vod,h,ast
voe,h,1jwr
vof,h,17h3
vog,h,8w4
voj,h,xx5
vok,m,8ss
vol,m,voj
vom,m,vol
voo,h,16h8
vop,h,7bs
voq,h,14lz
vor,s,9of
vos,h,yka
vot,h,7p1
vou,h,19dk
vov,h,hlx
vox,h,1ap4
vp0,h,18gs
vp2,s,1dw3
vp4,h,vmm
vp5,h,q9p
vp6,h,q9r
vp7,h,iu7
vp8,s,q9t
vp9,h,j0k
vpa,h,tv2
vpe,h,1rb
vpf,h,qdg
vpl,h,cvt
vpm,h,gi1
vpn,h,12s5
vpp,h,132u
vpq,h,1k8j
vpr,h,vpn
vps,h,1349
vpu,m,6x8
vpv,h,1ebe
vpw,h,6fu
vqf,h,6rq
vqi,h,yal
vqj,s,ipr
vqj,s,4dv
vqj,s,vrk
vql,h,qzg
vqm,h,yxh
vqm,m,o7u
vqm,m,fkh
vqm,m,189i
vqm,m,1a8q
vqm,m,cin
vqn,h,z3j
vqo,h,kp9
vqp,h,p3l
vqs,h,3qy
vqt,s,1anp
vqu,s,1ctg
vqv,h,bzz
vqy,h,r1x
vqz,h,ddf
vr0,s,qet
vr1,h,zke
vr2,h,w52
vr3,h,plc
vr4,s,vr5
vr5,s,vr4
vr5,s,14m9
vr5,s,vs8
vr7,h,1abw
vr8,s,hne
vr8,s,qwd
vr8,s,wig
vr8,s,ymn
vr9,h,qwa
vrd,h,1ctd
vre,h,pxn
vrf,h,qz5
vrg,h,81h
vrj,h,brz
vrk,s,vqj
vrm,s,pyi
vro,h,v5f
vrp,h,80
vrr,h,bs4
vrs,h,e0k
vrt,h,4pe
vru,h,igf
vrv,s,1742
vrx,h,kh
vry,h,11k5
vs0,h,8lu
vs1,h,kp4
vs2,h,fkh
vs2,h,u5z
vs3,h,rym
vs4,h,fkh
vs6,h,10w1
vs8,s,vr5
vs9,m,s80
vsa,h,1fzp
vsb,h,12gl
vsc,s,vsd
vsd,s,1kct
vsd,s,vsc
vsd,s,3p0
vsd,s,vsx
vsd,s,vsr
vsg,h,11vu
vsj,h,11v3
vsl,h,11fk
vso,h,ews
vsp,h,11qp
vsr,s,vsd
vst,h,bc2
vsu,h,i5a
vsv,h,91u
vsw,h,91u
vsx,s,vsd
vsy,s,wsr
vsz,h,jjl
vt0,h,1ke1
vt1,h,mji
vt2,h,aka
vt3,h,o7u
vt4,h,hjf
vt6,h,r8t
vtd,s,w4d
vtf,h,3qy
vtg,s,yo4
vth,s,8u0
vti,h,yrs
vtj,h,8pd
vtk,s,qev
vtk,s,vtm
vtl,h,ton
vtm,s,vtk
vtn,h,y3w
vto,h,r8x
vtp,h,y3y
vtr,h,vtp
vts,h,oav
vtt,m,vts
vu0,h,1daj
vu3,h,pzo
vu4,h,1ghu
vu5,h,1f9n
vu6,s,o05
vu7,h,p40
vua,h,gmz
vug,h,14up
vuh,s,ql4
vui,s,411
vuj,h,bsk
vuk,h,bsk
vun,m,18bz
vun,m,v2b
vun,m,w7
vun,m,djl
vun,m,cv0
vun,m,1a82
vun,m,t5
vun,m,cbs
vup,h,qz5
vuq,h,hzx
vur,h,azg
vus,h,u08
vut,h,1dik
vuu,h,1dik
vuv,h,1cj7
vuw,h,14c2
vux,h,1gde
vuy,s,c1l
vv0,m,vv2
vv3,h,xm7
vv4,h,69k
vva,h,mm4
vvb,h,ai3
vvc,h,171i
vvd,s,p87
vve,s,fzo
vvf,s,1dgm
vvh,h,p8y
vvi,h,p8x
vvk,h,wiu
vvl,h,124h
vvm,h,3e9
vvp,h,1493
vvq,h,vl2
vvr,h,c3g
vvs,h,r2s
vvu,h,vvs
vvw,h,nvd
vvx,h,lun
vvz,h,byr
vw0,h,37g
vw1,h,arp
vw2,m,sgm
vw3,m,sgn
vw4,m,sgo
vw6,h,ap7
vw7,h,ljf
vw8,h,15dx
vw8,m,sgq
vwa,h,vz4
vwd,h,w10
vwe,h,h92
vwf,s,y8z
vwh,h,1fb1
vwj,m,p9f
vwk,s,1j7h
vwl,h,1c3b
vwo,m,sgt
vwp,m,sgw
vwq,m,dk4
vwq,m,143n
vwq,m,1ewo
vwq,m,1x2
vwq,m,w6j
vwq,m,1971
vwt,h,9c7
vwv,h,4i9
vww,h,ems
vwx,h,emz
vwy,h,1815
vwz,h,ems
vx0,s,180d
vx7,h,oys
vxb,h,25e
vxc,m,1gz3
vxd,h,fvk
vxe,h,jjl
vxg,m,9h8
vxh,m,3ux
vxh,m,sek
vxh,m,uvu
vxh,m,8q2
vxh,m,1fy8
vxh,m,vxg
vxj,h,gin
vxm,s,17am
vxn,s,vny
vxo,s,1bbg
vxp,h,1bbv
vxq,h,91v
vxr,h,1bbw
vxs,h,17at
vxv,h,1eon
vxw,h,19nk
vxx,h,xq
vy0,s,upe
vy0,s,gqp
vy0,s,7z0
vy2,h,aud
vy3,s,gec
vy8,h,mna
vy8,m,vy7
vya,h,fsa
vyb,h,5qo
vyc,h,1jsy
vyd,h,1039
vye,h,7ng
vyf,s,fsj
vyf,s,1f7k
vyf,s,wy2
vyf,s,ljq
vyg,h,1klm
vyi,h,tjc
vyj,h,393
vyk,h,10se
vyl,h,1hwv
vyn,h,60z
vyo,h,169q
vyp,h,19ui
vys,s,1htf
vyt,h,dv
vyu,h,16dj
vyv,h,yrq
vyw,h,3o2
vyx,h,iaq
vyy,h,15sa
vyz,h,14te
vz0,s,1hru
vz2,h,15qk
vz3,h,w52
vz4,h,1d96
vz5,h,nq
vz6,h,tak
vz7,h,1daz
vz8,h,16jd
vza,h,j4x
vzb,h,nph
vzb,m,164r
vzf,h,182m
vzg,h,14e0
vzh,h,doz
vzi,h,1fgd
vzj,h,iw4
vzk,h,in
vzm,h,anb
vzn,h,j3y
vzo,h,1ci8
vzp,h,19m3
vzq,h,57x
vzr,s,1ic6
vzs,s,j9c
vzu,h,1ic7
vzw,h,9c7
vzy,h,kod
w02,s,55y
w03,h,ls6
w05,h,vwa
w06,h,19hl
w09,h,w08
w09,h,hoo
w0a,h,vyq
w0b,h,8dp
w0c,h,tgz
w0d,h,1dwu
w0e,h,1v3
w0f,h,1ed
w0g,h,1ee
w0j,h,7wa
w0k,h,7wa
w0l,h,w0r
w0l,h,1e8c
w0o,h,1b9u
w0q,h,19ty
w0r,h,ffo
w0u,s,14c3
w0u,s,r19
w0u,s,14cg
w0u,s,14cd
w0u,s,x5p
w0x,s,1htf
w0y,h,fnm
w0z,h,p1f
w11,h,pqg
w12,h,r1c
w13,h,g94
w15,h,3if
w17,s,qu8
w18,h,11c5
w19,m,wle
w1a,h,b5l
w1b,h,ufl
w1d,h,16cz
w1e,h,3so
w1f,h,1fd5
w1g,h,ysi
w1h,h,r18
w1i,h,1erq
w1l,h,5d7
w1m,h,jcn
w1n,h,u15
w1o,h,12j
w1p,h,d4q
w1q,h,1iku
w1r,h,xub
w1t,h,lst
w1v,h,2d5
w1x,s,awp
w1y,s,awp
w1z,m,w27
w23,h,v3
w24,s,10cd
w25,h,1g76
w27,h,axy
w28,h,7fe
w29,h,em7
w2b,s,mol
w2d,h,b1s
w2e,h,p7o
w2f,s,127h
w2f,s,1fmr
w2f,s,x8c
w2f,s,dgq
w2h,h,qqf
w2m,h,w63
w2p,h,1exb
w2q,h,5r5
w2r,h,16bg
w2s,h,12wv
w2t,s,1bt5
w2z,h,byt
w30,m,mlc
w30,m,1b0i
w30,m,w2y
w36,s,1bn0
w37,h,1g06
w3b,h,1kny
w3c,s,bc0
w3d,h,1b9n
w3e,h,12s2
w3g,s,1ko7
w3j,h,15a4
w3k,h,1j4j
w3s,h,1bni
w3t,h,gvy
w3t,m,w3s
w3w,h,8qj
w3z,h,1ecn
w41,h,7l5
w42,h,u0p
w43,h,nhn
w45,h,w4h
w47,h,11hh
w49,h,8kb
w4a,h,169e
w4b,h,1fzx
w4c,s,16ut
w4d,s,vtd
w4d,s,182b
w4e,s,w4o
w4g,h,11g6
w4k,h,11k5
w4l,s,3e8
w4m,h,6bb
w4m,h,ndm
w4o,s,w4e
w4p,m,3wj
w4p,m,3wk
w4p,m,3aj
w4q,h,86h
w4r,h,i3o
w4t,m,1gkf
w4t,m,s6p
w4t,m,cuy
w4u,h,1a64
w4v,h,fnq
w4w,h,yxh
w4x,h,vqm
w4z,h,h0v
w50,h,fno
w51,h,azh
w52,h,azh
w53,h,azb
w54,h,azb
w55,h,aze
w57,h,1ggj
w58,h,174m
w59,h,18fl
w5d,h,132u
w5h,h,h5
w5i,h,gv7
w5j,s,1ibd
w5k,h,1kib
w5l,h,11k5
w5o,m,8ir
w5o,m,1v6
w5p,h,1dim
w5s,h,65p
w5t,m,w5s
w5w,h,drq
w5x,s,11je
w5y,h,aef
w5z,h,syj
w60,s,min
w60,s,5e7
w60,s,1fqc
w60,s,3lq
w60,s,1ae1
w60,s,6yq
w61,h,j2h
w62,h,1fg5
w63,h,9c7
w64,s,yll
w66,h,hu4
w67,h,18oe
w68,h,1jko
w69,h,1kkx
w6a,h,kwd
w6b,h,196r
w6c,s,fxp
w6e,s,92b
w6g,h,920
w6i,h,1gbl
w6l,h,1gqe
w6m,s,juo
w6p,s,1dt8
w6q,s,1f95
w6s,h,11qw
w6t,h,13uc
w6u,h,bp0
w6x,h,1c58
w70,h,65p
w71,m,w70
w73,m,acy
w73,m,w74
w74,h,239
w75,h,11pn
w76,h,tr9
w78,s,jel
w79,h,w7b
w7e,h,1bsf
w7f,h,13ex
w7h,m,e13
w7j,h,12o1
w7k,h,1744
w7l,h,14tr
w7m,h,1cej
w7n,h,2bb
w7o,h,xub
w7p,h,1tc
w7q,h,w7r
w7q,h,lst
w7s,h,2qm
w7t,h,1cg
w7t,h,le6
w7w,h,iw
w7x,s,zpa
w7z,h,147w
w81,h,147t
w82,m,w81
w85,h,i37
w86,h,w7v
w87,h,pu2
w89,h,1g3
w8b,h,9jp
w8c,h,n3c
w8e,h,1csr
w8f,h,kt0
w8g,s,13dc
w8h,s,jf5
w8j,h,blj
w8k,h,z4a
w8m,h,1kki
w8n,s,juo
w8p,h,1gqe
w8r,h,lgd
w8s,m,14zf
w8t,h,1hwy
w8u,h,w7j
w8w,h,91n
w8x,h,qmc
w8y,h,157d
w90,h,18oe
w91,h,1198
w93,h,2qs
w94,h,16o5
w97,h,n8m
w98,h,1iku
w99,h,1d3r
w9c,m,8sy
w9d,m,yz5
w9d,m,x3d
w9d,m,thl
w9d,m,9o
w9d,m,n53
w9d,m,14f5
w9d,m,gtq
w9d,m,aqf
w9d,m,1iw4
w9d,m,yih
w9d,m,1kyc
w9d,m,9w2
w9d,m,1ec5
w9d,m,als
w9d,m,vku
w9d,m,w9b
w9e,h,192t
w9f,h,452
w9f,m,u9t
w9g,h,kg1
w9h,h,1bio
w9j,h,13r8
w9m,h,1ed
w9o,h,1iku
w9p,h,3eq
w9r,s,aba
w9s,s,v1x
w9t,h,wiu
w9x,h,10ta
w9y,h,2qr
wa2,m,ver
wa2,m,syx
wa2,m,x2p
wa2,m,rqm
wa2,m,kdq
wa2,m,evc
wa2,m,p3h
wa3,h,86o
wa4,h,1qp
wa5,h,1ed
wa6,h,1ee
wa7,s,1az0
wa8,h,44k
wa9,h,way
wab,h,5g4
wac,h,5g5
wae,h,3p
wag,h,11su
wah,h,wu0
waj,s,d5m
wak,h,hed
wal,h,ijg
wam,h,jwy
wan,h,jx2
wao,h,way
wao,h,12bp
wap,h,kz5
waq,h,y8c
war,m,xtc
was,h,w79
wat,h,7po
wau,m,xtd
wav,m,xyu
wav,m,sjc
wav,m,vc8
waw,m,wav
wax,h,kp3
way,h,zou
way,m,121e
waz,h,10fg
wb0,h,11a1
wb2,h,9i6
wb4,h,2fb
wb5,h,uv4
wb7,s,1j7h
wb8,s,13dc
wb9,s,1az0
wbc,h,18oj
wbd,h,16mf
wbf,h,ms3
wbg,h,1c3b
wbj,h,1gvk
wbo,h,c1g
wbp,h,hga
wbq,s,wbx
wbr,h,dtj
wbs,h,12of
wbu,h,546
wbx,s,r8w
wbx,s,wbq
wby,h,10si
wbz,h,2si
wc0,h,12oh
wc1,h,14nw
wc2,h,9zd
wc2,m,6eg
wc3,h,8pd
wc3,m,v1p
wc3,m,zti
wc3,m,qaz
wc3,m,1cgn
wc4,m,sq4
wc4,m,tbp
wc4,m,rh6
wc4,m,rnk
wc4,m,tk0
wc4,m,h98
wc4,m,1eb4
wc4,m,rh0
wc4,m,rnj
wc4,m,1gz4
wc4,m,s18
wc6,h,6gx
wc7,h,1kph
wc8,h,13su
wc9,h,axy
wca,h,5vh
wcb,h,8t4
wcd,h,mfs
wch,h,qvq
wci,h,p3l
wcj,h,12ap
wck,h,awh
wcl,h,1itk
wcm,h,7ln
wcn,h,qvq
wco,h,8t4
wcp,h,12oh
wcq,h,12oh
wcr,h,ikb
wcs,h,1g6f
wcu,h,1fon
wcw,m,wkk
wcw,m,y0u
wcw,m,ppm
wcw,m,s97
wcw,m,wqb
wcw,m,z9z
wcw,m,1kfc
wcw,m,wa2
wcw,m,qdj
wcw,m,rgt
wcx,s,1jzp
wcy,h,ywq
wcz,h,edy
wd0,h,1fon
wd1,h,213
wd2,h,1d46
wd5,s,139i
wd6,h,16mq
wd7,h,ny6
wd8,h,1ggj
wd9,s,1i85
wda,h,xdu
wdb,h,xdu
wdc,h,xan
wdd,h,11c5
wde,h,ii1
wdg,h,10zp
wdh,h,239
wdj,h,eqm
wdk,h,15oq
wdl,h,hm6
wdp,h,sth
wdq,m,wds
wds,h,ro6
wdu,s,m08
wdu,s,wud
wdv,h,1c20
wdw,h,lhs
wdz,m,lik
we4,h,fsv
we5,h,15ee
we8,h,17uv
we9,h,15dx
wea,h,15io
web,h,vdc
wec,h,s5o
wed,h,hzw
wee,h,1620
wei,h,tk
wej,s,weo
wek,h,91u
wel,h,91u
wem,s,2vx
weo,s,1bd5
weo,s,wej
weo,s,1jkx
wep,s,yjy
wep,s,isb
wep,s,vg4
wep,s,asu
weq,h,krf
weq,m,vtz
weq,m,7ls
wes,h,80b
wet,h,93j
weu,h,a7b
wev,h,19ik
wew,h,krf
wex,h,krf
wex,m,wey
wey,h,t6i
wez,h,12of
wf1,h,15bb
wf2,h,weq
wf2,m,16nf
wf3,h,krf
wf3,m,wf4
wf4,h,1hwv
wf4,m,19ik
wf5,h,qna
wf6,h,wf4
wf6,m,1f35
wf6,m,wf8
wf7,h,60z
wf8,h,1bd1
wf9,h,588
wfa,h,yxh
wfa,h,u0f
wfc,h,kp9
wfd,h,gfd
wfe,h,iu7
wff,h,mn
wfg,h,edz
wfh,h,gj9
wfi,h,oav
wfk,s,zgh
wfn,h,ur8
wfo,h,xdt
wfp,h,n01
wfq,h,n1h
wfr,h,17ha
wfs,s,13uh
wfu,h,zkr
wfy,h,1ffp
wg0,h,1fon
wg0,m,8v1
wg1,h,g0s
wg2,h,259
wg6,h,coi
wg7,h,19qz
wg8,h,wiu
wg9,h,8vp
wgb,h,mpy
wgd,h,5dn
wgf,m,war
wgh,m,wau
wgi,h,1a1g
wgj,h,ntm
wgk,h,h4o
wgn,s,872
wgo,h,1755
wgp,h,1755
wgq,h,15bb
wgr,s,znp
wgs,h,30n
wgt,m,wbe
wgv,h,12wv
wgw,h,bdb
wgy,h,u5i
wgz,h,1cwn
wh0,h,1kjx
wh1,h,1kpt
wh4,h,ue9
wh5,h,18xq
wh6,h,199a
wha,h,kl
whb,h,iw
whc,h,it
whd,h,gtg
whe,h,c4o
whf,h,prc
whg,h,fj8
whh,h,150m
whi,s,16jm
whj,s,prf
whk,h,pws
whl,s,prf
whm,h,pr9
whn,h,pre
who,h,m5g
whp,h,1a64
whr,m,wti
whs,h,9hj
whu,h,1g4e
whv,h,yxh
whw,h,91u
whx,h,1jgz
why,h,9mc
whz,h,ba8
wi1,h,aj8
wi2,h,15mz
wi3,h,ysd
wi4,h,14m6
wi5,h,r1c
wi6,h,yzt
wi8,h,16da
wi9,m,x78
wia,s,zq0
wic,h,i9z
wid,s,887
wid,s,ijf
wif,h,3hu
wig,s,vr8
wii,s,1i4z
wil,h,ikw
wil,m,p9
wil,m,19oe
win,h,iu7
wio,h,1681
wiq,h,1g6f
wir,h,19y9
wis,h,srl
wiu,h,vlw
wiv,s,qtg
wiw,h,iz7
wix,h,bzf
wiy,h,bzf
wiz,h,18oj
wj0,h,m1e
wj2,h,19y9
wj4,h,gvy
wj5,h,14do
wj5,h,jn5
wj9,h,10dd
wja,h,c4k
wjb,s,1az0
wjc,h,10d9
wjd,h,1a5t
wje,h,1a5m
wjf,h,74x
wjg,h,xbf
wjh,h,7e7
wjl,s,yj1
wjl,s,y3q
wjl,s,69s
wjl,s,1d7r
wjo,h,bmj
wjp,h,31s
wjq,s,wuc
wjs,h,e41
wjt,h,e43
wju,h,fo3
wjv,s,e44
wjw,h,j0k
wjx,h,tv2
wjy,h,f5w
wjz,h,13w4
wk0,h,e71
wk1,h,ekw
wk2,h,1ap4
wk3,h,inu
wk4,h,fb2
wk6,h,3h7
wk7,h,1kkz
wka,h,13p3
wkb,h,75x
wkd,h,hn4
wke,h,84i
wkf,h,1gne
wkg,h,li9
wki,h,xnh
wkk,m,v7c
wkk,m,17er
wkk,m,1j5v
wkk,m,grh
wkk,m,wkj
wkl,h,1qp
wkm,h,dje
wko,h,cuz
wkp,s,qwe
wkp,s,191o
wkw,s,s61
wkx,s,10or
wky,s,tva
wkz,h,t9b
wl1,h,13hy
wl3,h,yvj
wl4,h,121
wl8,h,8m9
wl9,h,11fm
wla,h,1agv
wlb,h,b11
wlc,h,46f
wld,h,2zx
wle,h,oav
wle,m,wlg
wlf,h,sr9
wlg,h,oaw
wlh,h,7wt
wli,h,12bo
wlj,s,11et
wll,h,jkp
wlm,h,1g6s
wlq,s,y38
wlr,s,fdo
wlt,h,ubu
wlu,s,1az0
wlv,m,1917
wlw,m,1919
wlx,h,yrq
wly,s,886
wm0,h,wf8
wm1,h,r3l
wm2,h,ijz
wm4,h,et8
wm5,h,150h
wm7,h,1hwy
wm9,h,nne
wma,h,ii1
wmb,h,kp3
wme,h,wnk
wmf,h,61m
wmg,h,f4l
wmi,h,fda
wml,m,wmk
wml,m,uoa
wmm,h,bj4
wmo,h,1614
wmp,h,el7
wmq,h,160n
wmr,h,160r
wms,h,ttl
wmt,s,160s
wmu,s,160z
wmv,s,s2b
wmw,h,15vd
wmx,h,1fa
wmy,h,1291
wmz,h,vex
wn0,h,n2c
wn2,h,nu9
wn3,h,1hs6
wn4,h,2jy
wn5,h,1ij2
wn6,h,6ar
wn7,h,im
wn8,h,1kqz
wn9,s,pp8
wna,h,wop
wnb,h,7o8
wnc,h,wqq
wnd,h,j5w
wne,h,4e
wnf,h,8h4
wng,h,16kn
wnh,h,wn8
wni,s,nq6
wnj,s,b1z
wnk,h,plc
wnl,h,v3x
wnm,h,woo
wnn,h,bpl
wno,h,r78
wnp,h,cfb
wnq,h,cfd
wnr,h,euf
wns,h,1d81
wnt,h,dwa
wnu,h,dwf
wnv,h,edn
wnw,h,cvt
wnx,h,nr
wny,h,axa
wnz,h,fc7
wo0,h,1cbw
wo0,m,k9h
wo0,m,143m
wo0,m,1cc5
wo1,h,omh
wo2,s,1ht8
wo3,s,1hff
wo5,h,vrd
wo7,h,1815
wo8,h,1kqz
wo9,h,6pc
woa,h,j5j
wob,h,26r
woc,h,1gr5
wod,h,kyi
woe,h,1kn4
wof,h,g94
wog,h,mnl
woh,s,1kqr
woi,h,woc
wol,h,qnf
wom,h,qno
won,h,15vc
woo,h,r7b
wop,h,i7q
woq,s,uf8
wor,h,t8g
wos,h,v3u
wot,h,v3x
wou,h,cgu
wov,h,vl4
wow,s,pou
wow,s,z6d
wox,s,1hpe
woy,h,7qa
woz,h,xse
wp0,h,1c53
wp1,h,wn0
wp3,h,nu9
wp4,h,11d6
wp5,h,14nw
wp6,h,14nw
wp7,s,feo
wp8,h,12f4
wp9,h,12f0
wpa,h,i85
wpb,h,13rd
wpc,h,1423
wpd,h,1427
wpe,h,150m
wpf,h,150q
wpg,h,15i7
wph,h,1eg6
wpi,h,woo
wpj,h,i7q
wpk,h,16j8
wpl,h,j9j
wpm,h,j5w
wpn,h,1fs7
wpp,h,er6
wpq,h,j5g
wpr,h,j5h
wpv,h,3s2
wpx,h,1jtk
wpx,h,17fc
wpx,m,1ip5
wpx,m,yqg
wpy,s,uf8
wpz,h,yl4
wq0,h,zif
wq1,h,38e
wq2,h,1kkw
wq4,h,1ers
wq7,m,w33
wq7,m,1j1v
wq7,m,5e2
wq7,m,mxl
wq7,m,1gya
wq7,m,1kug
wq7,m,nun
wq7,m,xvx
wq7,m,rql
wq7,m,art
wq9,h,1qp
wqb,m,qcm
wqb,m,1c5x
wqb,m,zsv
wqb,m,1k4i
wqb,m,arm
wqb,m,nmp
wqd,h,1aj7
wqf,h,1qp
wqg,h,1bux
wqh,h,1bv6
wqi,h,1bvb
wqj,h,1bvb
wqk,h,1cjb
wql,h,1cjh
wqm,h,1k8j
wqn,h,kme
wqo,h,ckc
wqp,h,1c4x
wqr,h,wnk
wqs,h,pmc
wqu,h,1fs7
wqv,h,ki1
wqx,h,a7u
wr1,h,yp9
wr2,h,1gcv
wr3,h,1ght
wr4,h,13a4
wr5,h,uh2
wr5,h,1kib
wr6,h,hn2
wr7,h,1gjz
wr8,s,1k03
wra,h,1iiz
wrb,s,iuc
wrb,s,8n
wrj,h,1dwu
wrk,h,nya
wrl,h,587
wrm,h,be3
wrn,h,rzj
wro,h,rzu
wrs,h,16br
wrv,h,e43
wrw,s,1he
wrw,s,14wv
wrw,s,tip
wrx,h,zoi
wry,m,dk4
wry,m,w6k
wry,m,143o
wry,m,1ewp
ws3,h,mea
ws5,h,1erv
ws6,h,ii
ws7,h,ba8
ws8,h,atf
ws9,h,at7
wsa,h,b5o
wsb,h,mn
wsc,h,91u
wsd,h,588
wsg,h,1dik
wsi,h,vj4
wsk,h,ewu
wsl,h,w7v
wsn,h,15f6
wso,h,1gj0
wsp,s,146w
wsq,h,d1i
wsr,s,1iya
wsr,s,17lt
wsr,s,v5j
wsr,s,1jph
wsr,s,xai
wsr,s,kf8
wsr,s,1ps
wsr,s,18d
wsr,s,xdo
wsr,s,15b7
wsr,s,vsy
wsr,s,11d1
wsr,s,1533
wsr,s,1ge9
wsu,h,18wh
wsv,s,1i85
wsw,s,xee
wsx,s,925
wsy,h,14te
wt0,h,37g
wt1,h,luh
wt2,h,wek
wt3,h,xds
wt7,h,1a0a
wt8,h,tay
wt9,h,kaq
wta,h,aij
wtb,h,6zu
wtc,h,enx
wtd,s,cgi
wte,h,1ght
wtf,h,pr9
wtg,h,11px
wth,s,12g5
wtj,h,s1
wtk,s,jeg
wtn,s,yo4
wtq,h,19by
wtr,h,1gi1
wts,h,bc2
wtu,h,3qy
wtv,h,pil
wtw,h,sh7
wtx,h,38x
wty,h,16je
wtz,h,t8s
wu0,h,16jd
wu1,h,16jl
wu2,h,pr9
wu3,h,19qt
wu4,h,ive
wu5,h,ive
wu7,h,16j9
wu8,s,19qy
wu9,h,csc
wua,h,18wi
wuc,s,3r4
wuc,s,wjq
wuc,s,tvd
wuc,s,j6j
wuc,s,8om
wuc,s,qee
wuc,s,wv6
wud,s,wdu
wue,s,1ex8
wuf,h,nt1
wug,h,dzw
wui,s,1exf
wui,s,1vz
wui,s,1hf
wui,s,1jt2
wuj,h,eac
wuk,h,e41
wul,s,1axf
wum,h,qq5
wup,h,vtp
wuq,s,bsq
wuq,s,y4o
wuq,s,wuv
wuq,s,1h7v
wur,h,11k5
wut,s,yjv
wuu,s,t2q
wuv,s,wuq
wuw,h,lzz
wux,h,13a4
wuy,h,31s
wuz,h,dcf
wv0,h,q16
wv1,h,mf
wv2,h,91v
wv3,s,13yp
wv4,s,16vo
wv5,s,cmh
wv5,s,19q1
wv5,s,e06
wv5,s,e05
wv6,s,wuc
wv7,s,1i3q
wv9,h,e01
wva,h,144u
wvd,h,c4k
wvf,s,16st
wvf,s,mi
wvh,h,wup
wvi,h,lxe
wvj,h,91v
wvk,h,mn
wvl,h,65p
wvm,m,wtj
wvn,s,1cfi
wvo,h,12f4
wvp,h,pz
wvq,h,91w
wvr,s,1bbx
wvs,s,qmp
wvt,h,1gde
wvu,h,v7n
wvv,h,170g
wvw,h,b1i
wvy,h,b4x
wvz,h,r0n
ww1,h,ai0
ww3,h,76j
ww4,h,17so
ww5,h,j2h
ww7,h,kod
ww8,h,oo4
ww9,h,1kyr
wwa,h,rip
wwb,h,rio
wwc,h,ner
wwd,h,1ed
wwe,h,1ee
wwg,h,zee
wwi,h,1b04
wwj,h,j2h
wwk,s,111p
wwl,h,1k08
wwm,h,1k0f
wwn,h,1k0d
wwp,h,uty
wwq,h,g3s
wwr,h,b8h
www,h,1fya
wwx,h,b8h
wwy,h,1ebc
wwz,h,bs4
wx0,h,1bch
wx1,h,lhs
wx2,h,fkh
wx2,h,es6
wx3,h,nhd
wx4,h,18wh
wx5,h,91v
wx6,h,a6b
wx7,h,1jvi
wx9,h,e3i
wxa,h,h4r
wxb,m,sji
wxd,s,1cdf
wxe,h,18e7
wxf,h,5qf
wxg,h,quq
wxj,h,1hwx
wxj,m,n3c
wxj,m,3ez
wxj,m,8yj
wxk,h,smr
wxl,h,j2h
wxm,h,36n
wxo,h,1kqy
wxq,h,cvw
wxs,h,1bbv
wxt,h,11un
wxt,m,5kp
wxt,m,ltu
wxt,m,wxv
wxt,m,8v5
wxv,h,re0
wxv,m,850
wxv,m,19vd
wxw,h,dqr
wxx,h,1399
wy1,h,19u0
wy2,s,vyf
wy3,h,239
wy6,h,wiu
wy7,h,w63
wy9,h,12oh
wya,h,1fod
wyb,h,krd
wyc,h,1ck9
wyf,s,1aby
wyg,h,kre
wyk,h,749
wyn,m,wz6
wyo,h,3ez
wyp,h,zer
wyq,h,way
wyr,h,11pc
wyt,s,yhe
wyu,s,1hiw
wyv,h,12s2
wyw,h,178n
wyx,h,3o9
wyy,h,oav
wyz,h,16c1
wyz,m,8r7
wyz,m,wl8
wyz,m,18uq
wz0,h,3me
wz2,s,x0h
wz3,h,wiu
wz4,h,1jw1
wz6,h,ifo
wz9,h,h3h
wzb,h,1inx
wzc,h,1inf
wzd,h,te1
wzf,h,1jtf
wzg,h,dca
wzk,s,12y5
wzl,h,81t
wzm,h,13z5
wzn,h,hh
wzq,h,zpq
wzr,m,mhg
wzs,m,wzr
wzu,h,1lt
wzy,h,34m
wzz,h,pmz
x01,h,g0s
x04,h,fpg
x04,m,zt6
x07,h,u5a
x08,h,z20
x09,h,z20
x0a,h,z1w
x0b,h,16bx
x0d,h,13pm
x0f,s,yl7
x0g,h,gt
x0h,s,wz2
x0i,h,1rq
x0j,h,i0h
x0n,s,aql
x0o,h,10dd
x0p,h,tgz
x0q,h,m1b
x0t,h,2ak
x0u,h,21i
x0w,h,d8u
x0x,h,tjx
x0y,m,xv6
x0z,s,oed
x10,h,1c4i
x12,h,vex
x14,s,qps
x15,h,1e74
x16,h,1gi0
x17,h,pd8
x19,h,11k5
x1a,h,1cwn
x1b,s,1hnr
x1c,h,11fm
x1d,h,1bub
x1e,h,kk
x1f,h,v68
x1g,h,1a85
x1h,s,y8z
x1i,h,b5l
x1l,h,1ebi
x1m,s,otg
x1n,h,xlw
x1p,h,ffw
x1q,h,oc3
x1r,h,19e
x1t,s,yk5
x1u,h,g4h
x1v,h,bxa
x1w,h,nv8
x1x,h,vde
x1y,h,g46
x20,h,vde
x21,h,157d
x22,h,85d
x23,h,kaq
x24,s,1e6o
x25,h,1kki
x26,h,1f82
x27,h,4z8
x29,h,r9t
x2a,h,yrs
x2e,h,bp0
x2g,h,1er0
x2l,h,108b
x2s,h,p6
x2t,h,v3k
x2u,h,13oy
x2v,h,1kbn
x2x,h,1kbn
x2x,h,157e
x30,h,jqj
x31,h,tm4
x32,h,1izm
x33,h,v0y
x34,s,t0j
x37,m,5bv
x37,m,6hj
x37,m,o6b
x37,m,7gs
x37,m,wfb
x37,m,1kve
x37,m,wqa
x37,m,5dl
x38,h,1qp
x3a,h,86o
x3g,h,1gi7
x3n,m,lfb
x3o,h,19gd
x3q,s,11gr
x3t,h,7bp
x3w,h,1akh
x3y,s,1aby
x3z,h,d4q
x40,h,1iku
x41,h,z2y
x42,h,4wp
x45,h,pp5
x46,h,fpx
x49,s,hlu
x4b,h,yzp
x4d,h,18cz
x4e,h,pn8
x4f,h,ive
x4g,h,4ql
x4l,h,tr9
x4l,m,x4g
x4m,h,1kl0
x4n,h,1klm
x4p,h,c7i
x4q,h,ftj
x4r,h,jm4
x4s,h,dol
x4t,h,1jgw
x4u,h,xmz
x4v,h,129z
x4w,h,jey
x4x,h,fzx
x4y,h,jey
x4z,h,jkp
x56,h,lo0
x58,h,1yf
x59,h,twt
x5c,h,v9z
x5d,h,t6u
x5e,s,rjo
x5f,h,xdt
x5g,h,4pe
x5h,h,wjg
x5i,h,1klm
x5j,h,jn4
x5k,h,j2h
x5l,m,x93
x5l,m,325
x5l,m,js6
x5m,h,gyn
x5n,s,97x
x5n,s,x5v
x5n,s,q9i
x5n,s,a1h
x5n,s,178i
x5o,h,vr2
x5p,s,w0u
x5q,h,q59
x5s,h,vp0
x5u,h,11qp
x5v,s,x5n
x5w,h,14te
x5x,h,161l
x5y,h,15vc
x5z,h,161p
x63,h,ebt
x64,h,2g
x67,h,h6o
x68,s,1id5
x69,h,q5j
x6c,h,xm7
x6c,h,11y7
x6d,m,x6l
x6e,h,aqw
x6k,h,j2h
x6l,h,xlq
x6m,m,x6n
x6o,h,by9
x6u,h,180o
x6v,s,tey
x6w,h,55w
x6z,h,75x
x70,s,gvi
x71,h,o7d
x75,h,147w
x76,h,1fon
x77,h,12ax
x78,h,jw6
x7a,h,10m
x7b,m,8eq
x7b,m,1ek0
x7b,m,jr4
x7b,m,veu
x7b,m,1510
x7b,m,x7a
x7c,h,tay
x7f,s,16ug
x7h,h,x45
x7i,h,91u
x7j,h,bur
x7k,h,18p5
x7o,h,zj9
x7o,h,1vy
x7p,h,n46
x7t,h,5g5
x7u,h,mqg
x7v,h,1d98
x7w,h,m1s
x85,h,dtg
x87,h,ahi
x87,m,drg
x87,m,g7x
x8a,h,1eoq
x8b,s,gyt
x8c,s,w2f
x8d,h,pwe
x8h,h,1izm
x8i,h,12cw
x8j,h,5z1
x8k,h,805
x8m,h,107d
x8n,s,hpu
x8o,h,ct4
x8o,h,oot
x8p,h,dyi
x8q,h,rzj
x8t,h,fg5
x8t,h,x8u
x8u,h,bxb
x8w,h,op0
x8x,h,df9
x8y,h,15jj
x92,h,hk7
x93,m,xgo
x95,h,2zv
x95,m,1f3v
x98,h,kvc
x99,h,1gaj
x9a,h,11t0
x9b,h,bc4
x9d,m,sp5
x9h,m,wdk
x9h,m,whu
x9i,h,fbk
x9k,s,cl0
x9l,h,72h
x9r,h,12g2
x9t,h,1f3z
x9u,m,1jfn
x9v,h,xb7
x9w,h,xm7
x9x,s,1kmx
x9y,h,ti2
x9z,h,x9y
xa0,h,462
xa1,h,1cyi
xa2,h,19uu
xa3,h,10oz
xa4,h,1kur
xa6,h,14
xa7,h,qxd
xa8,h,87v
xa9,h,siz
xaa,s,1i2j
xac,s,vmf
xae,h,oav
xaf,h,eqm
xag,h,1f8a
xah,h,11d9
xai,s,wsr
xaj,h,wsy
xak,h,91n
xal,h,1cj7
xam,h,144h
xan,h,91n
xaq,h,1cj7
xar,h,8o2
xas,s,l1
xas,s,gks
xau,h,bc2
xav,h,ii
xax,s,8nz
xay,s,8nz
xaz,s,1i10
xb0,h,ls6
xb1,h,j2h
xb2,s,aql
xb3,h,aq8
xb5,h,uqz
xb6,h,12m
xb7,h,p37
xb8,h,y6e
xb8,m,xb9
xb9,h,y6f
xbb,h,1762
xbc,h,5zm
xbc,m,r5n
xbc,m,o7a
xbc,m,1kcl
xbd,h,5zn
xbe,h,13uk
xbf,m,xfr
xbg,h,dhz
xbh,h,1ggj
xbi,h,gl0
xbj,h,gkt
xbk,h,pxn
xbl,h,i5a
xbm,h,i5a
xbo,h,zit
xbp,h,1brt
xbr,h,aq2
xbs,h,aq8
xbt,h,1c4a
xbu,h,vdt
xbv,h,18gs
xby,h,1d96
xbz,h,19qt
xc0,h,xcj
xc1,h,3g4
xc2,h,k5l
xc3,h,qqt
xc4,h,zp8
xc5,h,xxu
xc5,m,xcc
xc6,h,a5r
xc8,h,a5x
xc8,h,v3
xc9,h,a5s
xca,s,t0j
xcb,s,1ifa
xcc,h,1awe
xcd,h,dzu
xce,s,z8
xcf,s,ss
xch,h,32y
xci,h,12r8
xcj,h,l30
xcj,m,ao2
xck,h,mzc
xcl,h,z21
xcm,h,1hrz
xcn,s,1bjj
xcp,h,1816
xcq,h,oav
xcr,h,17g1
xcs,h,11k5
xcu,h,v72
xcw,h,1gfb
xcx,h,v5e
xcy,h,es6
xcz,h,fkh
xd0,h,1fuv
xd1,h,n1c
xd3,s,1fp4
xd4,s,9of
xd5,s,2je
xd6,h,179b
xd6,m,ejf
xd6,m,10ed
xd6,m,1fx2
xd6,m,m7l
xd7,h,zq2
xd7,m,tzj
xd7,m,xd6
xd8,h,zhi
xd9,h,m1b
xda,h,h10
xdb,h,zhp
xdc,h,jlw
xdd,h,1g33
xdf,h,2fc
xdh,h,1c2a
xdj,h,1guu
xdk,h,2fc
xdl,h,vs1
xdm,h,wsy
xdn,s,1313
xdo,s,wsr
xdp,h,e16
xdq,h,91n
xdr,h,1gzl
xdv,h,91w
xdw,h,xz
xdx,h,198n
xdy,h,91v
xdz,h,u42
xe1,h,144j
xe2,h,xdt
xe3,s,1a84
xe4,h,nne
xe6,h,xm7
xe7,h,jd
xe8,h,91n
xe9,h,1kly
xea,h,1ggj
xeb,h,b0y
xec,h,13vw
xec,h,1a4c
xec,m,1djj
xec,m,19f4
xec,m,csu
xec,m,ct5
xec,m,18l5
xed,h,1bto
xee,s,jek
xee,s,shr
xee,s,ze7
xee,s,1j15
xee,s,16s0
xee,s,10a
xee,s,3pi
xee,s,105
xee,s,1k8r
xee,s,wsw
xee,s,5wc
xef,s,nv4
xef,s,y4
xef,s,1cu9
xef,s,o1j
xeg,s,23n
xei,h,df9
xen,h,10m
xeo,m,1kz0
xeo,m,tvz
xeo,m,4yd
xeo,m,va2
xeo,m,xen
xeq,h,xlw
xer,h,9bb
xes,h,b6b
xet,h,1fs7
xeu,h,1fs7
xev,h,tjc
xex,s,1044
xex,s,1dkw
xex,s,1ibk
xex,s,1bgg
xf3,h,uv6
xf4,h,n8y
xf5,h,mfl
xf7,h,16ed
xf8,h,ev7
xf9,s,fcz
xfc,h,mfl
xfd,h,wx1
xfg,h,vyq
xfh,h,1a64
xfi,h,192j
xfj,h,1bch
xfk,h,1aqr
xfl,h,12cw
xfm,h,151q
xfn,h,17gn
xfo,h,fda
xfp,h,bgx
xfq,h,91u
xfr,h,jnw
xfs,h,m3w
xft,h,mhk
xfv,h,25l
xfx,h,j5g
xfz,h,sgl
xg0,h,1bbu
xg1,s,cl0
xg2,h,18jz
xg3,h,s6v
xg6,m,nko
xg8,h,11t0
xg9,h,17du
xga,h,370
xgb,s,1k03
xgc,m,u59
xgd,h,1kmw
xge,h,12s6
xgf,h,qfv
xgm,h,wf4
xgo,m,xgp
xgp,h,55p
xgq,h,1478
xgr,h,ckb
xgs,h,i54
xgt,h,1avn
xgu,h,srl
xgv,h,140z
xgx,h,1e3g
xgy,h,xmz
xgz,h,oav
xh6,h,1izm
xh7,h,k3m
xh8,m,xh7
xha,h,1cqd
xhb,h,1bla
xhc,h,1d78
xhd,s,fxp
xhf,s,8rf
xhh,h,g0s
xhi,s,1h4l
xhi,s,f83
xhj,s,b41
xhk,s,12ut
xhl,s,5cg
xhl,s,1gmi
xhl,s,xht
xhl,s,14s9
xhl,s,1go4
xhl,s,5h1
xhl,s,14s4
xhl,s,rzx
xho,s,12u9
xho,s,5cv
xho,s,1gmk
xhp,h,1gde
xhq,s,r5v
xhs,s,5gy
xht,s,xhl
xhv,s,1ezi
xhv,s,g8h
xhv,s,1gi5
xhv,s,5ek
xhv,s,1f2f
xhv,s,g8i
xhv,s,19ms
xhv,s,14zp
xhv,s,g8g
xhv,s,14vx
xhv,s,ynd
xhv,s,14sh
xhv,s,13k
xhv,s,v6t
xhv,s,19ex
xhv,s,14sg
xhv,s,1gp6
xhv,s,gt5
xhv,s,z62
xhw,h,13vx
xhx,h,18p7
xhy,h,1eux
xhz,h,9s4
xi0,s,b41
xi1,h,yvk
xi2,h,q9n
xi4,s,q9t
xi5,h,rdl
xi7,h,uv6
xi8,s,q9s
xi9,h,yvk
xib,h,7o8
xic,h,q9r
xid,s,136s
xie,s,1ij9
xif,s,1522
xig,h,1fon
xii,h,lun
xij,h,n3b
xil,s,1p5
xim,s,1iq3
xio,h,191y
xip,s,1hfl
xir,h,1ikw
xis,h,1ehk
xit,h,9e6
xiu,h,hzi
xiv,h,9e5
xiw,h,ymm
xix,h,bc2
xiz,h,bud
xj0,h,hif
xj1,h,1a5w
xj2,h,610
xj3,m,10rh
xj5,h,5jn
xj6,h,9ea
xj9,s,1kmo
xja,s,gz1
xjd,h,tf9
xjg,s,g3m
xjh,m,1jkc
xji,h,lun
xjk,h,tmm
xjm,h,2vr
xjn,h,2vl
xjp,h,e5t
xjr,h,10dd
xjs,h,10d9
xjt,h,osb
xju,h,sfx
xjv,s,duo
xjw,h,cvw
xjw,h,sgc
xjx,h,xjw
xk1,m,15fl
xk1,m,xkj
xk4,h,17g1
xk5,h,dqd
xk6,s,19ns
xk8,h,1ehk
xk9,h,b30
xka,h,18o9
xkb,s,1bbh
xkc,s,1bbh
xkh,h,n7q
xkk,m,48d
xkm,m,p4g
xkn,h,1e8c
xko,h,1j4j
xkq,h,ms8
xkq,m,xkr
xkr,h,ms7
xkt,h,1j4j
xky,m,xkm
xkz,h,bvc
xl1,h,3nm
xl2,h,10vk
xl3,h,786
xl5,h,w9t
xl6,h,17wm
xl9,s,139i
xlb,h,1ebi
xlb,m,1eza
xlb,m,xl0
xlb,m,tqo
xlf,h,1blo
xlg,h,1fd9
xlh,h,42u
xli,h,em6
xlk,h,s20
xll,h,gkg
xlm,h,1ggj
xln,h,1bc5
xlo,h,11p
xlp,h,11p
xlq,h,4jj
xlr,h,aas
xls,h,1iso
xlt,h,11we
xlu,h,n3u
xlv,s,1bbf
xlx,h,1bkl
xly,h,kh
xly,m,4tc
xlz,h,1bkl
xm0,h,14je
xm1,h,iwk
xm1,h,xlw
xm3,s,11q7
xm4,s,92t
xm4,s,1agx
xm4,s,u0e
xm5,h,xec
xm5,h,12et
xm6,h,xm7
xm7,h,xlw
xm7,m,jxx
xm8,h,ews
xm9,h,1488
xmc,h,11fm
xmd,h,31s
xme,h,2zx
xmg,h,18mw
xmh,h,p7w
xmi,h,192j
xmj,h,18le
xmk,h,11zz
xml,h,1202
xml,m,xmk
xmn,h,1a3d
xmo,h,qkb
xmp,m,xmo
xmq,h,13xe
xmr,h,vy7
xmv,h,li9
xmw,h,17g1
xmx,s,l2c
xn0,h,j2h
xn1,h,fem
xn2,h,19vd
xn3,h,5ko
xn5,h,y1c
xn7,s,iaz
xn9,h,xn8
xna,s,1i8e
xnb,h,12xj
xnc,h,d2a
xnd,h,bc1
xnf,m,1ju2
xnf,m,5l0
xnf,m,12qx
xnf,m,wki
xng,m,w1u
xng,m,und
xng,m,vxf
xng,m,vg1
xng,m,xnf
xng,m,n8r
xng,m,xnh
xnh,h,8a4
xni,h,lun
xnj,h,luh
xnk,h,7qc
xnl,h,11p3
xnm,h,1cdj
xnn,h,928
xnp,h,12m
xnq,h,8o0
xnt,h,zou
xnu,h,239
xnv,h,91v
xnw,h,91l
xnw,m,xnq
xnx,h,91l
xo2,s,q3n
xo5,h,dn7
xo6,h,uwp
xo7,h,qre
xo8,h,11k5
xo9,h,r07
xoa,s,qz8
xob,s,fmt
xoc,h,15m8
xod,h,15m5
xoe,h,bc2
xof,h,1bkn
xog,h,1brt
xoh,h,zk2
xoj,h,15pg
xok,h,15pg
xom,h,1150
xon,h,j31
xon,m,1b6m
xoo,h,16so
xop,h,i5a
xoq,m,1bbe
xor,h,10cg
xot,m,1ktb
xot,m,v4k
xot,m,vwu
xot,m,7c9
xow,m,ph5
xoz,h,6bp
xp0,h,6bq
xp1,h,f70
xp1,h,1615
xp2,h,gmz
xp3,h,jfc
xp5,h,qmc
xp6,h,jrt
xpb,h,qli
xpc,h,1ci3
xpe,h,qkc
xpf,h,87j
xph,h,1bqq
xpi,h,jrg
xpi,m,18bq
xpn,h,1104
xpp,h,md3
xpq,h,qmc
xps,h,zig
xpt,h,1fxk
xpw,h,30n
xpz,m,yxd
xq0,h,kod
xq3,m,xq6
xq3,m,ien
xq3,m,1ebx
xq3,m,14bp
xq3,m,121h
xq3,m,rsb
xq4,h,11hk
xq9,s,iab
xqa,h,11jf
xqb,h,1cz0
xqe,h,4z8
xqg,h,16br
xqh,h,1fda
xqi,h,31c
xqj,h,kh
xqk,h,z1l
xql,h,17u
xqm,h,1cz0
xqo,h,it9
xqp,h,j2i
xqq,h,91u
xqr,h,anb
xqr,m,xqm
xqu,h,pio
xqx,h,tjc
xqy,h,1ees
xqz,h,197m
xr4,h,hp6
xr7,h,vh
xr9,h,b30
xra,h,1kn4
xrb,h,16dh
xrg,h,qdg
xrm,s,oym
xrn,m,xrk
xro,h,qsm
xrp,h,ozo
xrp,m,nga
xrp,m,vnb
xrq,h,jf3
xrq,m,xrw
xrq,m,nxw
xrq,m,a60
xrq,m,19qf
xrs,h,3g4
xrt,h,1dk6
xru,h,1klm
xrv,h,e3i
xrw,h,sm3
xrx,m,snx
xs0,s,qso
xs0,s,kbi
xs0,s,ct9
xs0,s,9gb
xs0,s,1i8y
xs1,s,1hg7
xs3,h,14te
xs4,m,35h
xs5,s,1i47
xs6,s,1hb9
xs7,s,1062
xs8,s,4dt
xsb,h,bc2
xsd,s,1jsq
xsf,h,16li
xsg,h,jaj
xsh,h,pyk
xsi,h,188o
xsj,h,e5z
xsk,h,sr2
xsl,h,eim
xsm,h,2ke
xsn,h,1bt7
xso,h,e5z
xsp,h,w1f
xsq,s,26x
xss,h,12dh
xst,h,11k5
xsu,h,11k5
xsv,m,1kc5
xsv,m,s8d
xsv,m,xsx
xsv,m,oc1
xsx,h,10m
xt0,h,mr7
xt2,h,6n5
xt7,h,j2h
xta,h,1kib
xta,h,sbc
xtb,h,mh2
xtb,m,1h6o
xtd,m,22j
xte,h,hu7
xtg,h,1ed
xth,h,1ee
xtk,h,1f69
xtl,h,1at6
xtm,h,1ast
xtn,h,lta
xto,h,15ks
xtp,h,pdk
xtp,h,1bfy
xtq,h,pdk
xtr,h,11pg
xtt,h,1ecj
xtu,m,y0c
xtx,h,86o
xtz,s,1i4t
xu1,h,t6i
xu5,h,pgn
xu7,h,1a85
xu8,h,1bil
xu9,h,1hgo
xub,h,gmz
xuc,s,emn
xud,s,1hvu
xue,h,crl
xuf,h,zq2
xug,h,qnz
xuh,h,qnf
xui,h,qnf
xuj,h,16id
xuj,m,613
xuj,m,rb6
xuj,m,ba3
xuk,h,192t
xul,h,w52
xum,s,azo
xun,h,1brt
xuo,s,g28
xuo,s,11np
xuo,s,ppj
xuo,s,zjf
xup,h,r9q
xuq,s,1d0w
xuq,s,bq4
xuq,s,1atn
xuq,s,1emc
xuq,s,xuw
xur,s,4dw
xus,h,1d0v
xut,s,tva
xuu,h,91v
xuv,h,vbs
xuw,s,xuq
xux,s,bq2
xuy,h,19qq
xuz,h,e3z
xv2,h,1k8c
xv3,h,16sv
xv4,h,131v
xv5,h,298
xv6,h,1k0n
xv7,s,yh1
xv8,h,65p
xv9,h,bo9
xvb,h,1fo8
xvc,h,315
xve,s,hku
xve,s,10ug
xvi,h,8pd
xvi,m,1fxr
xvn,h,1i35
xvo,h,oav
xvo,m,xvq
xvq,h,kaq
xvr,s,nuc
xvr,s,fd2
xvs,s,f4j
xvv,m,1l2o
xvy,h,11c5
xvy,m,xw6
xw0,h,be0
xw2,s,xwr
xw3,s,jjx
xw6,h,11k5
xw7,s,14dq
xwb,h,hjf
xwb,h,k6b
xwc,h,12g
xwd,h,12g
xwe,h,12g
xwg,h,12g
xwh,h,u6g
xwm,h,yl4
xwn,h,g0s
xwo,h,1p8
xwp,h,g0s
xwq,h,vz
xwr,s,xw2
xws,h,11c5
xwt,h,1ckm
xwv,h,91n
xwx,h,91u
xwy,h,91u
xx1,h,1cj7
xx2,s,or7
xx2,s,g3r
xx2,s,3o5
xx3,s,bk5
xx5,h,11k5
xx6,h,11k5
xx7,h,zou
xx8,s,14ko
xxd,h,11qp
xxh,s,gz9
xxi,s,1hci
xxj,s,11uu
xxl,h,ft
xxn,h,8h2
xxo,s,yo4
xxp,s,1c2u
xxq,s,1i3w
xxr,s,5g0
xxs,s,r1i
xxt,h,m1b
xxu,h,m1b
xxu,m,1awe
xxw,h,syj
xxx,h,qns
xxy,h,13ud
xy1,h,11qp
xy2,h,5g4
xy3,s,16jm
xy4,h,xyh
xy5,h,13u9
xy6,h,rb5
xy7,h,6ar
xy8,h,91u
xy9,h,ith
xya,h,mc
xyb,h,91u
xyc,s,12c6
xyh,h,14te
xyi,h,ttl
xyj,h,14te
xyj,m,949
xyk,h,8nw
xyl,h,1hy7
xym,h,1g8v
xyn,h,1h56
xyo,h,1f9m
xyp,h,1gi1
xyq,h,j5v
xyr,h,fng
xys,s,411
xyt,m,xyw
xyu,m,xyt
xyw,h,3mz
xyx,h,1e8c
xyy,h,fk7
xyz,s,pow
xz0,s,1id5
xz1,h,doo
xz5,h,1dfz
xz6,h,3dm
xz7,h,3dn
xza,h,12g
xza,m,xzr
xzc,h,2sj
xzd,h,12of
xze,h,8t6
xzf,s,kwk
xzg,h,14te
xzh,s,10vv
xzi,h,1cmy
xzj,h,1cmy
xzk,h,1cn2
xzl,h,1geh
xzo,h,iul
xzq,h,wf3
xzq,m,kbo
xzr,h,5xh
xzs,h,mnr
xzt,h,y35
xzv,h,z2w
xzw,h,ei0
y00,h,9ny
y01,h,qpb
y04,h,jea
y05,h,16sk
y06,h,1b9t
y06,h,je8
y08,h,oso
y0a,h,oh4
y0c,h,ro6
y0d,s,1jl5
y0d,s,y0i
y0d,s,pf
y0d,s,p2q
y0f,s,tcz
y0g,s,31e
y0i,s,y0d
y0l,h,fsv
y0n,s,1flz
y0o,s,1flz
y0p,s,her
y0q,s,1hn8
y0s,h,1flx
y0t,h,1afe
y0u,m,zcw
y0u,m,41f
y0u,m,12eh
y0u,m,16kw
y0u,m,tw8
y0v,h,1qp
y0y,h,kx8
y0z,h,1e8c
y10,h,aas
y11,h,1c41
y13,s,qbu
y17,s,ib1
y17,s,y2f
y17,s,qak
y17,s,z0m
y18,s,qjc
y1a,h,t8h
y1b,h,y2c
y1c,h,1fcq
y1d,m,eye
y1d,m,1g5t
y1d,m,1cpv
y1d,m,xto
y1d,m,1fh8
y1d,m,1fkc
y1d,m,s44
y1e,h,swz
y1f,h,deu
y1f,m,18s0
y1f,m,18rz
y1g,h,10sf
y1h,h,zhp
y1h,m,amc
y1i,h,11mp
y1k,h,48h
y1l,h,cql
y1m,s,1fhc
y1m,s,e2w
y1n,h,uh1
y1o,h,scq
y1p,h,rwu
y1p,m,1193
y1r,h,e3i
y1s,h,y1h
y1t,h,aao
y1u,h,y1v
y1v,h,ls6
y1w,h,u15
y1x,h,fy9
y1y,h,fxy
y20,s,1dt8
y21,h,v68
y22,h,1jo5
y23,h,dx3
y26,h,192j
y28,m,y29
y2b,s,qps
y2c,h,bc2
y2d,h,y1c
y2f,s,y17
y2g,h,14te
y2h,h,12p8
y2i,h,pxk
y2i,m,j1d
y2i,m,12op
y2j,h,nnq
y2k,h,13oo
y2l,s,1af9
y2m,h,1eve
y2o,h,cs4
y2p,h,nki
y2q,h,12ya
y2r,s,ef1
y2t,h,1gi7
y2u,s,1k7c
y2w,h,ij4
y2x,h,148q
y2y,h,1cjh
y2z,h,ei1
y30,h,144m
y31,s,11lw
y31,s,289
y32,s,frl
y35,h,ei0
y36,h,jwy
y37,s,411
y38,s,wlq
y39,s,95m
y3c,h,12qd
y3d,h,14te
y3e,h,1t5
y3g,h,e2j
y3n,h,88i
y3o,s,ent
y3o,s,q3s
y3o,s,t6z
y3q,s,wjl
y3r,s,1ko3
y3s,h,nt1
y3t,s,10vv
y3u,s,kcb
y3v,h,10vk
y3w,h,fj5
y3x,h,kh
y3y,h,azp
y3z,h,5l7
y40,s,5l3
y41,s,5l3
y45,h,d4q
y46,h,1iku
y47,h,11k5
y48,h,yzp
y49,h,12zl
y4a,h,69n
y4b,h,azy
y4c,h,2sg
y4d,h,l9b
y4e,s,l9c
y4f,s,q7r
y4h,h,zou
y4l,h,11un
y4l,m,o7h
y4l,m,y4m
y4m,h,1kmr
y4o,s,wuq
y4p,s,9zk
y4q,h,31w
y4q,h,p7w
y4r,h,api
y4s,h,bmj
y4u,h,w63
y4v,h,tmg
y4w,s,tmf
y4x,h,tmj
y50,h,1kki
y51,h,rdc
y52,h,9c7
y54,h,r2i
y55,h,3w8
y56,h,8vv
y58,h,12bp
y5c,h,ffw
y5d,h,17q6
y5f,m,10ax
y5h,m,iia
y5h,m,sa2
y5h,m,oir
y5h,m,eyt
y5h,m,uy5
y5h,m,s8y
y5h,m,24r
y5h,m,y5j
y5h,m,19w4
y5j,h,34m
y5k,m,10dp
y5l,h,qdn
y5n,m,8mu
y5o,h,wiu
y5p,h,sj0
y5q,h,32
y5r,h,1tk
y5u,h,sfr
y5v,h,vu9
y5w,h,1gvk
y5y,h,1e9r
y5z,s,1g4v
y61,h,fit
y64,h,w63
y65,h,it9
y69,s,19pj
y6a,m,zbr
y6d,s,fdt
y6e,h,jrd
y6e,m,1e8h
y6e,m,154b
y6f,m,ehs
y6f,m,3uo
y6i,h,1989
y6k,s,1ezz
y6o,h,fpx
y6p,s,62u
y6q,s,14z
y6t,h,16wa
y6u,h,lq8
y6v,h,liv
y6w,h,12zl
y6x,h,pxd
y6y,h,luh
y6z,h,5hl
y70,h,ton
y71,h,14nw
y72,s,a8t
y75,m,saj
y77,h,kod
y78,h,oc3
y79,s,a2s
y7a,h,1gfb
y7b,h,mgw
y7d,h,j2h
y7d,m,3yh
y7e,h,13xo
y7f,h,1kwc
y7g,h,8ke
y7h,h,q75
y7h,m,19r2
y7j,s,6ci
y7k,s,uhd
y7l,h,ifo
y7m,m,1ue
y7m,m,17mp
y7m,m,tfh
y7m,m,w95
y7m,m,172s
y7m,m,ha5
y7m,m,yer
y7m,m,1ikr
y7m,m,2xc
y7m,m,y7l
y7o,h,1jul
y7p,h,1jvr
y7q,h,5jq
y7r,h,1ebf
y7t,h,1ebe
y7u,h,1ebe
y7v,h,azc
y7x,h,10cg
y81,h,1a85
y82,h,qmc
y84,h,1xy
y85,h,5g5
y88,h,1gx2
y8a,h,n46
y8e,h,1bsg
y8g,h,vu9
y8h,h,1gx2
y8i,s,h7l
y8k,h,1104
y8m,h,11va
y8m,h,y8s
y8o,h,vu9
y8q,m,y8r
y8r,h,qum
y8s,h,y85
y8u,h,w0y
y8v,h,1dxb
y8w,h,zig
y8x,h,1eax
y8z,s,z28
y8z,s,14ct
y8z,s,php
y8z,s,vwf
y8z,s,b6s
y8z,s,pj2
y8z,s,1101
y8z,s,yy5
y8z,s,18mg
y8z,s,eei
y8z,s,11rb
y8z,s,x1h
y8z,s,fvm
y90,h,1a85
y93,h,1g52
y97,h,lxd
y98,s,33r
y99,h,1cpg
y9a,s,y9s
y9b,h,11k5
y9d,s,aqy
y9e,s,1heb
y9g,h,vz
y9h,h,yjj
y9i,h,11ny
y9j,h,yvd
y9k,h,9c9
y9l,h,esq
y9m,h,yvd
y9n,h,91u
y9o,h,1jsx
y9p,h,sfx
y9q,h,efe
y9r,h,91u
y9s,s,y9a
y9t,h,ti9
y9u,h,yum
y9v,h,tjx
y9x,m,aqf
y9x,m,16fl
y9y,h,1qp
y9z,h,pjr
ya5,s,10uu
ya5,s,1drd
ya5,s,yas
ya5,s,1kxr
ya5,s,l7r
ya5,s,1ib7
ya5,s,1ice
ya5,s,15o9
ya5,s,1715
ya5,s,17bl
ya5,s,1j5o
ya5,s,yb1
ya5,s,ytc
ya5,s,p2l
ya6,s,1id0
ya7,s,1i3e
ya8,s,zur
ya9,s,t2q
yaa,s,gxy
yab,s,1h9e
yac,h,1qp
yad,m,v47
yad,m,w3v
yad,m,bab
yad,m,dr5
yad,m,132b
yae,m,7ti
yae,m,4p3
yae,m,10zn
yae,m,13qo
yae,m,yaq
yae,m,x84
yae,m,1gje
yaf,m,6n0
yaf,m,m6j
yaf,m,1c6
yaf,m,1eli
yaf,m,17ln
yaf,m,7vc
yaf,m,loe
yaf,m,jd6
yaf,m,89h
yaf,m,115i
yah,h,yal
yak,h,jye
yam,m,1jqo
yam,m,rou
yam,m,p8
yam,m,yc8
yam,m,1dzx
yam,m,17eq
yam,m,5f3
yam,m,suf
yam,m,1bk
yam,m,yat
yam,m,sik
yam,m,1ik1
yam,m,74o
yam,m,1eb0
yam,m,8mw
yam,m,18m4
yam,m,c2t
yam,m,ebn
yam,m,1gl
yam,m,p6b
yao,h,qpb
yar,s,1kxh
yas,s,ya5
yaw,h,ytl
yax,h,2z2
yay,h,as2
yaz,h,1349
yb0,s,zqc
yb1,s,ya5
yb2,h,g1l
yb6,h,1c4i
yb9,h,aed
yba,h,120
ybd,h,qno
ybe,h,qno
ybf,h,qno
ybg,h,77i
ybh,h,6wb
ybi,h,6wa
ybi,h,ybe
ybj,h,25m
ybk,h,16ie
ybl,h,13lg
ybl,m,17mi
ybl,m,as0
ybl,m,av9
ybl,m,jjd
ybl,m,nyt
ybm,h,14eg
ybn,h,13vw
ybo,h,10kf
ybp,h,s1w
ybq,h,ybj
ybs,h,1cbk
ybt,h,z8g
ybv,h,1cdw
ybw,h,r3y
ybx,s,r44
yby,s,qnw
ybz,h,183n
yc1,m,gvz
yc3,h,kod
yc5,h,19gc
yc7,h,3vn
yc9,m,yc8
ycb,h,12op
ycc,s,12p4
ycd,h,5jn
yce,h,5jp
ycf,h,5jp
ycg,h,h0u
ych,h,5js
ycj,h,mfy
ycl,h,rhy
ycn,m,v42
ycn,m,ycp
ycq,s,mkc
ycq,s,12gz
ycs,s,13dc
ycu,h,12h3
ycv,h,128j
ycw,h,bc2
ycy,h,13ry
ycz,h,df9
yd0,h,df9
yd1,h,91u
yd2,h,c4i
yd3,h,w63
yd4,h,aka
yd5,h,k5d
yd6,h,12du
yd8,h,2ix
yd9,h,xse
ydc,m,1ft5
ydd,h,ai5
yde,h,1irm
yde,h,1fz
ydf,h,y6r
ydg,h,sj1
ydj,h,v1w
ydk,h,ki1
ydm,m,yca
ydm,m,ydl
ydm,m,ydr
ydn,m,pjc
ydn,m,ydl
ydn,m,uw3
ydn,m,8d
ydn,m,su2
ydn,m,ydq
ydq,h,10m
ydr,h,10m
yds,h,omh
ydt,h,5l7
ydu,h,1fon
ydu,m,wci
ydu,m,iht
ydv,h,1fon
ydw,h,1fon
ydy,h,dq3
ydz,h,1h3m
ye0,h,1fon
ye1,h,qfv
ye2,h,3gw
ye3,h,gj9
ye4,h,805
ye5,h,lpa
ye6,h,ty7
ye6,h,yej
ye6,m,ye4
ye7,h,mh8
ye8,h,1fis
yea,h,hxz
yeb,h,fx7
yec,s,uba
yee,s,11gr
yef,h,1akv
yeg,h,ggl
yei,h,yej
yej,h,aao
yek,h,1kkw
yel,h,ys7
yem,h,g0s
yen,h,1xd
yeq,h,eef
yeu,h,28w
yf1,h,r1c
yf2,h,aat
yf2,m,3li
yf6,h,1afe
yf7,h,1c46
yf8,h,f5v
yf9,s,872
yfb,h,aka
yfc,h,6gd
yfd,h,6g8
yff,s,872
yfg,h,15bb
yfh,s,znp
yfi,h,dys
yfj,h,dys
yfl,h,15bb
yfm,s,znp
yfn,s,872
yfp,s,872
yfr,h,w23
yfs,h,9zd
yfs,m,yfr
yft,h,j2h
yfu,h,15bb
yfv,s,znp
yfx,h,wiu
yfy,h,w63
yg0,h,1bwi
yg1,h,a70
yg1,h,5jn
yg2,h,5jp
yg3,h,df9
yg5,h,1cf
yg7,h,806
yg8,s,1ep7
yga,h,5r3
ygc,h,1qp
ygd,s,q82
ygf,h,h8h
ygh,h,b5l
ygi,h,13ue
ygj,h,b5l
ygl,h,1089
ygm,h,bzf
ygn,h,13ue
ygo,h,jph
ygq,h,n3c
ygs,h,9c7
ygs,h,lst
ygu,h,1iro
ygu,h,ygh
ygw,s,1dce
yh0,h,1kqy
yh1,s,xv7
yh1,s,1l09
yh1,s,ykr
yh2,h,y35
yh8,h,fde
yha,h,9c7
yhb,h,hgi
yhb,m,2us
yhd,h,1ckm
yhe,s,14wj
yhe,s,wyt
yhe,s,17pq
yhe,s,13qm
yhe,s,3ky
yhe,s,pw3
yhe,s,2ut
yhe,s,sig
yhe,s,c97
yhf,s,mw5
yhf,s,f6i
yhf,s,ik7
yhg,s,1i4q
yhh,h,yhb
yhj,h,1926
yhk,s,19cb
yhl,h,f9o
yhm,s,6tt
yhn,h,x9y
yho,m,o6m
yho,m,dgz
yho,m,yhn
yhp,h,wbp
yht,h,xm7
yhu,h,m3x
yhv,h,q6g
yhw,h,m3s
yhx,h,azc
yhz,h,xdt
yi0,h,gms
yi1,h,wi1
yi2,h,bko
yi3,h,bzw
yi5,h,12of
yi8,h,b73
yib,h,yi7
yid,h,pa8
yif,h,5sz
yij,h,1bkn
yik,h,1bkl
yil,h,1gr5
yim,h,d4n
yin,h,q7v
yio,s,14yl
yiq,h,ews
yis,h,1bkk
yit,s,1e5f
yit,s,5pf
yit,s,15yc
yit,s,152z
yit,s,1k3d
yit,s,8w
yit,s,1fjt
yit,s,9xv
yit,s,9xx
yit,s,cri
yiu,s,aqq
yiv,h,1h72
yiw,h,1jja
yj1,s,wjl
yj2,s,kvo
yj3,h,2fg
yj5,h,11qp
yj7,h,yj8
yj8,h,9m3
yj9,s,2km
yja,h,zm3
yjb,h,2kn
yjc,h,bc2
yje,h,8f9
yjf,s,1bt5
yjg,h,144l
yjh,h,16je
yjk,h,168u
yjl,h,zbp
yjm,s,zb5
yjo,h,12ua
yjs,h,1cj7
yjv,s,wut
yjv,s,12zd
yjw,h,19ik
yjx,s,9we
yjy,s,wep
yjz,s,yl2
yjz,s,k1y
yjz,s,k7k
yk0,s,ym6
yk0,s,1hfh
yk2,h,wev
yk3,s,qbu
yk4,s,yl8
yk5,s,c7
yk5,s,1hfo
yk5,s,x1t
yk7,s,1i27
yk9,h,147t
yka,h,frj
ykb,h,fdy
ykc,h,1i28
ykd,h,1i29
yke,h,j5v
ykf,s,1hgj
ykg,s,q3a
ykj,s,zwu
ykj,s,dv2
ykj,s,3xw
ykj,s,fvr
ykj,s,z2c
ykl,s,yml
ykm,h,11k5
ykn,h,vwq
yko,h,p3l
ykp,h,19i5
ykr,s,yh1
ykt,s,tm0
ykt,s,1er7
ykt,s,1hpy
yku,h,yjs
ykv,s,4gw
ykv,s,ssh
ykv,s,1ipk
ykw,s,trt
ykw,s,1anu
ykx,s,ylg
yky,h,enu
ykz,h,145d
yl2,s,yjz
yl3,s,cct
yl3,s,yn4
yl4,h,zoy
yl6,s,qqc
yl6,s,eas
yl6,s,29u
yl6,s,5ue
yl7,s,ca8
yl7,s,19ln
yl7,s,3mb
yl7,s,5wy
yl7,s,x0f
yl8,s,yk4
ylf,s,1heq
ylg,s,ykx
ylj,h,11k5
ylk,h,9c7
yll,s,w64
yln,s,psm
ylo,s,4tw
ylo,s,lcm
ylo,s,q2u
ylo,s,qj1
ylo,s,k5w
ylo,s,1ck3
ylo,s,1akq
ylq,s,ksx
ylr,s,1dt8
ylt,h,1e34
ylv,h,11k5
ylw,s,5gz
ylw,s,qcp
ylw,s,1hcg
ylx,h,11k5
ylz,s,h55
ym0,s,2gp
ym4,s,1i3y
ym5,s,t77
ym5,s,1o5
ym6,s,yk0
ym7,h,zoz
ym8,h,13nr
ym9,h,12g
yma,s,1i2m
yma,s,lyr
ymb,s,13s8
ymd,s,1haj
yme,s,13wy
ymg,h,11k5
yml,s,ykl
yml,s,r3b
yml,s,h46
ymm,h,w52
ymn,s,vr8
ymo,s,1hem
yms,h,11k5
ymt,h,10w7
ymv,s,1h93
ymv,s,418
ymw,s,e81
ymy,h,151q
yn0,s,1avp
yn2,s,fbn
yn3,h,kd4
yn4,s,yl3
yn6,s,3cw
yn7,s,1eqb
yn9,s,yne
ynb,s,q36
ync,s,zgz
ync,s,1i23
ynd,s,xhv
yne,s,yn9
ynf,s,azo
yng,s,azo
ynh,s,duo
yni,s,10wy
ynj,s,5ub
ynl,h,10xf
ynm,h,16wa
ynn,h,p3l
yno,h,ucy
yno,m,1avj
ynp,h,ud5
ynq,h,jey
ynu,h,7l5
ynv,h,8lf
ynv,h,1irm
yny,s,5tw
ynz,h,13y8
yo1,h,1jqr
yo2,h,1cfl
yo4,s,1h5p
yo4,s,vtg
yo4,s,xxo
yo4,s,3r1
yo4,s,wtn
yo4,s,1665
yo7,s,11j0
yo8,h,bc2
yob,h,bgc
yoc,h,91v
yod,h,91u
yoe,h,92f
yok,h,l78
yol,m,yok
yoq,s,12q9
yor,s,ypn
yor,s,ypk
yor,s,yq5
yor,s,yq4
yor,s,ypu
yor,s,yq8
yor,s,ypc
yor,s,ypp
yor,s,ypj
yor,s,ypo
yos,m,1ktd
you,h,u7f
yov,h,fc5
yow,h,fc5
yp0,h,cf2
yp1,m,1hr
yp1,m,yp0
yp1,m,1dw4
yp1,m,yq9
yp1,m,pk9
yp1,m,1hxf
yp1,m,uni
yp1,m,l33
yp1,m,roe
yp1,m,76f
yp1,m,132d
yp1,m,mwc
yp1,m,eia
yp1,m,m35
yp1,m,7v9
yp1,m,1hxa
yp1,m,y7m
yp1,m,1bop
yp1,m,4z0
yp1,m,1gz4
yp2,m,ji1
yp2,m,gu1
yp2,m,1kar
yp2,m,96l
yp2,m,158v
yp2,m,mxg
yp2,m,mxk
yp2,m,349
yp3,h,1qp
yp4,m,rsk
yp4,m,5j2
yp4,m,jcs
yp5,m,1kt0
yp5,m,14pa
yp6,m,9lw
yp7,h,b1r
yp8,h,b1r
yp9,h,1kbn
ypb,m,ypa
ypc,s,yor
ypd,h,b1r
ypf,h,fc5
ypg,h,u7f
ypi,h,1cyn
ypj,s,yor
ypk,s,yor
ypl,s,h05
ypn,s,yor
ypo,s,yor
ypp,s,yor
ypq,s,5ww
ypq,s,1ktf
ypq,s,1hwe
ypr,s,6a1
ypt,h,qpb
ypu,s,yor
ypv,h,164e
ypz,m,8ey
yq0,h,fc5
yq1,h,b1r
yq2,h,u7f
yq4,s,yor
yq5,s,yor
yq6,s,1jzp
yq8,s,yor
yq9,m,1gq4
yq9,m,54t
yq9,m,twf
yq9,m,zta
yq9,m,1e0h
yq9,m,yqb
yqb,h,ifo
yqc,h,18j5
yqd,h,p3i
yqe,m,zo5
yqf,h,9ck
yqf,m,yra
yqf,m,1gyi
yqf,m,6sn
yqg,h,lba
yqh,h,lba
yqj,h,1e74
yqk,h,1b08
yql,h,1ano
yqm,h,u8
yqn,h,14nb
yqo,h,m4i
yqp,h,lba
yqq,h,j3a
yqr,h,429
yqs,h,1d1l
yqt,h,5qd
yqv,h,e2i
yqw,h,fwm
yqz,h,1k19
yr0,h,5jl
yr1,h,h0v
yr2,h,dbr
yr4,h,vu9
yr5,h,ubx
yr6,s,er8
yr8,h,dh4
yra,h,xuf
yrc,s,dbm
yre,h,yrv
yrg,h,3i1
yrh,h,z8s
yrj,h,1kql
yrk,h,1kqm
yrl,h,qce
yrm,h,qce
yrn,h,df0
yro,h,q5x
yrp,h,15sg
yrt,h,1fwe
yru,h,17u
yrv,h,awh
yrw,h,dyh
yrx,h,1cjb
ys0,h,66w
ys2,s,ysj
ys3,h,10ay
ys5,s,1ko7
ys6,s,1aby
ys9,h,yku
ysa,h,byw
ysc,h,25k
ysd,h,3hj
yse,h,1ewf
ysf,h,3hj
ysg,h,1702
ysi,h,15hj
ysj,s,etj
ysj,s,6w5
ysj,s,vd8
ysj,s,ys2
ysj,s,fff
ysk,s,1d8k
ysl,s,etl
ysm,s,16ip
ysn,h,16ll
yso,h,b8r
ysp,h,plc
ysq,h,30v
ysr,s,1f95
yss,h,1by2
yst,h,qk1
ysv,m,ayj
ysw,h,7wt
ysx,h,bt4
ysy,h,1diu
ysy,m,ysz
yt0,h,11u0
yt1,h,1493
yt2,s,102i
yt2,s,lf7
yt3,h,87q
yt4,h,ayi
yt5,s,13n1
yt6,h,1ch0
yt7,h,7vb
yt8,h,16ht
yt9,h,16hw
yta,h,jrz
ytb,h,66w
ytc,s,ya5
ytd,h,yta
yte,h,1kqf
ytf,h,1kqi
ytg,h,bzf
yth,h,zqh
yti,m,1f7a
yti,m,1gd
yti,m,vgh
ytj,h,exu
ytm,h,1fon
ytp,h,13k1
ytw,h,z1o
yu0,s,49h
yu0,s,1izc
yu0,s,cbg
yu2,h,1c4j
yu3,s,znp
yu4,h,tjc
yu5,h,vr2
yu6,h,76j
yu7,h,10sg
yu8,h,yu7
yu9,m,yua
yua,h,idb
yua,h,h9a
yub,s,1faq
yue,s,8u0
yug,h,2hv
yug,m,c6e
yug,m,wum
yui,h,i0h
yuj,h,4u5
yul,h,zoi
yum,h,4hy
yun,h,148c
yuo,h,147f
yuq,h,ibk
yur,h,zoi
yur,m,9ot
yur,m,yul
yur,m,9oi
yur,m,tyn
yus,h,8t6
yus,m,yum
yut,h,8t6
yuv,h,9zg
yuw,h,10dd
yux,h,xsb
yuy,h,11k5
yuz,h,1ckj
yv0,h,14n8
yv1,h,14nb
yv2,h,14nc
yv3,h,13a4
yv4,h,qfv
yv6,s,1ko3
yv7,h,pa8
yv8,h,25p
yv9,h,64g
yva,s,rcm
yvb,h,1inm
yve,h,vz
yvf,h,ih
yvg,s,10f
yvh,h,eq2
yvj,h,1t5
yvl,h,b12
yvn,h,1aln
yvp,h,w27
yvq,h,eqv
yvr,h,xsl
yvs,h,tv6
yvu,h,ufn
yvv,s,eq4
yvx,h,1e8c
yvy,h,1bz8
yvz,m,dc1
yw0,h,1ann
yw2,h,1e74
yw4,h,15i6
yw5,h,xsy
yw6,h,fxt
yw7,s,14ts
ywa,h,fg0
ywb,s,v9i
ywc,h,yvj
ywe,h,qpb
ywg,s,17zy
ywh,h,and
ywi,h,ano
ywj,h,16bx
ywk,h,tjc
ywm,h,fb2
ywn,h,by4
ywq,h,o02
ywr,h,1ghu
yws,h,87v
ywt,h,1ght
ywu,h,1653
yww,h,11k5
ywy,h,87q
yx1,h,3w8
yx2,h,195b
yx4,h,5sz
yx5,h,luh
yx6,h,yhv
yx7,s,719
yxa,h,194i
yxc,h,yx2
yxd,m,yxe
yxe,h,1bwe
yxf,h,1dim
yxg,h,jky
yxh,h,kp3
yxj,h,18oe
yxm,h,19uv
yxn,h,h1i
yxo,s,1ep7
yxp,h,88k
yxq,h,iks
yxu,h,12ti
yxv,h,j2h
yxw,h,1cvb
yxy,h,t16
yxz,h,1kib
yy0,m,ufs
yy1,m,1ip7
yy2,h,1kib
yy3,h,19mx
yy4,h,11m3
yy5,s,y8z
yy6,m,1gy9
yy8,h,2bh
yy8,h,2aj
yyg,h,188m
yyh,h,tjc
yyj,m,ouv
yyj,m,1jfs
yyk,h,1kiy
yyl,h,1gi7
yyl,m,gv
yym,s,1kk0
yyp,h,jra
yyq,h,pxk
yyq,m,5nb
yys,h,5zu
yyt,h,1g6f
yyu,h,sgl
yyv,h,8vp
yyw,h,mpy
yz1,h,axo
yz2,h,140p
yz3,h,130n
yz4,h,vqo
yz9,h,xag
yza,h,192t
yzb,h,d83
yzc,h,d86
yzd,h,1gi7
yze,h,1dgh
yzf,h,1g6i
yzh,s,h8
yzh,s,bg6
yzh,s,gus
yzj,h,as1
yzk,h,q0
yzl,h,91u
yzm,h,5m2
yzn,h,zjd
yzo,h,ysc
yzq,h,bpl
yzr,h,bt4
yzs,h,b76
yzt,h,fee
yzu,h,4pe
yzv,h,15k0
yzw,h,16je
yzy,h,13u6
yzz,s,z7s
z00,s,1ix4
z00,s,a6j
z00,s,pwm
z02,h,tgz
z03,s,15j9
z04,s,baj
z06,h,s35
z08,s,1af9
z0b,h,17o8
z0c,h,m9l
z0f,h,hzb
z0g,s,1gkv
z0g,s,qb1
z0g,s,4y7
z0g,s,1dve
z0g,s,guu
z0g,s,qb2
z0h,h,1cj7
z0l,s,6e1
z0l,s,pyt
z0l,s,qfd
z0l,s,13j6
z0l,s,b6x
z0m,s,y17
z0n,h,169e
z0o,h,b4v
z0q,s,ezj
z0q,s,593
z0q,s,cn7
z0r,h,8f9
z0u,h,5yi
z0v,h,iyl
z0w,h,hge
z0x,h,z1o
z0y,s,1hbs
z0z,h,kus
z11,s,1af9
z12,s,ubb
z13,h,19px
z15,h,xmc
z16,s,1af9
z17,s,qb6
z19,h,qb4
z1a,h,13wk
z1b,h,qb5
z1c,h,12ra
z1d,h,e0d
z1e,h,dzu
z1f,s,1hes
z1g,s,qos
z1h,s,q8l
z1i,h,ofv
z1j,h,91u
z1k,h,15xh
z1l,h,91u
z1n,h,q7v
z1o,h,1cg6
z1q,s,19in
z1s,h,1dgn
z1t,s,3hq
z1u,s,11dk
z1v,h,vrx
z1w,h,ucd
z1x,h,16cz
z1y,h,j48
z1z,h,75x
z20,h,1jof
z24,h,it9
z25,h,1kn2
z26,s,bxh
z27,h,13ia
z28,s,y8z
z29,h,y90
z2b,h,ea4
z2c,s,ykj
z2d,h,zbo
z2e,h,oj4
z2f,h,z2r
z2h,h,1bsg
z2i,h,vu9
z2j,h,11js
z2k,s,e7y
z2l,s,13s
z2n,h,13no
z2o,h,pv8
z2p,h,ofv
z2q,s,1cy4
z2q,s,1dbi
z2q,s,dvm
z2q,s,5tm
z2q,s,pv9
z2q,s,4h3
z2q,s,9l5
z2r,h,1d96
z2t,h,oj6
z2u,h,v5e
z2v,h,16p0
z2w,h,fq8
z2x,h,bo9
z2y,h,m40
z2z,h,hg
z31,s,148k
z33,h,dvb
z34,h,1467
z36,s,1af9
z37,s,1hnd
z38,h,grd
z39,h,zl1
z3a,h,1a8j
z3c,h,13nr
z3d,s,3uf
z3d,s,1gdt
z3d,s,2hz
z3d,s,l3l
z3d,s,egl
z3f,h,bon
z3g,h,107u
z3h,h,1kbv
z3i,h,15l6
z3j,h,1foe
z3k,h,zjq
z3l,h,8o2
z3m,s,qo7
z3o,h,7f4
z3p,h,qpb
z3r,s,1jzo
z3s,h,p7w
z3t,h,14te
z3u,h,91u
z3w,h,65p
z3x,s,ate
z3y,h,lbc
z3z,h,3go
z40,h,132v
z42,h,13a4
z43,s,ret
z44,h,91v
z45,h,b7q
z46,h,fg0
z47,h,1dta
z48,h,11k5
z49,h,16o2
z4a,h,kh
z4c,h,kh
z4d,h,hg
z4e,h,1fon
z4g,h,60z
z4h,h,12g
z4i,s,7fy
z4i,s,jwg
z4k,s,qpc
z4l,h,19ik
z4m,h,12zl
z4n,h,4pg
z4o,h,4u6
z4p,h,2ij
z4q,h,13ju
z4r,s,dcc
z4s,h,61a
z4u,h,4ud
z4w,h,1jpf
z4x,h,m1b
z4y,s,vck
z4z,m,12uz
z4z,m,waw
z51,h,v03
z52,s,1hzh
z53,s,vck
z54,h,18oj
z58,h,1k99
z59,h,zlt
z5b,s,9of
z5e,m,4jn
z5f,h,7wr
z5g,h,12ua
z5h,h,12ui
z5i,h,pdk
z5k,m,tub
z5m,h,r8s
z5n,h,1cgm
z5o,h,1aln
z5q,h,19j8
z5r,h,lun
z5s,h,xm7
z5u,h,zbp
z5v,s,zb5
z5w,h,8v4
z5x,h,18xq
z5y,h,z5w
z5y,m,z5x
z60,s,1e6o
z61,h,gux
z62,s,xhv
z65,s,1j7h
z67,h,j1a
z68,h,j1a
z69,h,bau
z6b,s,1icg
z6c,s,qjg
z6d,s,wow
z6e,s,1d16
z6f,h,h1l
z6g,h,1hql
z6h,h,10q3
z6i,h,lp2
z6j,h,tth
z6k,h,15ee
z6l,h,39r
z6m,h,upb
z6r,h,19px
z6s,m,1j5x
z6t,h,w7i
z6v,h,zml
z6w,s,1i74
z6x,s,v1x
z6y,s,l2c
z70,s,18lj
z71,s,15wn
z71,s,18lh
z73,h,s20
z77,m,1k15
z79,m,lpv
z7b,m,z7c
z7d,h,hqj
z7e,s,fgx
z7i,s,1i6z
z7j,s,1blv
z7k,s,q2r
z7l,h,1iqw
z7m,s,fpk
z7n,s,1air
z7n,s,z7t
z7o,h,1es3
z7p,h,zif
z7q,s,2ce
z7q,s,var
z7q,s,qax
z7q,s,372
z7r,s,8p
z7s,s,fkc
z7s,s,2k
z7s,s,15bd
z7s,s,ctr
z7s,s,1ixq
z7s,s,yzz
z7s,s,96x
z7s,s,ofz
z7s,s,m5b
z7t,s,z7n
z7x,h,1i35
z7z,h,w52
z80,h,1duw
z81,h,m8h
z82,h,13zb
z83,h,m8j
z84,h,vdh
z86,h,13vt
z87,h,1knl
z88,h,1fge
z89,h,527
z8a,h,bwt
z8b,h,z8a
z8c,h,z0d
z8f,s,88e
z8h,h,1cj7
z8i,h,1cbk
z8j,h,17bu
z8m,h,12g
z8n,h,z8s
z8n,h,oot
z8o,h,vco
z8p,h,avk
z8q,s,kvq
z8q,s,19a8
z8q,s,3nk
z8q,s,kw3
z8t,h,ps
z8u,s,bfn
z8v,s,165t
z8w,s,ib8
z8y,h,a4l
z8z,h,11fg
z90,h,19ho
z92,h,lkf
z93,h,61a
z94,s,1has
z95,h,1gav
z96,h,30u
z97,h,13rm
z98,h,44l
z99,h,1gav
z9a,h,uya
z9b,h,13rf
z9e,s,vck
z9g,h,wqq
z9i,h,169s
z9j,h,bm5
z9n,s,13s8
z9o,h,1aj7
z9p,h,1aj6
z9t,h,dir
z9u,h,1f5b
z9v,h,1aj6
z9w,h,ucf
z9x,h,m5g
z9y,h,z9x
z9z,m,du2
z9z,m,v87
z9z,m,9s0
z9z,m,1aa
z9z,m,1fv4
z9z,m,3dz
z9z,m,arr
z9z,m,1kxv
z9z,m,1jer
z9z,m,a4v
za1,h,1qp
za5,h,w7i
za6,h,tzo
za8,h,ckb
zaa,h,1jxr
zab,h,j2h
zad,h,1klm
zae,h,jsy
zaf,h,7fc
zah,h,195b
zai,h,urd
zaj,s,aej
zak,h,16d7
zal,h,10qs
zal,m,dlv
zam,h,1ed
zan,h,1ee
zao,h,1jwr
zaq,h,m7s
zav,m,hv1
zav,m,2vf
zav,m,15up
zav,m,7vc
zav,m,xmt
zav,m,1gwk
zav,m,t6v
zaw,h,1qp
zax,h,12nj
zay,h,oav
zay,m,zax
zay,m,n94
zaz,h,stw
zb0,h,jps
zb2,h,11ay
zb3,s,jeg
zb4,h,zbd
zb5,s,z5v
zb5,s,148
zb5,s,1yn
zb5,s,dqe
zb5,s,hkx
zb5,s,yjm
zb5,s,128
zb5,s,126
zb5,s,100m
zb5,s,1iuf
zb5,s,zbm
zb5,s,8t0
zb5,s,g15
zb5,s,myt
zb5,s,19ma
zb5,s,236
zb6,s,1drj
zb6,s,11y
zb6,s,omj
zb6,s,191v
zb6,s,3l8
zb6,s,10yo
zb6,s,2cw
zb6,s,1kv1
zb6,s,ps8
zb6,s,28v
zb6,s,uc8
zb7,h,10x9
zb8,s,ja5
zb9,s,ist
zba,s,gxz
zbb,m,yfk
zbb,m,1alh
zbb,m,ha0
zbb,m,19ld
zbc,h,19vt
zbd,h,v3k
zbd,h,zbp
zbe,h,6ew
zbf,h,1fis
zbi,s,10x8
zbl,h,1bh4
zbm,s,zb5
zbn,h,120
zbo,h,120
zbp,h,tk
zbq,m,zc9
zbt,h,13uc
zbw,h,143k
zbx,h,17so
zc1,h,9zg
zc1,m,gz7
zc1,m,zc2
zc2,h,24w
zc3,h,vde
zc5,h,1e8c
zc6,h,wbp
zc7,s,9of
zc8,h,lcy
zc9,m,zcb
zc9,m,zc8
zca,h,1kiy
zcb,h,16cb
zcb,h,gnx
zcd,s,9of
zce,h,zcc
zch,h,wiu
zci,h,183n
zck,h,fg0
zcn,h,1fon
zcq,h,3e6
zct,h,3e9
zcz,m,xku
zcz,m,zd1
zd1,h,2oe
zd2,h,rea
zd5,h,hqy
zd6,h,tjc
zd7,h,fkh
zd8,h,3kw
zd9,h,11hh
zda,h,tjc
zdc,h,wqq
zdd,h,y3g
zdf,h,fqo
zdg,h,29g
zdh,s,b5w
zdi,h,1cj7
zdj,s,13k0
zdk,h,1cj7
zdl,h,h10
zdm,h,239
zdo,s,nqk
zdq,s,uqy
zdr,s,dcc
zds,s,bkg
zdw,s,qbd
ze2,h,qli
ze3,h,zml
ze5,h,1bsg
ze6,h,vu9
ze7,s,xee
ze8,m,ajv
ze8,m,9q1
ze8,m,9hy
ze8,m,1baq
zea,h,f84
zer,h,f5v
zes,h,1hww
zet,s,872
zeu,s,1hx9
zev,s,187n
zew,s,izl
zex,s,qbu
zey,s,ate
zez,s,872
zf0,s,872
zf1,s,872
zf2,h,rip
zf3,h,rio
zf5,h,pmh
zf6,s,dcc
zf7,h,767
zf8,m,zf7
zf9,h,1iso
zfb,h,1bto
zfk,h,tlo
zfn,h,rip
zfo,h,rio
zfp,h,17vr
zfq,h,1ci8
zfs,s,1f2r
zfu,h,1gr5
zfx,m,19ls
zfx,m,nij
zfx,m,sil
zfx,m,zva
zfx,m,1dlo
zfx,m,yc8
zfx,m,1g0u
zg0,h,2yj
zg1,h,w6s
zg2,h,8z5
zg3,h,lpp
zg4,h,lpq
zg5,h,iml
zg6,h,1erk
zg7,h,32
zg8,h,1c3b
zg9,s,t9q
zga,h,xxy
zgc,h,q7v
zgd,h,14te
zgf,h,wiu
zgg,h,6u3
zgh,s,lca
zgh,s,mbf
zgh,s,kmh
zgh,s,1beb
zgh,s,wfk
zgh,s,abc
zgi,s,q7w
zgl,s,1a0
zgm,s,zhd
zgm,s,1kub
zgn,s,1k7l
zgn,s,1kuc
zgn,s,11l
zgn,s,11x
zgp,h,2sg
zgq,h,1g40
zgs,s,14dq
zgt,s,3qe
zgu,s,1i6b
zgv,s,1hp2
zgw,s,1i84
zgx,s,1i7k
zgz,s,ync
zh0,s,k0
zh3,h,924
zh4,h,1cic
zh5,h,1kwa
zh6,h,2uq
zh8,h,xe0
zh9,h,ive
zha,h,5p0
zhb,h,18qi
zhc,s,1dwt
zhd,s,zgm
zhe,h,1ci8
zhg,s,azo
zhh,s,rb9
zhh,s,4xb
zhh,s,1cin
zhh,s,q3y
zhi,h,1bo1
zhj,h,8w4
zhl,h,1ci8
zhm,h,xak
zhn,h,zjq
zho,h,rb6
zhp,h,31c
zhq,h,1dkf
zhs,h,1bof
zht,h,1b9b
zhu,h,1kkx
zhv,h,9zo
zhv,m,ij
zhv,m,2u7
zhx,h,1f7n
zhz,s,139z
zi0,h,14tx
zi1,s,zip
zi2,h,fby
zi3,h,v72
zi4,h,nna
zi5,h,1ghu
zi8,h,ish
zia,h,1bca
zia,m,1du9
zib,h,ja
zid,h,kh
zif,h,kh
zig,m,o9n
zig,m,q61
zih,h,1kkw
zii,h,13ud
zij,h,kh
zil,s,h7b
zil,s,k8
zim,s,zip
zio,h,1g9r
zip,s,h79
zip,s,zim
zip,s,1klw
zip,s,zi1
ziq,s,1aby
zis,h,lgd
zit,h,8nw
ziu,h,7fc
ziv,h,1bu8
zix,h,12do
ziy,h,av8
zj1,h,bjw
zj4,h,1bsg
zj5,h,vu9
zj6,h,10n0
zj8,h,ika
zj9,h,xub
zja,h,e21
zjb,h,4z2
zjc,h,w52
zjd,h,tdt
zje,h,s33
zjf,s,xuo
zjg,h,xub
zjh,h,vfx
zjj,s,p20
zjk,s,1fox
zjk,s,mkf
zjm,h,by2
zjn,h,198h
zjp,s,is2
zjq,h,1340
zjs,h,2tq
zjt,h,bwj
zju,h,1638
zjv,s,bg1
zjx,s,zur
zjy,s,zur
zjz,s,zur
zk0,s,f3y
zk2,h,169i
zk3,h,btk
zk4,h,60z
zk5,h,fc5
zk6,h,10ui
zk8,h,11jm
zk9,h,1dfd
zka,h,emu
zkb,s,o36
zkc,s,g4k
zki,h,x43
zkm,h,11v3
zkn,h,143k
zkp,h,oxe
zkq,h,fpx
zkr,h,11k5
zks,s,17ks
zks,s,189t
zks,s,77z
zks,s,9b2
zku,h,q16
zkv,h,11ev
zkw,h,wvj
zkx,h,in
zky,h,mkb
zkz,s,56h
zl0,h,eob
zl1,h,e1a
zl2,s,j4w
zl2,s,hcc
zl4,h,1bsf
zl5,h,13a6
zl6,m,9lr
zl7,h,oav
zl8,h,143q
zl9,h,1a5l
zlc,s,734
zlc,s,735
zle,h,ikb
zlf,s,1c28
zlg,h,11m0
zlk,h,9vt
zlm,h,9vu
zlm,m,zlk
zln,h,11zo
zlp,s,9of
zlt,h,1kuz
zlu,h,ld2
zlv,h,147t
zlw,h,mx5
zlw,h,12c4
zlx,h,1kiy
zlz,h,1ehj
zm0,h,zm3
zm0,m,11iw
zm1,h,1brt
zm2,s,172h
zm3,h,nk
zm4,h,9sv
zm5,s,1af9
zm6,h,10zp
zm7,h,10zp
zma,h,mt1
zmb,m,1931
zmc,h,190b
zmd,h,2sj
zmf,h,18qm
zmh,h,xm6
zmi,h,2yk
zmj,h,2yk
zmk,h,2yl
zml,h,ki1
zml,m,w1j
zml,m,w1k
zmm,m,10kw
zmm,m,gcn
zmm,m,i1u
zmm,m,nc7
zmm,m,zml
zmm,m,11o5
zmm,m,djj
zmm,m,zj0
zmn,h,32
zmo,h,gvd
zmp,h,zml
zmq,h,qmc
zmr,m,sge
zms,h,e48
zmt,h,re6
zmu,h,re6
zmv,h,e48
zmw,s,blt
zmx,h,isq
zmy,h,1gjz
zmz,h,ave
zn0,h,uv6
zn1,h,1cj7
zn3,h,17sa
zn4,h,192o
zn5,h,1er0
zn5,m,jak
zn5,m,1dgz
zn6,h,16ll
zn7,h,31w
zn8,h,zp1
zn9,h,16ln
zna,h,16lm
znb,h,qn0
znc,h,2yb
znd,h,2yb
zne,h,15ee
znf,s,bly
znf,s,13yu
zng,h,7i6
znh,h,zpd
zni,h,2yi
znj,h,1668
znk,h,bc2
znm,h,1bd1
znm,h,3hd
znn,h,3hd
znp,s,1h2n
znp,s,1ale
znp,s,ha2
znp,s,1h8r
znp,s,wgr
znp,s,k32
znp,s,jtx
znp,s,yfh
znp,s,kxw
znp,s,19l8
znp,s,p9u
znp,s,1alj
znp,s,yu3
znp,s,jtt
znp,s,1fdm
znp,s,5ds
znp,s,1ala
znp,s,yfv
znp,s,1l0a
znp,s,l0t
znp,s,1h2t
znp,s,ju5
znp,s,h9w
znp,s,19lb
znp,s,1fe0
znp,s,hft
znp,s,1gmt
znp,s,19lf
znp,s,1fe4
znp,s,191d
znp,s,1ffs
znp,s,h9u
znp,s,l0w
znp,s,1f0s
znp,s,yfm
znq,h,yvk
znr,h,tet
zns,h,a4l
znt,h,14te
znu,s,ay6
znu,s,94f
znu,s,iin
znu,s,ays
znu,s,17th
znu,s,qed
znu,s,3r3
znv,h,s2w
znw,h,bc4
znx,h,a4l
zny,h,5a1
znz,h,951
zo1,h,1ckm
zo2,h,2kn
zo4,h,wiu
zo5,h,l1n
zo6,h,yxx
zo7,h,zq6
zo7,m,vcw
zo8,m,iem
zo8,m,1ka7
zo8,m,131x
zo8,m,skm
zo8,m,51n
zo8,m,vtb
zo8,m,1b3l
zo8,m,183y
zo9,h,1qp
zoa,h,c1o
zoc,m,u6j
zod,h,12g
zoe,h,11gt
zof,h,1kbv
zof,m,zog
zof,m,sds
zof,m,1cxu
zof,m,11vx
zof,m,115w
zog,h,1kbv
zoh,h,xn0
zoi,h,zoc
zok,s,r0x
zom,h,jpj
zon,s,1k6i
zoo,s,o05
zop,h,tqz
zou,m,8r4
zov,h,1ebf
zox,h,xmc
zoy,m,vyn
zoy,m,150h
zoz,h,ql
zp0,h,znj
zp1,h,kh
zp2,m,42y
zp2,m,rs4
zp2,m,1iiu
zp2,m,ap2
zp2,m,w9d
zp2,m,4cr
zp2,m,1dxl
zp2,m,2t5
zp2,m,10hs
zp2,m,1hxf
zp2,m,6mt
zp2,m,hao
zp2,m,nfa
zp2,m,otu
zp2,m,11lp
zp2,m,10mj
zp2,m,63d
zp2,m,d66
zp2,m,1iul
zp2,m,h43
zp2,m,g4n
zp2,m,9gc
zp2,m,n6d
zp2,m,mya
zp3,m,1e3
zp3,m,sq4
zp3,m,qdc
zp3,m,rh6
zp3,m,1iul
zp3,m,qgi
zp3,m,h98
zp3,m,rh0
zp3,m,14r7
zp3,m,tnm
zp6,h,v3u
zp7,h,2yb
zp8,h,qqt
zp9,s,2yg
zp9,s,16gb
zp9,s,c9b
zp9,s,bf4
zpa,s,w7x
zpb,s,1hw4
zpc,m,lq8
zpd,h,1fd9
zpf,h,1ebh
zpg,h,bri
zph,s,19n3
zpi,h,qhe
zpj,h,17bu
zpk,h,16yj
zpm,h,ton
zpn,h,e0k
zpo,h,1330
zpp,h,jae
zpq,h,34m
zpr,s,h06
zps,h,p7w
zpt,h,14te
zpu,h,1bsf
zpv,h,1293
zpw,h,3if
zpx,h,fc5
zpz,h,cij
zq0,s,q7
zq0,s,wia
zq0,s,fc1
zq0,s,nyd
zq0,s,os8
zq0,s,6dt
zq1,s,osh
zq1,s,f85
zq1,s,jaf
zq1,s,1fd
zq2,h,10w1
zq3,h,1e75
zq4,h,1cfp
zq5,h,2zw
zq6,h,oav
zq8,h,1y6
zq9,h,4x6
zqa,h,r87
zqb,h,1blq
zqc,s,l7s
zqc,s,m38
zqc,s,3ql
zqc,s,l5r
zqc,s,yb0
zqc,s,qsv
zqd,h,wu0
zqe,s,k2u
zqf,s,13pg
zqh,h,2r
zqi,h,14te
zqk,h,4u6
zql,h,uya
zqm,h,4wx
zqn,h,csc
zqp,m,577
zqr,h,qdh
zqw,h,e1j
zqy,h,j
zqz,h,6lo
zr0,h,e1m
zr1,h,12bp
zr3,h,1cj7
zr4,h,e3k
zr7,h,f9p
zr9,h,1l25
zra,h,1l26
zrb,m,12el
zrd,h,m1e
zrf,h,8pd
zrg,s,lf5
zrh,h,9fw
zri,h,11k5
zrj,h,twn
zrk,h,1kxi
zrl,h,en5
zrm,h,bc4
zrn,h,qyg
zro,s,1i2j
zrr,h,wiu
zrs,h,194y
zrt,h,9f1
zrv,h,12b2
zrw,h,17jw
zrz,h,jm4
zs1,h,eje
zs2,h,ejd
zs4,s,1i5g
zs4,s,1g7c
zs4,s,byf
zs4,s,bg9
zs4,s,7yj
zs6,h,1i26
zs7,h,zpw
zs8,s,1i5n
zs9,s,11j0
zsa,h,zk5
zsd,h,1kql
zsd,m,1kkm
zsd,m,14ir
zsd,m,14is
zsd,m,ph9
zsg,h,1bsg
zsi,m,ht
zsi,m,zsj
zsj,h,qum
zsl,s,i6a
zsm,h,7a7
zsq,h,28w
zsr,m,174r
zss,h,10xf
zst,h,zq2
zsz,h,ro6
zt1,h,1e4y
zt2,h,xxy
zt3,h,1jre
zt4,h,lyn
zt5,s,11gr
zt6,m,8mh
zt7,h,1kgr
zt8,h,1kap
ztc,h,w63
ztd,h,f52
ztg,h,nvt
zti,h,65p
ztk,h,7ns
ztm,h,byk
ztn,h,924
zto,h,91u
ztp,h,15ob
ztq,h,9zg
ztq,m,1evf
ztr,h,qmc
zts,s,cgi
ztt,s,qys
ztu,h,fpf
ztv,h,qil
ztw,h,13n3
ztx,s,k7d
zty,s,1ep1
zu0,h,30j
zu3,h,gwv
zu4,h,1xy
zu5,h,upq
zu7,m,efi
zu8,h,ztr
zu9,h,1f9m
zua,h,1gi1
zuc,h,13uc
zud,h,1104
zue,h,18bp
zuf,h,zig
zug,h,hak
zuh,h,imp
zui,h,9zg
zui,m,195k
zuk,h,11k5
zul,h,15f6
zum,h,joo
zun,h,mmo
zuo,m,h09
zur,s,zjz
zur,s,zjx
zur,s,27c
zur,s,ya8
zur,s,zuw
zur,s,f3z
zur,s,zjy
zur,s,f41
zus,s,10x8
zut,s,1d16
zuu,h,f3w
zuw,s,zur
zux,h,80
zuz,s,1ko3
zv2,h,qmc
zv3,h,1aj7
zv5,h,vu9
zv9,h,1ed
zvb,h,li9
zvc,h,xnh
zve,h,1gz2
zvf,h,gvy
zvg,h,18zw
zvi,h,gso
zvj,h,5z3
zvj,m,12am
zvk,m,11aq
zvk,m,ge6
zvl,m,ge7
zvo,h,16ee
zvp,h,1dug
zvq,h,11k5
zvr,h,iiu
zvs,h,hak
zvt,s,gao
zvu,h,j5v
zvx,s,pyy
zvy,s,1ia0
zvz,s,zxn
zw0,s,1hqm
zw1,s,ixx
zw2,s,zx2
zw3,h,1ids
zw5,s,1i8o
zw6,s,1hpl
zw8,h,6pc
zwa,h,7eg
zwb,s,q2g
zwc,h,5aa
zwd,h,z85
zwe,s,1315
zwf,h,r5n
zwf,m,18tw
zwg,h,xbc
zwh,s,zxn
zwi,h,nne
zwk,h,75x
zwl,h,nne
zwm,h,fvk
zwn,h,1hrz
zwo,h,11k5
zwp,s,1icu
zwq,h,1dh3
zwr,s,ql3
zws,h,17es
zwt,h,2ig
zwu,s,ykj
zww,h,4sa
zwx,s,1dv
zwz,h,zz1
zx0,h,11k5
zx1,h,1dxt
zx2,s,zw2
zx2,s,18d0
zx2,s,zx6
zx2,s,zz9
zx3,s,zzu
zx4,s,iy3
zx5,h,1bo0
zx5,h,u7f
zx6,s,zx2
zx7,h,aao
zx8,h,iq6
zx9,h,1g6f
zx9,m,td7
zx9,m,178f
zx9,m,8tl
zxa,h,jtc
zxb,h,jtd
zxc,h,4sa
zxd,h,1hwv
zxe,h,3ie
zxf,s,i5e
zxh,h,1a1g
zxi,h,2we
zxj,h,1gg6
zxk,h,khs
zxl,h,1dxt
zxn,s,zwh
zxn,s,h7y
zxn,s,10xc
zxn,s,zvz
zxp,h,evy
zxq,h,1dxt
zxr,h,bm5
zxs,h,zwk
zxu,h,1hql
zxv,h,kr9
zxw,h,16o5
zxx,h,ewp
zxy,h,6dx
zxz,h,1dpk
zy0,h,12ac
zy2,s,jc3
zy3,h,zww
zy4,h,91u
zy5,h,1g28
zy6,h,1dxt
zy7,h,110a
zy8,h,4sa
zy9,h,182r
zya,h,4sa
zyb,h,130p
zyc,h,wf0
zyd,h,13w4
zyf,h,13vw
zyg,h,13vq
zyh,h,1abc
zyi,h,3fw
zyl,h,qb4
zym,h,15hb
zyn,h,1761
zyo,h,61e
zyp,h,1caw
zys,s,1i4f
zyt,h,17ts
zyu,h,1dxt
zyv,h,1dxt
zyw,h,1dxt
zyx,h,19xm
zyy,h,1dxt
zyz,h,1dxt
zz0,s,iza
zz0,s,178a
zz0,s,izb
zz1,h,164d
zz2,h,1dwv
zz5,s,iy3
zz6,s,izg
zz7,s,ixx
zz8,s,1hzg
zz9,s,zx2
zza,h,btk
zzb,h,1aln
zzc,s,t0j
zzd,m,1djx
zze,h,192v
zzf,h,1bd6
zzg,h,1blr
zzh,h,1htb
zzi,s,azo
zzk,s,ixa
zzl,s,1dsp
zzm,s,bok
zzn,s,1i2d
zzp,h,1348
zzq,h,t2g
zzr,s,ixa
zzs,h,18l5
zzt,h,1jdf
zzu,s,iy7
zzu,s,zx3
zzy,h,132v
zzz,h,1dxt
1000,h,1dxt
1001,h,1dxt
1002,h,e7l
1004,m,1294
1005,h,mjo
1006,s,1af9
1007,h,15qk
1007,m,2ji
1009,h,178b
100a,s,1hzj
100b,h,10si
100g,h,8e
100h,s,8h
100i,h,1daj
100j,h,it
100k,h,60s
100l,h,381
100m,s,zb5
100o,h,ckz
100p,s,lxk
100q,s,n1v
100r,s,1pb
100s,s,quv
100t,h,13fb
100v,h,3t6
100w,h,d1
100x,h,g4c
100y,h,4r8
1010,h,5a7
1011,h,5a8
1012,h,5aa
1013,h,z85
1014,h,v1v
1015,s,vnz
1018,h,swy
1019,h,95e
101a,h,7as
101b,h,1k33
101c,h,8hm
101d,h,dqd
101e,h,19lv
101f,h,19lv
101g,s,8ol
101h,h,94w
101i,h,997
101j,h,aem
101k,h,4sa
101l,h,b2e
101m,h,b2d
101n,h,c1g
101o,h,obd
101p,h,d1l
101q,h,uy8
101r,s,c1l
101s,h,gn0
101t,h,gcr
101u,h,geo
101v,h,1kgi
101w,h,ghe
101x,h,ghd
101y,s,aaj
101z,h,ja
1020,h,oh3
1021,h,106t
1022,s,gx4
1023,s,hlu
1024,h,1it7
1025,h,105v
1026,s,hy6
1027,h,2ky
1028,h,ibs
1029,h,wop
102a,s,imf
102b,h,iok
102c,h,h80
102d,h,iu8
102e,h,ivf
102f,h,ivd
102g,h,ivv
102h,h,ivr
102i,s,yt2
102j,h,jky
102k,h,jlb
102l,h,jw8
102m,h,khp
102n,h,1bxe
102o,h,iky
102p,h,924
102q,h,n3u
102r,s,cl0
102s,s,1kji
102t,h,13y4
102v,s,nky
102w,h,13zj
102x,h,1cr5
102y,h,nlu
102z,h,87t
1030,h,163m
1032,h,8q6
1033,h,16xr
1036,h,o1w
1037,h,o1u
1038,s,p2a
1039,h,o28
103a,h,qhe
103b,s,qhg
103c,h,ma2
103d,s,s2a
103e,h,80b
103f,h,h80
103g,s,lf4
103h,s,1f2r
103i,h,16jd
103j,h,baz
103k,h,akd
103l,h,ckd
103m,h,t7e
103m,h,e3i
103p,h,too
103q,h,sfx
103r,h,u5i
103s,h,u5i
103u,h,u5n
103v,h,1fzp
103w,h,wpo
103x,h,1dyn
103y,s,1i1h
103z,h,17so
1040,h,132u
1042,h,19us
1044,s,xex
1047,h,6sk
1048,h,1130
1049,h,113h
104a,h,113i
104b,h,ilh
104c,h,12zl
104d,h,12zp
104e,h,4sa
104f,s,rk1
104g,h,101q
104h,h,3ev
104i,h,13og
104j,s,isl
104k,h,13r8
104l,h,13rf
104m,h,n3x
104n,h,13vq
104o,h,13w4
104p,h,146u
104q,s,1475
104r,h,j5h
104s,s,62u
104t,h,15hj
104u,h,15hp
104v,s,1606
104w,h,ews
104x,h,13fb
104y,h,cfw
104z,h,1761
1050,s,g48
1051,s,17am
1052,h,17sh
1053,h,m4i
1054,h,105h
1056,s,vck
1058,h,qh
1059,h,1du7
105a,s,19cc
105b,s,19n3
105c,h,6yx
105d,h,z1i
105e,h,kqt
105g,h,5p0
105g,h,wpt
105h,h,gfw
105i,s,148k
105k,h,zdf
105l,h,wqq
105m,h,1afl
105n,h,1afk
105o,h,101q
105p,h,1afn
105q,h,1ap4
105s,h,1bvc
105t,h,br4
105u,h,xdq
105v,h,wol
105w,h,5af
105x,h,1cux
105y,h,1d0n
105z,h,1d0r
1060,h,1db7
1061,s,1bbf
1062,s,454
1062,s,xs7
1062,s,1j7i
1062,s,1hnl
1064,h,1eqd
1065,h,1f27
1066,h,elv
1068,h,1fon
106b,h,vr2
106c,h,nqe
106d,h,xlw
106e,h,1dnk
106f,h,1dka
106g,h,1gzr
106h,h,xds
106i,s,1h0g
106j,h,1ij2
106k,h,igh
106l,h,1io2
106m,h,1dpk
106n,s,psw
106o,h,2xw
106p,h,95e
106r,h,srg
106s,h,1kl2
106t,h,1kl6
106u,h,1kqc
106y,s,6z3
106z,h,zoc
1070,m,19u1
1070,m,xbw
1070,m,5bw
1070,m,sv2
1070,m,2t2
1070,m,1k0b
1071,h,1be5
1072,h,wx9
1076,h,ioy
1078,m,wb4
1079,h,107a
107a,h,lpo
107d,h,4pe
107h,h,5hs
107i,h,107h
107j,s,1kfj
107k,s,11kb
107n,h,7fc
107o,h,11k5
107p,h,169i
107q,h,1cj7
107r,h,8n1
107r,m,1kgt
107s,h,6ez
107t,h,185n
107u,h,oav
107v,h,swz
107w,h,vqz
107x,h,l30
107y,h,1hya
107z,h,8d7
1080,h,ki1
1081,m,1085
1081,m,108k
1083,h,1a0a
1087,h,i0h
1088,h,9c9
1089,h,9c9
108a,s,ww
108b,h,b5l
108c,h,91v
108d,s,15hy
108e,h,91u
108e,h,91v
108g,h,i0h
108l,h,1ef7
108m,h,1jvr
108n,h,wsg
108o,h,9c7
108o,h,lst
108p,h,13ue
108q,h,xxy
108r,h,o9a
108s,h,1gqe
108t,h,vua
108u,h,oys
108v,h,5ko
108v,m,p6y
108w,h,o7u
108x,h,luh
108z,h,9dt
108z,m,9hb
1092,h,lst
1093,h,tjc
1094,h,8vq
1095,h,kp5
1096,h,17g1
1097,h,15dx
1099,h,1co9
109a,h,1jgz
109b,h,1gg6
109c,h,14tr
109d,h,euf
109g,h,151q
109h,h,ozx
109i,h,io1
109j,h,121x
109k,h,1297
109m,m,10eq
109m,m,11qf
109m,m,rt2
109m,m,3mk
109m,m,z4z
109m,m,1jgg
109m,m,1df
109n,s,1143
109o,s,b9q
109q,h,2is
109r,h,bfu
109s,h,1fcm
109t,h,g0s
109u,h,4z2
109v,h,tk
109w,s,1143
109x,h,7rz
109y,h,ib6
109z,h,lmc
10a0,h,anb
10a1,h,10ai
10a2,m,p3i
10a2,m,g1l
10a3,h,ca7
10a4,h,ca7
10a5,h,794
10a6,h,hol
10a7,h,jw8
10a8,h,2yb
10a9,h,1gee
10aa,h,2kd
10ab,h,18y0
10ac,h,u5n
10ad,h,1ghu
10af,h,10a0
10af,m,14we
10af,m,1dnv
10ah,h,anb
10ai,h,bs4
10ak,h,awt
10al,h,vly
10am,s,b0i
10an,h,1kly
10ao,h,w51
10ap,h,10ai
10aq,h,1klp
10aq,h,10ae
10ar,h,hp7
10as,h,8c7
10at,h,vlw
10au,h,75x
10av,h,12bo
10aw,h,ano
10ay,h,10kf
10az,h,t90
10b0,h,5sz
10b1,h,10b5
10b2,h,1d99
10b3,h,1db7
10b4,h,jw8
10b5,h,31c
10b6,h,4m0
10b7,h,5nb
10b9,h,yyq
10ba,h,5zn
10bb,h,1e4c
10bc,h,1cu2
10bd,h,lqo
10be,h,118m
10bf,h,rhu
10bg,h,jsq
10bh,h,174q
10bi,h,u7n
10bi,m,19ng
10bj,h,u7t
10bk,h,p1r
10bl,h,hn2
10bo,h,pfh
10bp,h,fkh
10bq,m,11c4
10bs,h,16br
10bt,h,t91
10bt,m,vbu
10bt,m,10c5
10bx,h,3hd
10by,h,3hd
10bz,h,1dpy
10c0,h,1kkz
10c1,h,16jl
10c2,h,8w4
10c3,h,net
10c5,h,yvk
10c6,h,1ikw
10c7,h,1exi
10ca,h,rh3
10cb,h,18un
10cc,h,t5q
10cd,s,w24
10cd,s,b2c
10cd,s,b28
10cd,s,8fx
10cd,s,135s
10cd,s,1c86
10cg,h,1e8c
10ch,h,jlr
10ck,h,1igc
10cn,s,1gg1
10cn,s,19cd
10cn,s,15i
10cn,s,12oa
10cn,s,1530
10cn,s,5jt
10cn,s,15h
10cn,s,roj
10cn,s,8y9
10cn,s,fw
10cq,h,14te
10cs,s,h0h
10cv,h,aem
10cv,h,aqw
10cw,h,crz
10cx,h,aef
10cy,h,16j9
10cz,h,ckb
10d1,h,83g
10d3,h,6gh
10d4,h,2k5
10d4,h,71h
10d5,s,1k5n
10d5,s,1ccy
10d5,s,k0a
10d7,s,31e
10d8,h,ki1
10d9,h,31s
10db,h,twt
10dc,s,xg
10de,h,2zw
10df,h,2k0
10dg,h,1g6s
10dh,h,19j8
10di,h,lun
10dk,h,1hx5
10dl,h,z4p
10dm,h,2yb
10dn,s,vlq
10do,h,n3k
10dp,h,l1n
10dq,h,j2h
10dr,h,1a3a
10dt,h,1grj
10du,h,yej
10dv,m,14jh
10dv,m,su3
10dv,m,qhn
10dv,m,pd0
10dv,m,11m7
10dv,m,rli
10dv,m,s9t
10dv,m,15gp
10dv,m,s9g
10dv,m,1agm
10dv,m,10dx
10dx,h,34m
10dy,m,10dp
10dz,h,4wj
10e0,h,v88
10e1,h,mnk
10e3,h,16o1
10e4,m,13bf
10e5,h,u36
10e7,h,an
10ea,h,19an
10eb,s,1bbk
10ec,h,1423
10ed,h,1dwv
10ed,m,1bbr
10ef,s,q0a
10eh,h,fva
10ek,h,17i0
10el,h,ue9
10en,h,65p
10eo,h,zig
10eq,m,10ep
10er,h,ymm
10es,h,10qr
10et,s,tr2
10eu,s,1jsq
10ev,s,aqy
10ew,s,aqz
10ex,s,1fcb
10ey,h,fgm
10ez,h,1kuz
10f0,h,1k4a
10f2,h,b47
10f5,h,10fg
10f5,h,5g5
10f6,h,10f5
10f6,h,6bq
10f8,h,2r4
10f9,h,h32
10fa,h,2r4
10fb,h,2r4
10ff,h,18oj
10fh,h,1103
10fh,h,2r4
10fj,m,7tc
10fj,m,85v
10fj,m,exn
10fj,m,1adx
10fj,m,11i8
10fj,m,zo3
10fm,m,s2u
10fm,m,s2k
10fm,m,s17
10fm,m,187c
10fm,m,11qg
10fn,m,1ab
10fp,h,2oe
10fq,h,12gd
10fr,h,18px
10fs,h,5z1
10ft,h,180o
10fv,h,13b0
10fx,h,v9d
10fy,h,1kki
10fz,h,n46
10g0,m,1bys
10g1,h,kxx
10g3,h,91v
10g4,h,ckb
10g5,h,91u
10g6,h,1jsy
10g8,h,w63
10ga,h,xcm
10gb,h,12e0
10gd,h,vnw
10gf,h,gzo
10gg,h,16d7
10gi,h,1j00
10gj,h,a7j
10gl,h,2si
10gl,m,1f8j
10gn,h,1gi7
10go,m,hax
10go,m,11rl
10go,m,ig1
10go,m,yg4
10go,m,155p
10go,m,aha
10go,m,10gn
10go,m,17yc
10gq,s,1juw
10gr,s,b5j
10gv,h,kyj
10gw,h,fxy
10gy,h,ozx
10gz,s,11de
10h0,s,11dd
10h2,h,1g33
10h3,h,ika
10h3,h,1g2w
10h4,s,1i9k
10h5,h,19oq
10h6,h,4sd
10h7,h,1e8c
10h8,s,pow
10h9,h,1e8c
10ha,h,10n6
10hb,h,1ed
10hc,h,1ee
10he,h,1ght
10hf,h,11k5
10hg,s,qhg
10hh,h,1kqf
10hi,h,c1s
10hk,h,bs4
10hk,m,10is
10hl,m,9h1
10hl,m,14p3
10hm,h,1gg6
10hn,h,1jmr
10ho,h,fo3
10hq,h,16d7
10hr,h,12kp
10hs,m,apa
10hs,m,10hu
10hv,m,1qv
10hv,m,m7r
10hw,h,7n5
10hx,h,cf2
10hy,h,iqe
10hz,h,32
10i1,h,qmc
10i3,h,1gi7
10i4,h,i1q
10i5,s,i1p
10i6,s,lxk
10i7,h,1493
10i9,m,ztg
10ic,h,19ui
10id,h,60z
10ie,h,60z
10ie,m,10ij
10if,h,10b1
10ig,h,e3g
10ih,s,ss
10ii,h,10ic
10ij,h,cxf
10ik,h,k3m
10il,h,jlr
10im,h,10cg
10in,h,10cg
10iq,h,1297
10is,h,nko
10it,h,4wm
10iu,h,4wp
10iw,h,ji4
10ix,h,2e4
10iy,h,ji7
10iz,h,1f2z
10j0,s,10f
10j1,h,151r
10j5,h,429
10j7,h,owo
10j8,h,2yn
10j9,s,1j7h
10ja,h,2sj
10jb,h,13ry
10jc,h,11xo
10jd,h,124k
10je,h,11k5
10jf,h,1j4u
10jg,h,yij
10jh,h,5vm
10ji,h,1iku
10jl,h,1grj
10jm,h,1f82
10jn,h,1f82
10jp,h,4z8
10jq,h,anb
10jq,m,ebd
10jr,h,vz4
10js,h,1exi
10jt,h,ths
10ju,m,tze
10ju,m,1b6v
10ju,m,1fmq
10ju,m,ths
10ju,m,rrn
10jv,h,1hl2
10jw,h,1fne
10jx,h,6qe
10jy,h,j2h
10jz,h,whb
10k1,s,i4o
10k2,h,1cyk
10k3,h,1fn6
10k3,m,1cvb
10k3,m,1hl2
10k4,h,1ek8
10k5,h,gkp
10k6,h,mnk
10k6,m,12yu
10k7,h,i0h
10k9,h,11t3
10kd,m,10ke
10kf,h,vlw
10kg,h,vup
10kh,h,30u
10ki,h,ckb
10kj,h,a6y
10kk,h,z5w
10kl,s,6dr
10km,h,66w
10kn,h,86s
10ko,h,edz
10kp,h,kuk
10kq,h,coi
10kr,h,2k0
10ks,h,1g6s
10kt,h,1jwo
10ku,h,1kkw
10kv,s,1fc8
10kx,h,13uc
10ky,h,13uc
10kz,h,13uc
10l2,h,h4h
10l7,h,3w8
10l8,h,7sy
10l9,h,kaq
10la,h,164d
10lc,h,qgk
10ld,h,xxw
10le,h,121m
10lf,h,10kf
10lg,h,194i
10lh,h,g0u
10li,h,18qc
10lj,h,18qj
10lm,h,g1
10ln,h,1cz0
10lo,h,biz
10lq,s,17o7
10lt,m,nr5
10lt,m,7yv
10lt,m,17al
10lt,m,1a5z
10lu,h,s56
10lv,h,13uk
10lw,h,1dke
10lx,h,fpc
10ly,h,1jh7
10lz,h,vb6
10m0,h,1bkn
10m1,h,qmr
10m2,h,132s
10m6,h,o2n
10m7,s,o2o
10m8,h,bvq
10m9,s,qjs
10ma,h,1asq
10mc,h,1jrx
10md,h,scy
10me,h,plf
10mf,h,1kqj
10mg,h,fxn
10mh,h,1kq7
10mi,h,1kq7
10mj,m,19jz
10mj,m,3cj
10mj,m,10ml
10mm,h,10ru
10mn,h,1cq
10mq,s,amw
10mq,s,2c9
10mr,h,jus
10ms,s,1e8x
10mt,h,vl2
10mu,h,91u
10mv,h,nbk
10mv,m,4ce
10mw,h,13ru
10mx,h,1aet
10my,h,14nw
10mz,h,14s3
10n0,h,gw3
10n1,h,6jz
10n1,m,1gix
10n4,s,pow
10n5,h,q2m
10n6,h,pst
10n8,h,uul
10n9,h,9rn
10nc,h,bp4
10nd,h,j4e
10ne,h,14tx
10nh,h,krf
10ni,h,g4w
10nk,h,slj
10nl,h,14cs
10nm,h,14cz
10nn,s,qu8
10no,s,14c4
10no,s,1dtd
10no,s,10nz
10no,s,14ce
10np,h,3mu
10nq,h,10pg
10nr,h,1jhm
10ns,h,kxx
10nt,h,11m0
10nu,h,171o
10nv,h,16h1
10nw,h,10n0
10ny,s,pow
10nz,s,10no
10o0,h,14cj
10o1,h,mc6
10o2,h,zou
10o5,s,eky
10o7,h,xok
10o8,h,19nl
10ob,h,qup
10oc,h,hr9
10od,h,1bd1
10oe,h,qka
10oe,m,10od
10og,h,1ik
10oh,h,fxn
10oi,h,ckb
10oj,h,1koo
10ok,h,goh
10ol,s,c1l
10on,h,10kf
10op,h,1jlu
10oq,h,kuv
10or,s,in7
10or,s,wkx
10os,h,11k5
10ot,h,a4m
10ou,h,e43
10ov,h,df9
10ow,h,vua
10p0,h,zou
10p1,h,siz
10p9,h,14ir
10pa,s,q5o
10pb,h,pv
10pd,h,tz
10pe,h,v6k
10pf,h,slj
10pg,h,10n0
10ph,h,1e8c
10pi,h,10n3
10pl,h,1c41
10pm,h,b73
10po,h,56w
10pp,h,l26
10pq,h,yzp
10pr,m,10pv
10pr,m,ugh
10pr,m,4lo
10pr,m,x3r
10pr,m,zqx
10pr,m,10q1
10pr,m,10q0
10pw,h,azy
10pw,m,10py
10px,h,s6r
10py,h,9qi
10q0,h,l78
10q1,h,10q0
10q2,h,13gl
10q4,h,bmg
10q5,h,i5m
10q6,h,5jd
10q7,h,1g6f
10q8,h,1g6f
10qa,h,lw6
10qb,h,14nw
10qc,h,1cmy
10qd,h,rpy
10qh,h,17jk
10qi,h,v5f
10qj,h,ufd
10qn,h,kx9
10qo,h,56w
10qp,h,56z
10qq,h,y3w
10qs,h,tew
10qt,h,tev
10qu,h,it9
10qw,s,efv
10qx,s,efv
10qz,s,dp1
10r1,h,9bb
10r5,h,xup
10r7,h,p9a
10r8,h,893
10r9,h,2fd
10ra,h,io
10rb,h,140p
10rc,h,tmu
10rd,h,l5e
10re,h,qkl
10rh,h,qmc
10ri,h,3go
10rk,h,kg0
10rl,h,190b
10rm,h,190b
10rn,h,qrz
10rr,h,xjw
10rs,h,xjt
10ru,h,5hl
10rv,h,c4q
10rw,h,16h2
10ry,h,5tr
10rz,h,jnr
10s0,h,1wr
10s3,h,13ye
10s4,s,1ctg
10s5,h,lcw
10s6,h,oav
10s7,h,oaw
10s8,h,17jw
10s9,h,oav
10sb,h,16o1
10sd,s,1hk7
10sd,s,rje
10se,h,169i
10sf,h,yzp
10sg,h,1fcq
10sh,h,b90
10si,h,b8r
10sj,h,twq
10sk,h,1gxe
10sl,h,19r4
10sm,h,m40
10sn,h,br3
10so,h,10t4
10sp,s,b5j
10sr,m,n6j
10st,h,2h1
10sw,h,34m
10sx,h,10ca
10sy,s,596
10sz,s,q7r
10t0,h,eoh
10t1,h,q6c
10t3,s,fyf
10t4,h,393
10t5,h,im
10t6,h,bc2
10t7,s,efv
10t9,h,1iw7
10ta,h,611
10tc,h,j48
10td,h,144m
10te,s,1bsu
10tf,s,1bsu
10tg,s,13pg
10th,s,886
10ti,h,klx
10tk,h,14te
10tl,h,epq
10tm,s,1bsu
10tq,h,vlw
10tr,s,1eyl
10ts,h,vz
10tt,h,1201
10tu,h,1iqg
10tv,h,1do0
10tw,h,1d96
10tz,h,19e0
10u0,h,19dx
10u3,h,1kki
10u4,s,fma
10u5,h,11k5
10u6,h,1duw
10u7,h,im
10u8,h,7f2
10u8,m,10u5
10u9,h,169o
10ua,h,bv4
10ub,h,1k9n
10ud,h,hzx
10ue,h,10uh
10ue,m,h6x
10ue,m,3cy
10ug,s,xve
10ui,h,zoy
10uk,h,19jb
10ul,h,xu
10um,h,11k5
10un,h,8qf
10uo,h,12s6
10up,h,sbe
10uq,h,3he
10us,m,9ew
10uu,s,ya5
10uv,h,cj8
10uw,h,1co9
10ux,h,doo
10ux,m,lw
10uy,h,doo
10v3,h,10x5
10v4,h,h01
10v6,h,3nn
10v7,h,rh3
10v8,h,tb7
10va,h,u7f
10vb,h,11id
10vc,h,11id
10vd,h,kcz
10ve,h,1akv
10vf,h,s5o
10vg,h,dhp
10vh,h,tnr
10vi,h,1fl6
10vj,h,1fi6
10vk,h,1gg6
10vl,h,1gax
10vm,h,u6
10vn,h,1dk6
10vo,h,1dk6
10vp,h,igf
10vq,h,tj1
10vr,h,91v
10vs,h,1fib
10vu,h,1gg6
10vv,s,1ggm
10vv,s,y3t
10vv,s,xzh
10vv,s,1dxq
10vx,h,192t
10vy,h,1jsb
10vz,h,s20
10w0,h,xm7
10w1,h,1d99
10w2,h,15hp
10w3,h,edv
10w4,h,10vy
10w5,s,i6a
10w6,h,1ggj
10w7,h,84j
10w8,h,11k5
10w9,h,1daj
10w9,h,1f4g
10wa,h,46c
10wc,h,1168
10wd,m,1h65
10wd,m,10wf
10wf,h,5hl
10wg,m,10wu
10wj,h,dx2
10wk,h,xe4
10wl,h,hq4
10wm,h,16g6
10wn,h,1dka
10wo,s,18dj
10wp,h,jlr
10wq,h,19mx
10wr,h,15l
10ws,s,9lk
10ws,s,38
10ws,s,umu
10ws,s,1k91
10ws,s,jaw
10ws,s,2s4
10wu,h,1j4e
10wv,s,12eb
10ww,s,16p4
10wy,s,yni
10x0,h,1jau
10x2,h,q2v
10x3,h,1dgn
10x4,h,sdb
10x6,h,tdt
10x6,m,1j6t
10x7,h,1920
10x8,s,1f8h
10x8,s,gy2
10x8,s,t29
10x8,s,zus
10x8,s,i8a
10x8,s,t2u
10x8,s,kwn
10x8,s,1ym
10x8,s,13gr
10x8,s,1h7n
10x8,s,155
10x8,s,9j9
10x8,s,zbi
10x8,s,oku
10x8,s,7iu
10x9,h,1fof
10xa,h,1fon
10xb,h,1f02
10xc,s,zxn
10xd,h,11f4
10xe,h,fkh
10xf,h,kp4
10xg,h,b5a
10xi,h,oz
10xj,h,4sc
10xk,h,ckb
10xl,h,86s
10xn,s,ecn
10xo,s,tr2
10xp,h,1kly
10xq,h,65p
10xq,m,c96
10xt,h,1cph
10xx,h,fx7
10xy,h,u06
10y1,h,tjb
10y3,h,xm7
10y4,h,a4k
10y5,h,132u
10y6,h,4vk
10y7,h,g9g
10y9,h,mtb
10yb,h,10yj
10yc,s,aqz
10yd,h,1bkn
10yf,s,2ma
10yg,m,3rw
10yk,h,13ye
10yl,h,rzl
10ym,h,1duw
10yn,h,16gm
10yo,s,zb6
10yp,s,111p
10yr,h,1hpp
10ys,h,16gk
10yt,h,1a64
10yu,h,11fn
10yv,h,1f9e
10yw,h,14yy
10yx,h,19m3
10yy,s,1hpl
10yz,h,1c53
10z0,h,1fyt
10z1,h,19iu
10z4,h,zhs
10z5,h,g0u
10z6,h,tdt
10z7,s,1i1p
10z8,h,13va
10z9,h,164u
10za,h,91u
10zb,s,144r
10zc,h,rdf
10zd,h,jfw
10zf,s,jg6
10zf,s,10zh
10zg,h,3if
10zh,s,10zf
10zj,h,1cj7
10zl,h,hfo
10zo,h,1jsb
10zp,h,twq
10zq,h,twq
10zr,h,zv
10zt,s,bsw
10zu,s,1hn7
10zx,s,q2g
10zy,h,way
1101,s,y8z
1104,h,pp4
1105,h,14te
1106,h,iwk
1107,h,10zo
1109,s,1fvc
1109,s,kr8
1109,s,hsg
1109,s,1htw
1109,s,f7c
110a,h,1a85
110a,h,8f5
110c,h,aem
110d,h,2sj
110e,h,446
110f,h,ezv
110i,h,v3k
110j,h,ksk
110k,h,zbd
110n,h,s6r
110o,h,1b9n
110p,h,tk
110q,s,1606
110r,h,10rr
110s,h,10rs
110u,s,tx8
110w,h,hsd
110x,h,xw6
110y,s,98v
1110,h,uim
1112,h,1kqk
1114,h,et7
1115,h,146z
1116,h,krf
1116,m,1118
1117,h,n60
1118,h,1jos
1119,h,deg
111a,h,107n
111b,h,527
111d,h,1dzz
111e,h,111b
111f,h,1dv6
111g,h,r2s
111h,h,kzh
111k,h,xse
111l,h,1bkn
111m,h,1bks
111n,h,io1
111o,h,vl2
111p,s,dpn
111p,s,1d39
111p,s,10yp
111p,s,wwk
111p,s,179p
111p,s,12pd
111p,s,l4y
111p,s,48x
111p,s,vaw
111p,s,1d7m
111p,s,kgp
111p,s,1f3r
111p,s,5vc
111p,s,g85
111p,s,juz
111p,s,6uk
111p,s,ss0
111p,s,9a8
111p,s,7c4
111p,s,1arc
111p,s,1ito
111q,h,uz6
111r,h,fkh
111s,h,11y3
111t,h,7wt
1120,h,13sh
1121,h,1fom
1122,h,q2w
1123,h,r7w
1125,h,doo
1126,h,xc0
1127,h,aef
1128,s,18ya
112a,h,1f0i
112b,h,31c
112c,h,2k0
112d,h,19wd
112g,h,es6
112j,m,114g
112k,h,1a64
112l,h,23b
112l,m,10b2
112m,h,18sh
112n,h,88k
112o,h,8k8
112p,h,12hp
112q,h,9dk
112r,h,6as
112s,h,bna
112t,h,1a1g
112u,h,tgh
112u,h,12hx
112v,h,7lg
112w,h,7lh
112x,m,10kc
112y,h,mxv
1130,h,m8h
1131,h,19kk
1132,h,4pe
1133,h,uye
1134,h,f5e
1135,h,16ly
1136,h,19kk
1138,h,1136
1139,h,tlx
113a,h,16xp
113b,h,99g
113c,h,dti
113d,h,1kgz
113e,h,15pa
113g,h,113f
113h,h,cdg
113i,h,awn
113j,h,113h
113k,h,164q
113k,m,1jfb
113l,h,1dp4
113m,h,ek5
113n,h,15sf
113o,h,tjc
113p,h,tfb
113q,h,tfa
113r,h,tf9
113r,m,113q
113s,h,rpy
113t,h,1a64
113v,h,zn1
113w,h,nr2
113x,h,1g9o
113y,h,193w
113z,h,1gi4
1140,s,1143
1141,h,1rx
1143,s,109n
1143,s,1140
1143,s,nfw
1143,s,rhh
1143,s,109w
1145,h,1bd1
1146,h,e6w
1147,h,1263
1149,h,zif
114a,h,1fon
114b,m,114c
114c,h,gnx
114d,s,9of
114f,h,114g
114g,h,11pc
114h,h,114g
114i,h,1fzp
114j,s,12p4
114k,s,ogp
114l,h,1bkn
114m,h,179m
114n,h,12nj
114o,h,tf9
114o,m,114n
114o,m,114q
114p,h,9fw
114r,h,1dp4
114s,h,12w2
114t,m,114s
114u,h,rwr
114v,h,luh
114w,h,fwp
114y,s,g0
1150,h,17wx
1153,h,9zd
1153,m,1151
1154,h,p85
1156,h,tkj
1157,h,2vn
1158,h,17es
1159,h,1kiy
115a,m,115b
115c,h,ihe
115e,m,14um
115f,h,1d63
115g,h,h0u
115h,s,pa6
115k,h,8rm
115l,s,17my
115o,h,st
115p,s,1icg
115q,s,948
115r,h,jja
115s,h,qfy
115w,h,tkj
115x,h,zi3
115y,h,yrs
115z,h,18mw
1161,h,ztu
1162,h,dwd
1163,h,198t
1164,h,11m3
1165,h,otn
1165,h,10nt
1166,h,1ckm
1167,h,1dv2
1167,m,dlg
1168,h,1ggj
1169,s,1hvu
116b,h,vu9
116c,h,1glt
116d,h,116r
116e,h,qli
116f,h,116e
116g,m,618
116h,h,87q
116i,h,n1c
116j,h,6qt
116k,h,1y6
116l,s,14kt
116m,h,lkz
116o,h,11m3
116p,h,10nt
116q,h,n49
116r,h,18jh
116s,h,y6h
116u,h,wbp
116v,h,ucd
116y,h,179f
116z,h,9i9
1170,h,1klm
1171,h,ews
1172,h,10sf
1173,h,ucf
1174,h,1a4e
1175,h,1iku
1176,h,1ehk
1177,h,2ig
1178,h,j1a
1179,h,239
117a,h,op0
117b,h,11k5
117c,h,ue9
117d,h,ucf
117e,h,yhb
117e,m,117c
117e,m,sth
117f,h,1ewu
117g,h,25n
117i,h,121r
117j,h,vdc
117k,h,1467
117l,h,166o
117m,h,oos
117n,h,11yp
117o,h,3g4
117p,h,1car
117s,h,5z3
117y,h,1g57
117z,h,oc3
1183,h,5jc
1185,h,80y
1187,h,462
1188,h,ree
1189,m,1bql
1189,m,zcm
118b,h,1fib
118c,s,1af9
118d,h,1fil
118g,h,m7w
118g,m,ojo
118g,m,14dp
118g,m,ojr
118g,m,pol
118g,m,180c
118g,m,rl9
118g,m,afr
118h,h,8pd
118i,h,c6m
118j,h,vs1
118l,m,ycb
118m,h,hp6
118n,h,1e1d
118o,h,16sf
118q,s,14jf
118r,s,pp8
118s,h,113h
118t,h,fdm
118u,h,nke
118v,h,17zv
118v,m,6l
118w,h,14je
118x,m,17q9
118x,m,12oj
118x,m,12op
118y,h,msr
118z,h,jus
1190,h,ccs
1191,h,gfc
1193,h,st
1194,h,gyj
1194,m,1193
1195,s,1dva
1196,s,1hr9
1197,h,nz1
1198,h,2hv
1198,m,5zx
119b,h,129z
119d,s,1jef
119e,h,hxi
119f,h,1hlo
119g,h,u6
119h,h,qvh
119j,h,3gk
119k,h,11di
119l,h,hyq
119m,h,2q
119n,h,en9
119o,h,19my
119p,s,19ro
119q,h,rbp
119u,h,vua
119v,h,2aj
119w,h,119v
119z,h,swz
11a1,m,1ihy
11a1,m,13j2
11a2,s,bwy
11a2,s,11a4
11a4,s,11a2
11a6,s,14jf
11a8,h,12nf
11a9,h,k96
11ab,h,3so
11ac,h,k6c
11ad,h,k6b
11ae,h,10xf
11ag,m,jj4
11ah,h,1kd8
11ai,m,1gl
11ai,m,1dzx
11ai,m,1my
11ai,m,127t
11ai,m,i6x
11ai,m,1hyc
11ai,m,x1j
11ai,m,nrz
11ai,m,9dn
11ai,m,11pw
11ai,m,57c
11ai,m,m4n
11ai,m,1h7
11al,h,1qp
11am,h,l1n
11an,h,aka
11ao,h,wle
11ap,h,oav
11aq,m,mq1
11ar,h,k0s
11as,h,1knx
11at,h,1ed
11aw,h,cw9
11az,h,3sq
11b0,s,hg4
11b1,h,52j
11b2,s,180d
11b4,h,vwy
11b6,s,qq1
11b7,s,bf8
11b8,h,1ch3
11b9,h,1iro
11bb,h,7b2
11bc,h,12ua
11bd,s,fxp
11be,h,1iyd
11bg,h,3e6
11bh,h,3e9
11bn,h,147t
11bo,h,147w
11bp,h,2ex
11bq,h,10dd
11br,h,wiu
11bs,h,4dk
11bt,h,1guv
11bu,h,x22
11bv,h,108b
11bw,h,gmz
11bx,h,le2
11by,h,1e6r
11bz,s,r59
11c0,h,19nx
11c2,h,1dfd
11c3,h,13a4
11c4,h,ki1
11c5,h,n3b
11c5,m,11k5
11c6,h,jaj
11c7,h,12zm
11c8,h,12zl
11c9,s,qpc
11ca,h,11c5
11cc,h,u45
11cd,h,oav
11ce,h,ls6
11cf,h,l9y
11cg,m,11ch
11ch,h,kaq
11cj,h,1l0d
11ck,h,3gr
11cl,h,1gi7
11cm,h,wle
11cn,h,wlh
11co,h,18es
11cp,s,1ep7
11cq,h,akw
11cr,h,i0h
11cs,h,i0h
11cu,h,1rl
11cy,h,g94
11cz,h,qx9
11d0,h,1jgz
11d1,s,wsr
11d2,h,1jgw
11d4,h,j2h
11d5,s,11dd
11d7,h,1hlp
11d8,s,etk
11d9,h,11k5
11da,h,1442
11db,h,vcx
11dc,h,16jd
11dc,m,kvc
11dd,s,ffe
11dd,s,19c8
11dd,s,eti
11dd,s,j64
11dd,s,11d5
11dd,s,15qp
11dd,s,10h0
11de,s,10gz
11dg,h,b8y
11di,h,aj8
11dk,s,z1u
11dk,s,2ja
11dk,s,2lm
11dk,s,1hlt
11dk,s,1djm
11dk,s,qw7
11dk,s,ld
11dm,h,19ck
11dp,h,1dv4
11dq,m,1kth
11ds,h,18zv
11dw,h,1ak9
11dx,h,14nw
11e0,h,185n
11e1,h,jxi
11e2,h,f4w
11e3,h,11e4
11e5,h,119e
11e6,h,jxj
11e7,h,c1r
11e8,h,jxk
11e9,h,ain
11ea,h,xly
11eb,h,euw
11ec,h,3m0
11ed,h,1931
11ee,h,xmc
11ej,h,1gg5
11ek,h,j7o
11el,s,pvl
11em,s,e1b
11eo,h,12bp
11ep,s,uba
11eq,s,bu6
11et,s,1hhq
11et,s,b3n
11et,s,i87
11et,s,plh
11et,s,kaw
11et,s,pls
11et,s,gap
11et,s,a2r
11et,s,11ez
11et,s,12ld
11et,s,pnn
11et,s,al8
11et,s,jh2
11et,s,a1g
11et,s,wlj
11eu,s,ijx
11ev,h,57w
11ew,s,kwk
11ey,h,80d
11ez,s,11et
11f0,h,1cj7
11f1,h,q16
11f2,h,fpx
11f3,h,b6r
11f4,h,1f02
11f5,h,35o
11f8,h,fmu
11fa,s,dem
11fb,h,op0
11fc,h,ooz
11fd,h,14iw
11fg,h,im
11fi,h,1a4c
11fi,m,jxx
11fj,h,13ka
11fj,m,iw
11fk,h,j9
11fl,h,ck
11fm,h,hxw
11fn,h,1fuv
11fo,h,z6z
11fp,h,n1c
11fq,s,l2c
11fr,h,uz6
11fs,h,11fn
11ft,h,1a1g
11fu,h,ibb
11fv,h,2zw
11fx,h,kk2
11fy,h,qvj
11fz,h,m80
11g0,h,1bz8
11g2,h,cl2
11g2,m,c8t
11g2,m,7sy
11g4,h,87j
11g5,h,19h2
11g5,m,i1f
11g6,h,cl2
11g7,h,wiu
11ga,h,cl2
11gb,h,9pe
11gh,h,u0f
11gi,h,twm
11gl,h,2si
11gm,h,1fom
11gn,h,10si
11go,m,i3t
11gp,h,hq3
11gq,h,14ir
11gr,s,5ee
11gr,s,x3q
11gr,s,dhx
11gr,s,1glx
11gr,s,yee
11gr,s,19aq
11gr,s,ky8
11gr,s,199x
11gr,s,5an
11gr,s,dly
11gr,s,25y
11gr,s,1jw8
11gr,s,p3s
11gr,s,199d
11gr,s,fwd
11gr,s,zt5
11gs,s,1c38
11gt,h,14e3
11gu,h,fj8
11gw,h,eje
11gx,h,ejd
11gy,h,vyq
11gy,m,7t8
11gz,h,1168
11h0,s,1i85
11h1,h,1dxx
11h2,s,hp1
11h2,s,laa
11h2,s,9u2
11h4,s,q5o
11h6,h,6dy
11h9,s,5fk
11ha,h,kp9
11hc,h,60s
11he,h,1d99
11hf,h,apr
11hh,h,19h2
11hi,h,qmc
11hj,h,1k8l
11hl,h,oav
11hm,h,18xq
11ho,h,toq
11hp,h,tm6
11hq,h,wnw
11hr,h,15u3
11ht,h,1jrl
11hu,h,swy
11hw,h,gtv
11hx,s,1cga
11hx,s,qfi
11hx,s,12e
11hx,s,2l
11hy,s,rkg
11hz,h,1jrh
11i1,h,185n
11i2,h,130e
11i3,s,19ab
11i3,s,130g
11i4,s,fv3
11i5,h,119e
11i6,h,f52
11i7,s,dc4
11i9,h,ra
11ib,s,rb
11id,h,2ml
11ie,s,43g
11if,s,qhh
11ih,h,fpx
11ii,h,12wk
11ij,h,ag
11ik,h,vmm
11il,h,1gbl
11im,h,16g6
11in,h,920
11io,h,1id6
11ip,s,jf5
11iv,h,zm0
11iw,h,ba3
11ix,h,1087
11iy,h,108b
11iz,h,5pv
11j0,s,zs9
11j0,s,1789
11j0,s,yo7
11j2,h,mmu
11j3,h,j34
11j4,s,1cml
11j7,h,im
11j8,h,cvt
11j9,h,1kqy
11jb,h,bud
11jc,h,11hw
11jd,h,bgv
11je,s,427
11je,s,1dab
11je,s,w5x
11je,s,3d1
11je,s,14xe
11jf,h,bh5
11jj,h,1cf
11jk,m,3ry
11jl,h,1g0n
11jm,h,v2q
11jp,m,1e8
11jq,h,bu9
11jr,h,q6c
11js,h,bud
11jw,h,rh3
11jx,h,4bq
11jz,h,55p
11k2,s,bu6
11k5,h,8nw
11k5,h,zou
11k5,m,11km
11k5,m,p7i
11k6,h,p7i
11k8,h,2im
11k9,s,3is
11ka,h,11k5
11kb,s,qg1
11kb,s,107k
11kb,s,qfr
11kb,s,13sa
11kb,s,11kp
11kf,s,1df4
11kg,s,11ur
11kh,h,b90
11ki,m,wb2
11kk,h,yvm
11kl,h,143j
11km,h,3iy
11km,m,1g8v
11km,m,xym
11km,m,93z
11kn,h,8qm
11ko,h,91u
11kp,s,11kb
11kv,h,pme
11kw,h,11k5
11kx,h,1gqe
11ky,h,hjj
11kz,h,q20
11l0,h,8id
11l1,h,ek5
11l2,h,2im
11l2,m,oyi
11l3,s,1kfj
11l4,h,9ys
11l5,h,192j
11l6,h,60s
11l7,h,11k5
11l8,h,qgt
11l9,h,azp
11la,h,azg
11lb,s,mc3
11lb,s,b25
11lb,s,aeu
11lb,s,aiz
11ld,h,1397
11le,h,50p
11lg,s,16b4
11li,h,fvg
11lj,h,ewn
11lk,h,ewn
11ll,h,fno
11lm,h,qn8
11ln,h,kh
11lp,m,tu4
11lp,m,1om
11lp,m,1z7
11lp,m,11lt
11lq,h,15im
11lr,h,ikd
11lv,h,lxx
11lw,s,y31
11lz,h,ddf
11m0,h,19mv
11m1,h,1kqz
11m2,h,ij4
11m3,h,16k9
11m4,h,1ij4
11m5,s,15ol
11m8,h,spu
11m9,h,erg
11ma,h,fpx
11mb,h,1amr
11mc,s,4rv
11mc,s,eh4
11me,h,1g0p
11mf,h,239
11mg,h,9c5
11mh,h,qn7
11mi,s,i1p
11mj,h,1fy1
11ml,h,n01
11mm,h,18e7
11mn,h,239
11mo,h,rkn
11mp,h,88k
11mq,h,88k
11mr,m,1f18
11ms,m,1f19
11mt,m,1f1a
11my,h,166o
11mz,h,70t
11n3,h,1cdn
11n4,h,t0c
11n5,h,1aln
11n7,h,16lm
11n8,h,2jx
11na,h,kz7
11nb,h,17es
11nc,h,dvb
11nd,s,1b3
11nf,h,8el
11ng,h,rvc
11ng,h,wsg
11nh,h,za6
11ni,h,x7w
11nj,s,noa
11nk,h,uh1
11nl,h,1hkg
11nm,h,xup
11nn,h,1hux
11no,h,vrd
11np,s,xuo
11nq,h,yk2
11nr,h,ki1
11ns,h,51d
11nt,h,yaj
11nu,h,1j2
11o3,h,60s
11o4,m,c78
11o7,h,vfx
11o9,h,65p
11oa,h,d1i
11ob,h,wf4
11of,s,v0e
11oi,m,8sd
11oj,h,16jd
11ok,s,1i4w
11ol,s,1i4v
11om,h,17so
11op,h,rwq
11os,h,vua
11ot,h,o02
11ou,h,11oy
11ox,h,11ot
11oy,h,vu9
11oz,h,anb
11oz,m,gmz
11p0,h,vu9
11p3,h,1fon
11p4,h,1cjc
11p5,h,12oh
11p6,h,2im
11p7,h,1cc2
11p8,h,1e8q
11p9,h,wvt
11pa,m,sfq
11pb,h,qum
11pd,h,1k9n
11pe,h,4ev
11pf,h,nhn
11pi,h,t72
11pk,s,izl
11pm,h,g0s
11pn,h,13ud
11po,h,ewd
11pq,h,bpp
11pt,h,192j
11pu,h,tjc
11pv,h,6c5
11px,h,1a64
11py,h,r2s
11q1,h,g5s
11q2,h,178
11q4,h,ano
11q5,h,and
11q7,s,xm3
11qb,h,uql
11qd,m,8sy
11qe,m,v6z
11qe,m,8pr
11qe,m,jw6
11qe,m,1j6w
11qf,m,8ps
11qf,m,11qe
11qf,m,unv
11qf,m,wi9
11qf,m,1eev
11qi,h,12hm
11qj,h,qpb
11qk,h,tm4
11qm,h,p7t
11qn,h,18mw
11qo,h,1dim
11qp,h,18mw
11qq,h,11k5
11qs,s,1how
11qv,h,1fcv
11qw,h,p7w
11qx,h,4z2
11qy,h,137a
11qz,h,3p
11r1,h,qmc
11r3,h,xfi
11r4,s,1how
11r7,h,1dik
11r8,h,w9t
11r9,h,oav
11rb,s,y8z
11re,m,130m
11rg,h,yaj
11ri,h,19ai
11ro,m,1bh3
11rq,h,1abc
11rr,h,11rp
11rx,h,tyd
11ry,h,h1
11s3,h,1ddc
11s4,h,1bkw
11s7,h,lst
11s8,h,i0h
11s9,h,185n
11sc,h,lst
11sc,h,11mg
11se,h,147f
11sf,h,1eau
11sg,h,kjd
11sh,s,tr6
11sj,h,9c7
11sk,m,unf
11sl,h,10cg
11so,h,8mi
11sq,h,9ch
11ss,h,gtg
11st,h,c4k
11st,h,11t0
11su,h,16ke
11sw,h,etr
11sw,h,1gaj
11sw,m,11so
11sx,h,he2
11sy,h,hlg
11sz,s,3is
11t0,h,16je
11t1,h,15sg
11t3,h,31s
11t5,s,ijx
11t6,h,11t0
11t8,h,11xm
11t9,h,13ud
11ta,h,z4a
11tb,h,r0f
11tc,h,muy
11td,h,s1v
11te,h,s1x
11tf,h,u2p
11tj,h,vrx
11tk,h,11t0
11tl,h,am1
11to,h,19cg
11tp,h,1dwv
11tq,h,11st
11tr,h,gtg
11ts,h,11su
11tv,h,155a
11tw,h,1gqs
11ty,m,fvz
11u0,h,bqf
11u0,m,wvg
11u0,m,nzu
11u1,h,10w0
11u2,h,doo
11u3,h,2ye
11u4,h,n3k
11u8,h,xcd
11ua,h,qpb
11uc,h,11zo
11ud,h,11zo
11ue,h,6bq
11uf,h,16di
11uh,h,11n3
11un,h,1er0
11un,m,9zg
11un,m,1dhd
11uo,h,ltt
11uq,m,1bvj
11ur,s,11kg
11ur,s,vm1
11ur,s,23a
11ur,s,60q
11ur,s,11v5
11ut,s,vlu
11uu,s,xxj
11uv,s,hsp
11uw,s,vlu
11ux,h,m19
11uy,h,1f9m
11uz,h,1f9n
11uz,m,wtr
11v1,h,18oj
11v5,s,11ur
11v7,h,14ck
11v9,h,5g4
11va,h,5g5
11vd,h,1fz
11ve,h,9c5
11vh,m,12q5
11vj,h,12bp
11vl,h,tjc
11vm,h,oav
11vn,h,11fi
11vp,s,11vt
11vq,h,xmc
11vt,s,11vp
11vu,m,1bl3
11vu,m,sds
11vu,m,11vx
11vv,h,1bc7
11vx,h,sds
11vy,h,l1n
11w1,m,uvb
11w2,h,p0d
11w2,h,77o
11w3,s,fkq
11w5,h,16cb
11w6,h,kk8
11w7,m,1c6l
11w8,h,1a64
11w9,h,ews
11wd,h,9m3
11we,h,luh
11wf,h,14a1
11wg,h,16ed
11wh,h,17ds
11wi,h,11ym
11wj,h,h0u
11wk,h,11d6
11wl,h,5l7
11wl,h,9fw
11wm,h,11k5
11wo,h,11zz
11wp,h,1202
11wq,h,et7
11wr,h,egz
11wt,h,1d79
11wu,h,1g1s
11wv,h,egn
11ww,h,jey
11wx,h,jnn
11wx,m,11wt
11x0,h,zye
11x2,h,j9
11x3,h,16cb
11x4,h,13ku
11x5,s,13kw
11x6,h,1fc0
11x7,h,1grv
11x9,h,ca7
11xa,h,h5
11xb,h,a0
11xc,h,and
11xd,h,hg
11xe,h,vqm
11xf,h,h0v
11xg,h,h10
11xi,h,944
11xl,h,11gt
11xm,h,16jl
11xo,h,16je
11xp,h,1akt
11xq,h,pqa
11xr,h,1h5s
11xs,h,16j9
11xt,s,4tk
11xu,s,aqq
11xw,h,iwm
11xx,h,4tn
11xy,h,pql
11y0,h,1bvb
11y1,h,5ko
11y3,h,10y8
11y4,h,10sf
11y5,h,rol
11y6,h,8f2
11y7,h,cs4
11y8,h,o7u
11y9,h,fsv
11ya,h,1c0z
11yb,h,16gm
11yd,h,hn4
11yf,h,1awe
11yg,m,1gyz
11yh,h,1iso
11yi,h,12e0
11yi,m,19yo
11yi,m,63j
11yj,h,1dv4
11yk,h,1dv4
11ym,h,119e
11yn,h,xz
11yo,h,1bkt
11yp,h,119e
11yq,h,119e
11yr,s,dem
11yt,m,1zo
11yx,h,16je
11z0,h,178k
11z2,h,hd0
11z3,h,in
11z4,h,qot
11z5,h,u42
11z6,h,wwz
11z8,h,j7o
11z9,h,1a64
11z9,m,7n1
11za,h,8lo
11zb,h,14nw
11zc,h,a04
11zd,h,n4w
11ze,h,jcv
11zf,h,8c7
11zi,h,1762
11zj,h,nur
11zk,h,nur
11zl,h,oof
11zm,h,91u
11zo,h,aqw
11zp,h,aqw
11zq,h,p6f
11zr,h,aq8
11zs,h,em2
11zt,h,aqg
11zu,h,ofn
11zv,h,tay
11zw,h,6jh
11zx,h,1nw
11zy,h,stz
1200,h,12op
1201,h,1jtk
1201,m,1bs5
1201,m,1203
1202,m,11zz
1203,h,1cbl
1204,h,fkh
1206,h,as2
1207,h,13v9
1209,h,anb
120a,h,wzf
120b,h,as2
120c,h,1fg5
120d,h,14nw
120f,h,1clp
120g,h,t0c
120h,h,1jsj
120i,h,19kv
120j,h,4z8
120k,h,s20
120l,h,1fcj
120m,h,g7n
120o,h,7aq
120p,h,bv2
120q,h,13qz
120r,h,1dvb
120s,s,as7
120t,h,wgj
120u,h,8f4
120w,h,18zx
120y,h,ive
120z,h,14ja
1210,h,ddq
1211,h,14nw
1212,h,1fz
1213,h,1615
1214,h,3rn
1215,h,vco
1218,h,g3c
1219,h,b1i
121a,h,1g6s
121b,s,1i09
121c,s,nf8
121d,h,stw
121e,h,nem
121h,m,1j6
121h,m,4ox
121k,h,1kqy
121l,h,oav
121m,h,gq
121n,h,rwu
121o,h,tdg
121p,h,1gwx
121r,h,jf3
121r,m,nxw
121r,m,19qf
121r,m,122u
121r,m,12op
121s,h,jey
121t,h,1gba
121u,h,3gt
121v,h,euh
121w,m,1gum
121w,m,14bn
121w,m,2n
121w,m,t12
121w,m,1244
121w,m,8q3
121w,m,11w7
121x,h,lpb
121z,h,f4l
1220,h,qrd
1221,h,1c9b
1222,h,n0f
1223,h,rks
1224,h,1j2
1225,s,cgi
1226,h,1ei7
1227,s,bq2
122a,h,ddq
122c,h,z6m
122d,h,bj4
122e,h,1kiy
122f,h,1jsy
122h,s,17o7
122i,h,hr9
122j,h,oav
122j,m,122k
122m,h,118m
122o,h,1bkn
122p,h,oli
122q,h,1bks
122r,h,15hf
122s,h,15hf
122u,h,nxw
122v,h,14iv
122w,h,ubx
122x,h,lw5
122y,h,16sf
122z,h,fde
1230,s,1kdh
1231,s,6dp
1232,s,9of
1234,h,ki1
1235,s,9of
1236,h,1bks
1237,h,df9
1238,h,1233
1239,h,ani
123a,h,t98
123b,h,1cmt
123c,h,114i
123d,h,1dxo
123e,h,157x
123f,s,b5j
123h,s,b5j
123i,h,805
123j,h,140p
123l,h,86o
123m,h,60s
123n,h,vqo
123o,h,122d
123p,h,1j4j
123q,h,wy9
123r,h,12op
123s,h,u7c
123t,h,rkw
123u,h,14iv
123v,h,1jon
123w,s,1a28
123x,m,m6t
123z,m,d9r
1240,h,gpe
1242,h,1281
1243,h,ozx
1244,m,122d
1244,m,123o
1245,h,y4m
1246,h,zqn
1247,h,19kv
1248,h,rb1
1249,h,iui
124a,s,13bo
124a,s,op9
124a,s,mi0
124a,s,exw
124b,h,9sj
124d,h,17i
124e,h,195b
124h,h,1guu
124h,m,xdj
124h,m,1cnk
124h,m,6fz
124i,h,1guu
124i,m,1c4j
124j,h,din
124k,h,1kbv
124l,h,1ged
124m,h,12f5
124n,h,e3g
124o,h,jbw
124p,h,a10
124q,h,1eve
124r,h,124i
124s,h,xmc
124t,m,576
124t,m,d6k
124t,m,11cg
124u,h,1ixj
124x,h,c5f
124y,h,12gb
1251,m,1250
1254,h,14te
1255,s,1ep7
1256,s,1csy
1257,h,j2h
1258,h,25o
1259,h,213
125a,h,86o
125b,h,ohh
125d,h,12l2
125e,h,19y9
125f,h,1clp
125i,h,1bxo
125j,h,1283
125n,h,11k5
125p,h,fyk
125p,m,k3l
125r,s,8a7
125s,h,8ay
125t,m,agt
125u,h,11k5
125v,h,f4k
125w,m,125x
125y,m,1f1h
125y,m,vk8
125y,m,125w
125z,h,cj3
1261,m,1dcw
1262,s,jmy
1263,h,k1d
1263,m,1cul
1266,m,113r
1267,h,op3
1268,h,b7n
1268,h,8pd
1269,h,hp6
126a,h,2sj
126b,h,2sj
126c,h,1gfb
126d,h,ikw
126e,h,bgg
126f,h,16ed
126g,h,k9t
126i,h,7l5
126i,m,126h
126k,h,1fi6
126l,h,132r
126m,h,mp9
126n,h,5kj
126o,h,2lz
126q,h,1fi6
126r,h,ep9
126s,h,19jk
126t,h,15kx
126u,h,olh
126v,h,12fc
126x,s,q6l
126y,h,1fil
126y,h,477
126z,h,1izm
1271,h,t90
1272,h,132x
1273,m,1fps
1274,h,tqa
1275,h,12gc
1276,h,1845
1277,s,oy
1279,h,f4k
127b,h,m4g
127d,h,osk
127f,s,b9r
127h,s,w2f
127i,s,qqd
127j,h,w2h
127l,h,1bwv
127m,h,142m
127r,h,113h
127s,h,cb1
127w,h,hr9
127x,h,woc
127z,h,eos
1280,h,vbd
1281,h,3ul
1282,h,17m0
1283,h,1gzr
1284,s,d25
1285,h,b4x
1287,h,fkh
1288,h,1a1g
1289,h,xlw
128b,s,12jr
128c,h,134f
128d,h,134g
128e,h,2is
128g,h,aj8
128h,h,1j1r
128i,h,1aku
128j,h,1b9p
128k,h,10vx
128l,h,bc2
128m,h,rok
128n,h,ec5
128o,h,zna
128p,h,15bf
128q,h,ec5
128r,h,ibw
128s,h,1akr
128t,h,151n
128u,h,1agv
128v,h,xse
128w,h,19i9
128x,h,vua
128y,h,1izh
128z,s,2yf
1290,h,1iq6
1291,h,132v
1292,h,brp
1293,h,kh
1295,m,8nn
1297,h,v33
1298,h,60s
129a,h,1jg
129b,s,7rx
129c,h,7s4
129h,s,12ah
129i,h,4pn
129j,h,1kqj
129l,h,1fc0
129m,s,eog
129n,h,1clp
129o,h,e9m
129p,h,jm4
129s,h,7ng
129t,h,25p
129v,h,khd
129w,m,129v
129x,s,1ipe
129x,s,u1y
129x,s,god
129x,s,1afb
129x,s,1efk
129x,s,3ma
129x,s,97w
129x,s,orf
129x,s,4dx
129x,s,jji
129x,s,goc
129z,h,swz
12a0,s,14ko
12a1,s,fbo
12a2,s,1h9q
12a4,h,14lq
12a5,h,2im
12a6,h,qpb
12a8,h,1gf
12a9,h,u2x
12ab,h,1jug
12ac,h,plc
12ad,h,gg6
12ae,h,r1w
12af,h,1fcv
12ah,s,1ed2
12ah,s,129h
12ah,s,12aj
12ah,s,k9k
12ah,s,c3p
12ai,h,kak
12aj,s,12ah
12ak,h,i7i
12al,h,fmd
12am,h,5z1
12ap,h,19qr
12aq,h,ead
12at,h,df9
12au,h,mc7
12av,h,1b22
12aw,h,1gi7
12ax,m,5go
12b0,h,75x
12b0,m,12b1
12b2,h,wty
12b5,h,1fo8
12b6,s,lf5
12b7,h,12rb
12b8,h,ckb
12ba,h,19hr
12bb,h,ukm
12bc,h,cl3
12be,h,zou
12be,m,c3i
12be,m,1l2d
12be,m,11vj
12bg,s,bx2
12bg,s,13l0
12bh,h,11k5
12bi,h,ys1
12bj,h,13if
12bk,h,eqk
12bl,h,1fda
12bn,s,ob6
12bo,h,75z
12bp,h,zou
12bp,m,ove
12bq,h,kl
12br,h,bx0
12bs,h,14nw
12bt,h,1cuy
12bu,h,14nw
12bv,h,azb
12bx,h,si9
12bx,m,14d4
12bx,m,72g
12bx,m,12bp
12by,h,17py
12by,h,gvy
12by,m,rza
12bz,m,12c0
12c0,h,oav
12c1,h,48d
12c1,m,12c2
12c2,h,1iso
12c4,h,ibg
12c5,h,apu
12c6,s,14y9
12c6,s,xyc
12c6,s,195q
12c6,s,cze
12c7,h,jd0
12c8,h,1klm
12c9,h,1369
12cb,h,1297
12cc,h,1293
12cd,h,anb
12ce,h,jd4
12cf,h,12bp
12cg,h,1c41
12ch,h,iz1
12ci,h,8z5
12cj,h,1cjc
12ck,h,2fl
12cl,h,q6v
12cm,h,i0h
12cn,h,dk9
12cp,h,wsg
12cq,h,1dwu
12cs,h,ckb
12ct,h,ckb
12cu,h,z4
12cv,h,ckb
12cw,h,aef
12cy,h,1ji0
12cz,s,n1d
12d0,s,cl0
12d2,h,2k0
12d3,h,1be3
12d4,s,q05
12d6,h,1eau
12d7,h,1bby
12d8,h,ms3
12db,h,6px
12dc,h,10b1
12dd,h,iqw
12de,h,v9r
12df,h,v9s
12dg,m,1r1
12dg,m,12aw
12dh,h,19ui
12di,h,pqb
12dj,h,kai
12dl,h,d48
12dn,h,hyz
12do,h,1d99
12dp,h,26e
12dq,h,19ui
12ds,h,15ob
12dt,h,19wc
12du,h,aef
12dv,h,148c
12dw,h,1ecf
12dx,h,12dh
12dy,h,17hk
12e0,h,oyo
12e1,h,g0u
12e1,m,12b7
12e2,m,b73
12e2,m,zia
12e3,h,1d96
12e5,h,aem
12e6,h,2k0
12e8,h,1gsk
12e8,h,16cz
12eb,s,10wv
12ed,h,vz
12ef,h,12r6
12ef,m,192x
12ei,h,kai
12ek,h,11un
12ek,m,1gyf
12ek,m,8xk
12ek,m,kak
12ek,m,1gio
12el,h,x2f
12en,h,csk
12eo,s,mc2
12eo,s,2tm
12ep,s,qwh
12es,m,ij
12et,h,1a4c
12ev,h,ja
12ew,h,1iiz
12ex,h,fx7
12ey,h,fx7
12ez,h,j9
12f0,h,b2f
12f1,h,im
12f2,h,11fh
12f3,h,is
12f5,h,1bkv
12f6,h,1gg6
12f7,h,lp1
12f9,h,1aft
12fa,h,1bkt
12fb,h,11fh
12fc,h,eln
12fd,h,in
12fe,h,im
12fg,h,iu6
12fi,h,xds
12fk,h,ffs
12fl,h,56y
12fm,h,olh
12fn,h,1ij2
12fo,h,1ij2
12fp,h,iow
12fq,h,12f2
12fr,h,16ke
12fv,h,5d7
12fv,h,13yd
12fw,h,ys0
12fx,h,66v
12fy,h,18m0
12fz,h,6gh
12g0,h,o4z
12g2,h,btk
12g3,h,11k5
12g4,h,10t4
12g5,s,2qk
12g5,s,skg
12g5,s,arb
12g5,s,hfy
12g5,s,ex3
12g5,s,wth
12g7,h,lap
12g8,h,1bto
12g9,h,1kti
12g9,m,1aug
12g9,m,196k
12g9,m,1e4s
12ga,h,12gl
12gc,h,j9
12gd,h,1g6f
12gd,m,wcb
12ge,h,vrp
12ge,m,14uq
12ge,m,1gzo
12ge,m,qsh
12ge,m,ngc
12ge,m,100b
12ge,m,11gn
12ge,m,9pz
12gf,h,12es
12gg,h,u15
12gh,h,12g2
12gi,h,b0s
12gj,h,btg
12gk,h,hp6
12gl,h,31c
12gm,h,tfp
12gn,h,14dz
12go,h,w1z
12gp,h,27k
12gr,h,r8p
12gs,h,2ib
12gt,h,2gw
12gu,h,e21
12gv,h,1gh
12gw,h,1cjh
12gx,h,16wa
12gy,s,pno
12gy,s,4tl
12gy,s,mtm
12gy,s,gqo
12gy,s,hv9
12gz,s,ycq
12h2,h,12hg
12h3,h,14te
12h4,h,rwa
12h6,h,18dn
12h7,h,1kfx
12h8,h,18dn
12h9,s,1ul
12h9,s,9pu
12h9,s,73f
12h9,s,mtr
12h9,s,ecz
12ha,s,148m
12hb,h,hxw
12hc,s,h0l
12hc,s,qw
12hc,s,qox
12hc,s,ed1
12hc,s,1e36
12hc,s,j2p
12hc,s,96u
12hc,s,mtt
12hc,s,mkh
12hd,h,mtq
12hf,h,10e6
12hg,h,jlr
12hh,h,9kj
12hi,h,kh
12hj,h,19mv
12hk,h,kmv
12hl,h,kn0
12hm,h,ayp
12hn,h,1jdc
12hq,h,vyj
12hr,h,gj9
12hs,h,140r
12ht,h,g5d
12hu,h,bna
12hv,h,z0n
12hw,s,axq
12hx,h,tk
12hy,h,tk
12hz,h,yxx
12i2,s,b5w
12i3,h,fb2
12i4,s,8h
12i5,h,8e
12i6,h,vvx
12i7,h,hp6
12ib,h,1iwq
12ic,s,1405
12ig,h,19h2
12ij,h,12mm
12ij,h,12ii
12il,h,1d99
12im,h,md
12in,h,51r
12io,h,kmz
12ip,h,1klm
12iq,m,rue
12ir,h,3aa
12is,h,nbf
12iw,h,ncv
12ix,h,dt8
12iy,h,1jgu
12iz,h,yij
12j1,h,glt
12j2,h,ep9
12j3,h,16as
12j4,h,18m0
12j5,h,1g6f
12j6,h,1cz0
12j7,h,970
12j8,h,12af
12j9,h,12ag
12ja,h,a4r
12jb,h,qyu
12je,h,1fy1
12jf,h,1fnn
12jg,h,1gg6
12jh,h,v0m
12ji,s,1fnq
12jj,h,1fnu
12jl,h,1jvi
12jm,h,v5f
12jn,h,14gf
12jo,h,14gk
12jp,h,14gk
12jq,h,1d7b
12jr,s,128b
12js,s,1hqx
12ju,h,5th
12jw,h,a9i
12jx,h,11js
12jy,h,vl
12jz,h,qvi
12k0,h,qvi
12k1,h,1kkz
12k2,h,qvh
12k4,h,op0
12k5,m,12k6
12k6,h,gnx
12k7,h,132u
12k8,s,jj2
12k9,s,jj2
12kc,s,1iyv
12kd,h,14tr
12ke,h,7as
12kf,h,iuj
12kg,h,pz
12kh,h,5zx
12ki,h,c5f
12ki,m,12kh
12kj,h,oav
12kk,h,1b3m
12kl,h,coi
12km,h,1ikb
12kn,h,1g6s
12ko,h,19qr
12kp,h,st
12kq,h,e1n
12kr,h,19qu
12ks,s,jj2
12kt,h,glu
12ku,s,er1
12kv,s,y2
12kw,h,yij
12ky,h,9m3
12kz,s,t0j
12l0,h,kc0
12l1,h,1egc
12l2,h,1fc0
12l3,h,13p
12l4,s,hj
12l5,h,glq
12l6,h,dr1
12l7,h,m4d
12l9,h,glu
12lb,h,1bkn
12lc,h,olc
12ld,s,11et
12lf,s,gor
12lg,h,kvb
12lh,h,1b9n
12li,h,g0s
12lj,h,13a4
12lk,h,a4m
12ll,h,11qp
12lm,h,tmg
12lo,h,1cj7
12lq,h,qmr
12lr,h,qmo
12ls,s,1338
12lt,s,us
12lu,h,j2h
12lv,s,adq
12m2,h,1755
12m4,h,9c7
12m6,h,1d12
12m7,h,t7e
12m8,h,fze
12m9,h,1gg8
12ma,h,rzj
12mb,h,1k8e
12mc,h,1ij2
12me,h,svt
12mh,h,vsj
12mk,m,jrt
12ml,h,32
12mp,h,qmc
12mq,h,3p
12ms,m,5xe
12mt,h,pai
12mu,h,c1g
12mv,h,2mi
12mw,h,c1s
12mw,h,1izm
12my,h,c1r
12n0,h,gpe
12n1,h,14nu
12n2,s,17mx
12n3,s,5qh
12n4,s,1az0
12n5,h,137y
12n6,h,lhf
12n7,h,1bo1
12n8,h,11c5
12n9,h,zhi
12na,h,1eg7
12nb,h,1clp
12nc,h,vrg
12nd,h,10km
12nf,h,slj
12ng,h,18jp
12nh,h,18jq
12ni,h,pby
12nj,h,lcy
12nk,m,8xn
12nk,m,123k
12nl,h,bs4
12nm,h,19v4
12nn,h,n3y
12no,h,9tf
12np,h,vu9
12nq,m,mwa
12nr,m,1g2i
12ns,h,1bch
12nu,m,1cgm
12nu,m,173s
12nu,m,7zn
12nu,m,12o1
12nu,m,1iyd
12nv,h,1kqf
12nw,h,12nv
12nz,s,juo
12o0,s,172h
12o1,h,1iyh
12o4,h,1kqn
12o5,h,iwk
12o6,h,12mx
12o7,h,11jm
12o8,h,fkh
12o9,h,1816
12oa,s,10cn
12ob,h,1bd1
12od,h,1c70
12oe,h,b4w
12of,h,u7f
12og,h,vr2
12oh,h,vrp
12oi,h,17j
12oj,h,bzw
12ok,h,fmc
12ol,h,1hwy
12om,h,140z
12on,h,16b3
12oo,h,949
12op,h,hq2
12or,h,u63
12os,h,vd3
12ot,h,1em9
12ou,h,949
12ov,h,n9f
12ow,h,1jhu
12ox,h,1eer
12oy,h,1eer
12oz,h,1eer
12p0,h,4pe
12p1,h,qdo
12p2,h,16gm
12p3,h,132y
12p4,s,ycc
12p4,s,l3
12p4,s,ljr
12p4,s,19s2
12p4,s,1bx9
12p4,s,9l
12p4,s,14pk
12p4,s,4gr
12p4,s,114j
12p5,s,fbo
12p7,h,fch
12p8,h,qdz
12pa,h,18nc
12pb,h,lzz
12pc,h,10d9
12pd,s,111p
12pe,s,5y7
12ph,h,i50
12pi,h,p53
12pj,h,14nw
12pk,h,oof
12pl,s,44q
12pm,h,1dim
12pn,h,esu
12po,h,cbb
12pp,h,sfx
12pq,h,91u
12pr,h,sfx
12ps,h,gn0
12pt,h,sgc
12pv,h,sgh
12pw,s,1g4v
12px,s,qi6
12py,s,v16
12q0,h,12q5
12q1,h,14c
12q2,h,11yq
12q4,h,86o
12q5,h,oav
12q6,h,12qm
12q7,m,14ax
12q7,m,8az
12q7,m,1jm6
12q7,m,z6n
12q7,m,co0
12q7,m,1kqq
12q7,m,3ly
12q7,m,sa3
12q7,m,u94
12q7,m,lw3
12q7,m,12qm
12q9,s,1bm7
12q9,s,yoq
12q9,s,9ua
12qa,s,95m
12qd,h,zk2
12qf,h,bc2
12qg,h,91u
12qh,h,19dv
12qi,h,19e0
12qj,h,jx0
12qk,h,swy
12ql,h,17fy
12qm,h,ifo
12qn,h,zjb
12qr,h,hq2
12qs,h,ooc
12qt,h,eju
12qu,h,3tx
12qw,h,jmg
12qx,h,xnh
12qy,h,bxm
12qz,s,bxk
12r0,h,1kqf
12r2,h,xlj
12r3,h,krf
12r3,m,12r8
12r4,h,12r8
12r5,h,t6i
12r6,h,1es3
12r7,h,1ioq
12r8,h,t6i
12r9,h,1cym
12rb,h,2tx
12rc,h,bv4
12rd,h,deg
12rd,h,oot
12rg,h,1b2b
12rg,h,153i
12rh,h,11f0
12ri,h,kx8
12rj,h,1as9
12rk,h,jb4
12rl,h,57w
12rm,h,11ev
12rn,s,k09
12rn,s,6tx
12ro,s,1bic
12rq,h,axs
12rr,s,cjc
12rr,s,v7p
12rt,h,cjf
12ru,h,j9
12rv,s,is4
12rv,s,1820
12rw,s,fb6
12rx,s,mnp
12s0,h,axs
12s1,h,151k
12s2,h,zpw
12s5,h,t8s
12s6,h,t8s
12s7,h,18m3
12s8,h,91u
12sb,h,13wv
12sc,h,zjb
12sd,h,xv
12sd,h,kh
12se,h,zoy
12sf,h,ql
12sj,h,doi
12sk,h,qtt
12sl,h,1fyt
12sm,h,10ru
12sn,h,cfb
12so,h,1dyo
12sp,h,1jdf
12sq,h,m40
12sr,h,1b5m
12su,m,12st
12sv,h,1gi7
12sw,h,17t2
12sx,h,1c3b
12sy,h,qv2
12sz,h,jpf
12t0,h,qum
12t1,h,12sx
12t3,h,132r
12t4,h,qtq
12t5,h,1jnx
12t6,h,fda
12t8,h,q1x
12tc,h,ghb
12td,h,w63
12te,h,63q
12tf,h,m56
12tg,h,cll
12th,s,clo
12ti,h,12ul
12tj,s,12u6
12tk,h,12u7
12tl,h,13qf
12tm,h,309
12to,h,vgj
12tp,h,9zg
12tp,m,uk9
12tp,m,12tq
12tq,h,24w
12ts,s,aql
12tt,h,1kkx
12tu,h,aq8
12tv,s,d5m
12tz,h,1fdr
12u1,h,12d3
12u1,h,ibk
12u2,h,j2h
12u5,h,1c4i
12u6,s,5bl
12u6,s,12tj
12u6,s,12uf
12u7,h,vex
12u8,s,qps
12u9,s,xho
12ub,m,12ud
12ub,m,17t0
12ub,m,172k
12ud,m,73w
12uf,s,12u6
12ug,h,12u7
12ui,h,1be5
12uk,h,qqr
12ul,h,b5l
12um,h,i0h
12ur,h,zou
12ut,s,xhk
12uy,h,xpq
12uz,m,187u
12uz,m,1fww
12uz,m,12v1
12v1,h,3mz
12v3,h,lgd
12v4,h,n49
12v5,h,ai3
12v6,h,11cu
12va,h,xlw
12vb,s,1gog
12vc,h,zou
12vd,h,bc4
12vf,h,4jj
12vh,h,12d3
12vi,h,85d
12vj,s,1p5
12vk,h,1p4
12vm,h,1ddi
12vn,s,1e6o
12vo,s,ubb
12vp,h,1etj
12vq,h,1f82
12vr,h,1f84
12vt,s,1i72
12vu,h,12ul
12vv,h,sfr
12w0,h,nev
12w1,h,n1c
12w2,h,lcy
12w3,m,12w4
12w5,h,9vu
12w5,m,12w6
12w6,h,9vt
12w7,h,1c06
12w8,h,18xe
12w9,h,nko
12wa,h,nko
12wc,h,oo4
12we,h,6bq
12wf,h,hep
12wh,h,net
12wi,h,1dd0
12wk,m,12wj
12wn,h,st
12wo,h,n4w
12wt,h,v3k
12wu,h,a7j
12wv,h,sub
12ww,s,37w
12wy,s,o33
12wz,s,1hvu
12x4,h,j2h
12x5,m,zly
12x6,h,dlq
12x7,h,sll
12xb,h,13oy
12xc,h,1j00
12xd,h,qh
12xe,h,1ehj
12xf,h,4ei
12xg,h,kep
12xj,h,ozx
12xk,h,151q
12xl,h,1gcv
12xm,h,ozx
12xn,h,net
12xo,h,g1l
12xp,h,14ml
12xq,h,1jwr
12xr,h,g1l
12xs,h,ikw
12xt,h,zoy
12xu,m,1cd8
12xv,h,61a
12xw,h,1cd8
12xx,h,1fzp
12xy,m,6nk
12xy,m,8al
12xy,m,viu
12xy,m,wns
12xz,h,19r5
12y0,h,n3f
12y1,h,10so
12y2,h,17jj
12y3,h,1kiy
12y4,h,1gi7
12y5,s,esf
12y5,s,nor
12y5,s,6xh
12y5,s,wzk
12y6,s,1ayc
12y6,s,4ws
12y8,s,411
12y9,h,1j1x
12ya,h,11c5
12yb,h,ibb
12yc,h,ldb
12yd,h,ql9
12yf,h,1bkn
12yh,h,olh
12yi,h,1bks
12yj,h,k14
12yk,h,1bkv
12yl,h,1fid
12ym,h,tj4
12yn,h,olj
12yo,h,qr0
12yp,h,am9
12yq,h,7dq
12ys,h,c79
12ys,m,12yt
12yt,h,c7b
12yu,h,8mm
12yw,h,13a4
12yx,h,12gl
12yy,h,h92
12yz,h,10ru
12z0,h,1kiy
12z2,h,j2h
12z4,h,xfy
12z5,h,11qp
12z6,h,1csr
12z7,h,c1m
12z8,h,1ioa
12z9,h,ki1
12za,h,11c5
12za,m,3ju
12zb,s,p2j
12zb,s,jhs
12zb,s,jeh
12zb,s,1g3y
12zc,s,efv
12zd,s,yjv
12ze,h,14te
12zf,h,r7b
12zg,h,ea8
12zh,h,9tf
12zi,h,lw8
12zj,h,azp
12zl,h,4pg
12zm,h,jw8
12zn,s,qpc
12zo,h,11c5
12zp,h,n3b
12zq,h,anb
12zr,h,r0n
12zs,h,apm
12zt,h,g0s
12zu,s,qpc
12zv,m,12z1
12zy,h,1d96
1300,h,17g1
1300,m,14yw
1301,h,vs4
1302,h,op2
1303,h,gpr
1305,h,18xe
1306,h,11un
1306,m,1c2h
1307,h,vs1
1308,h,2mf
1309,h,onm
130b,h,1a4v
130c,s,19n3
130d,h,cs3
130e,h,bni
130g,s,11i3
130h,m,15ux
130j,h,11zo
130m,h,g3c
130n,h,fkh
130o,h,6fw
130r,h,zhp
130s,s,tcz
130t,h,1gzs
130v,h,sx1
130w,h,1gzr
130x,h,1gee
130y,h,1gee
130z,h,gjd
1310,h,91u
1312,h,xdm
1313,s,1eh1
1313,s,xdn
1314,h,1h5i
1315,s,zwe
1316,h,cdg
1317,h,1g67
1318,h,8c7
1319,h,hyo
131a,h,1jut
131b,h,1iti
131c,h,lu1
131d,h,cj2
131e,s,1aby
131g,h,srl
131k,h,hn0
131l,h,1cx
131m,h,1gee
131n,h,94w
131o,h,8c7
131p,h,4vm
131q,h,8f4
131r,h,19j8
131s,h,u15
131t,h,lgf
131u,h,1kca
131u,m,dvi
131v,h,12zy
131w,h,dd0
131z,s,jfb
1320,h,42d
1322,h,ttm
1323,h,10d9
1324,h,el8
1325,h,16j8
1326,h,16j9
1327,h,16j9
1328,h,1kko
1329,h,iw
132d,m,u0x
132d,m,1321
132d,m,3vc
132d,m,6iz
132d,m,ump
132d,m,132g
132f,h,17i3
132g,h,ifo
132h,m,8sy
132i,h,1ajf
132j,h,ki1
132k,h,132t
132l,h,dzt
132m,h,4xp
132p,h,13tv
132q,h,ipf
132r,h,12of
132s,h,zpw
132u,h,z4a
132v,h,169i
132w,h,12of
132x,h,17go
132y,h,3if
132z,h,3a5
1330,h,14nw
1332,s,bql
1332,s,z0
1335,h,v9
1335,h,pj
1336,h,jwy
1337,s,kvo
1338,s,12ls
1339,s,95m
133a,h,jl6
133d,h,hmq
133g,h,12qd
133h,h,14te
133i,h,1t5
133k,h,pqp
133l,h,12r3
133m,h,nv9
133n,h,g4c
133o,h,bx6
133p,h,169i
133q,h,hov
133r,h,fva
133s,h,bx6
133u,s,hj
133v,s,g48
133x,h,mwe
133y,h,gj9
133z,h,iru
1340,h,4yc
1341,h,zl1
1342,s,cg
1342,s,3gx
1342,s,vmk
1342,s,jil
1342,s,bu3
1343,h,1341
1344,h,2jx
1347,h,b1h
1348,h,132r
1349,h,1ifv
134e,h,edv
134f,h,z4
134g,h,25e
134h,h,ec5
134i,h,15sg
134j,h,u17
134k,h,1gav
134m,h,qxq
134n,h,7qa
134o,h,ax5
134p,h,ozx
134q,h,94w
134r,h,1fuz
134u,h,86k
134x,h,18mw
134x,h,16mi
1351,h,1aax
1352,s,3xv
1352,s,8nh
1353,h,t30
1354,h,lyc
1355,h,lu1
1358,h,op0
1359,s,t2p
135b,h,p0d
135c,h,u15
135d,h,1jcl
135e,h,vdc
135f,h,1ceh
135g,h,vjb
135j,h,135g
135k,h,lzz
135n,h,fj5
135o,s,1dk8
135r,s,1dxg
135s,s,10cd
135t,h,ebw
135u,h,ebu
135v,h,128m
135y,h,yrv
1360,h,11n8
1361,h,144m
1362,h,13mp
1363,h,e1x
1365,h,b82
1367,h,c1s
1367,h,1izm
1369,h,bs4
136a,h,1cd8
136b,h,50c
136c,h,7xi
136d,h,pxd
136e,h,1bla
136g,h,peq
136g,h,uo9
136h,h,w63
136i,h,ygh
136j,h,1che
136j,m,rq0
136k,h,1j4e
136k,m,136j
136l,h,1ed
136m,h,1ee
136n,h,1cza
136p,h,rhq
136q,h,1397
136s,s,i5d
136s,s,xid
136u,s,qnb
136v,s,139i
136w,s,t31
136x,h,1340
136z,h,hux
1370,h,1ea2
1371,m,9sg
1375,h,nxo
1376,h,14b
1377,h,op3
1378,h,iul
1379,h,tm4
137a,h,588
137b,h,jq4
137b,h,8w4
137c,h,vqm
137f,h,fkh
137g,h,11fn
137i,h,19r1
137j,h,1a1e
137k,h,cxr
137l,h,1cqd
137n,s,13kw
137o,s,5e
137p,h,coi
137q,h,7fz
137s,h,1g6s
137t,h,1km7
137u,h,1367
137v,h,tga
137w,s,1huy
137x,s,ra1
137y,h,429
137z,h,8pb
1380,h,17z6
1381,h,42h
1382,h,uwa
1384,h,gi2
1385,h,ghn
1386,h,5hm
1387,h,ta5
1388,h,ep9
1389,m,zvl
138d,h,1e74
138e,h,hp6
138f,h,10tz
138g,h,16sf
138h,h,6p2
138i,h,94w
138j,h,jkp
138k,h,1jwl
138m,h,5vk
138o,h,xds
138p,h,d1l
138q,h,17tv
138r,h,1duw
138s,h,157h
138t,h,mzs
138u,h,mzt
138v,h,11z7
138x,h,1be3
138y,h,1fuv
138y,h,vua
1390,s,jyu
1391,h,flm
1392,h,flm
1393,h,10b1
1394,s,tr2
1397,h,14te
1399,h,8nw
139a,h,1493
139b,h,3h4
139c,m,1fyb
139d,h,uqz
139e,h,1cjy
139e,m,7ee
139f,h,j3y
139f,m,139e
139g,h,ews
139h,s,1drw
139i,s,1js
139i,s,wd5
139i,s,ai9
139i,s,xl9
139i,s,136v
139i,s,165c
139i,s,b24
139i,s,163z
139i,s,14g3
139k,h,km
139l,h,1es3
139m,s,o7v
139m,s,jks
139m,s,1jsu
139n,h,14te
139p,h,1ed
139q,h,1ee
139r,h,cf4
139s,h,nt1
139w,h,brz
139x,h,1ik8
139z,s,vnk
139z,s,zhz
139z,s,19ij
139z,s,lgn
139z,s,1klu
139z,s,r6r
139z,s,1hur
139z,s,2k4
13a0,s,2k6
13a1,h,1ik8
13a4,h,kh
13a5,h,pxn
13a6,h,1iiz
13a7,h,aj8
13aa,s,ist
13ab,h,13x2
13ac,h,k37
13ad,h,s2w
13af,s,cb8
13ag,h,61e
13ah,h,1f0i
13ai,h,132u
13am,h,tyk
13ao,h,15jo
13ap,h,15jp
13at,h,mtb
13au,h,1k9m
13av,h,2ml
13aw,h,1kni
13ax,h,vru
13az,h,qdn
13b0,h,qdn
13b1,h,7wt
13b2,h,1gg6
13b3,h,1761
13b5,h,180o
13b7,h,e3g
13b8,h,101x
13b9,h,xyr
13ba,h,1grc
13bb,h,w63
13bc,h,1ksp
13bd,h,1bxc
13be,h,18xq
13bf,h,dza
13bg,h,k3o
13bh,h,az7
13bi,h,1ajf
13bj,h,1kni
13bk,h,16ll
13bn,h,19t3
13bo,s,124a
13bq,h,tc2
13br,h,1ii3
13bs,h,a4l
13bt,s,qys
13bv,h,rb6
13bw,h,13cd
13bx,h,168
13by,h,1ctn
13bz,h,7yd
13c0,m,2r0
13c0,m,147k
13c2,s,1hop
13c3,s,quu
13c5,h,dp3
13c6,s,kwk
13c7,h,vro
13c8,h,9ug
13c9,s,13ns
13ca,h,ton
13cc,h,1gg6
13cd,h,1cjb
13cf,h,ikh
13cg,h,1dev
13ch,s,13ck
13cj,s,19bd
13ck,s,kso
13ck,s,50
13ck,s,13ny
13ck,s,13ch
13ck,s,13hk
13ck,s,rba
13ck,s,13ih
13cl,h,1ers
13cm,h,132u
13cn,h,1gg6
13co,h,xal
13cp,h,kh
13ct,s,1inr
13cu,h,a5b
13cv,h,12o
13cw,h,1be3
13cx,h,h73
13cy,h,924
13d0,h,ep9
13d1,h,pb7
13d2,s,8nz
13d5,h,1ju4
13d6,h,glq
13d7,h,a0
13db,h,1dp8
13dc,s,jz9
13dc,s,jyw
13dc,s,1iz6
13dc,s,w8g
13dc,s,ycs
13dc,s,wb8
13dc,s,dus
13dg,h,9ys
13dh,h,ijz
13dj,h,z3b
13dk,s,13ns
13dm,s,ud
13dn,s,gxy
13dp,h,r1c
13dq,h,9x4
13dr,h,m3o
13dt,h,zjb
13du,h,13j5
13dv,h,k5l
13dw,s,13il
13dx,h,c1f
13dy,s,13il
13e0,h,vlw
13e1,h,11k5
13e2,s,143v
13e3,s,hj
13e4,s,8a7
13e7,h,pag
13e8,h,239
13e9,s,13s
13ea,h,f32
13eb,h,13e1
13ed,h,esd
13ef,h,zmv
13eg,h,13ek
13eh,h,13ek
13ei,h,e17
13ej,h,eub
13ek,h,euf
13el,h,f4l
13em,h,1f1r
13en,h,11u0
13eo,h,169d
13ep,h,37l
13es,h,n6t
13et,h,8wo
13eu,s,qje
13eu,s,ktn
13ew,h,15ll
13ex,h,1cjh
13ey,s,143v
13ez,h,qnp
13f0,h,b73
13f1,h,f5c
13f2,s,f5m
13f3,h,13f6
13f4,h,fpu
13f5,s,1dz7
13f6,h,q6c
13f7,h,fpy
13f9,h,g46
13fc,h,z3f
13fd,h,m40
13fe,h,1dug
13ff,h,m40
13fg,h,5aa
13fj,h,177u
13fk,h,2mg
13fl,s,13ns
13fm,h,5a8
13fn,h,2yb
13fn,h,a1p
13fo,h,mcr
13fp,h,101x
13fq,h,ipw
13fr,h,4yc
13fs,s,28o
13ft,h,1d96
13fv,h,13vq
13fw,h,13vq
13fx,h,j2m
13fy,h,qt
13g1,h,132u
13g2,h,ttc
13g3,h,1411
13g4,h,1130
13g5,s,er1
13g7,h,tto
13g8,h,zl1
13g9,h,uo
13gb,h,1416
13gc,h,ed
13gd,h,wu0
13ge,h,13ew
13gf,h,pqo
13gg,h,z3
13gh,h,z5
13gi,h,19qt
13gj,h,19qt
13gk,s,294
13gl,m,10ue
13gl,m,14y2
13gl,m,a3w
13gm,s,5bf
13gn,h,o1u
13gp,s,r1i
13gr,s,10x8
13gs,s,1hqm
13gt,h,1fon
13gu,h,igf
13gv,h,s34
13gw,h,fdn
13gx,h,qna
13gy,s,u5u
13gy,s,152c
13gy,s,19mf
13gy,s,otd
13gy,s,ru3
13gz,s,1df4
13h1,h,a4k
13h2,h,132u
13h4,h,3e9
13h5,h,zq9
13h6,s,iuh
13h7,h,ikb
13h8,s,pps
13ha,h,xlw
13hb,h,19hn
13hc,h,12f4
13he,s,gxx
13hf,h,86y
13hi,h,pru
13hk,s,13ck
13hl,h,bmz
13hm,h,9e7
13hn,s,10d
13ho,h,12bl
13hr,h,1e9r
13hs,s,k2u
13ht,s,k2u
13hv,h,11ff
13hw,h,11fi
13hx,h,132u
13hy,h,1361
13hz,h,19ju
13i0,h,13mp
13i1,h,1akh
13i2,h,113h
13i3,h,1iny
13i4,h,66i
13i4,h,13ss
13i5,s,1dsp
13i6,h,1fya
13i9,h,z4d
13ia,h,plc
13ic,h,bxa
13id,h,39x
13ie,s,1dxg
13if,h,kh
13ig,h,nr1
13ih,s,13ck
13ii,h,uya
13ij,h,h5t
13ik,h,1bkv
13il,s,13dy
13il,s,6hu
13il,s,13dw
13il,s,13ui
13il,s,1c57
13il,s,15j5
13il,s,1ie6
13il,s,hiz
13il,s,i5f
13im,s,i5e
13in,h,1130
13io,h,113i
13ip,h,1397
13iq,h,yvj
13ir,h,o30
13is,h,13fb
13iu,h,128m
13iw,h,107l
13ix,h,13ic
13iy,h,pzu
13iz,s,3is
13j0,s,prs
13j1,h,1ao7
13j2,h,1ao7
13j3,h,15sh
13j4,s,15sl
13j5,h,guv
13j6,s,z0l
13j7,h,177u
13j8,h,ksa
13j9,h,pgg
13ja,h,hbw
13jb,h,147t
13jc,h,147w
13jd,h,75x
13jf,h,9fw
13jg,h,80s
13jh,s,ffg
13jm,h,fc7
13jp,h,vua
13jr,h,g0s
13js,h,g0s
13jt,h,18zg
13ju,h,4yc
13jv,h,14ac
13jw,h,1bz8
13jx,h,pzz
13jy,h,3ha
13jz,s,ps1
13jz,s,iq4
13jz,s,qxw
13k0,s,3hf
13k0,s,iq5
13k0,s,obn
13k0,s,zdj
13k1,h,1fof
13k2,h,m64
13k3,h,1f02
13k4,h,1cjb
13k5,h,m8h
13k6,h,bpn
13k7,h,rb0
13k8,s,16qc
13k9,h,8w6
13ka,h,1a4b
13kb,h,fpf
13kc,h,144i
13kd,h,qo1
13ke,h,132t
13kg,h,azp
13kh,h,vz
13kk,h,950
13kl,h,1fp8
13km,h,146z
13kn,h,bc2
13kp,h,1620
13kq,h,b5l
13kr,s,1475
13ks,h,1bvu
13kt,h,16n0
13ku,h,c1f
13kv,h,sax
13kw,s,12a
13kw,s,7xl
13kw,s,gik
13kw,s,185z
13kw,s,7wh
13kw,s,1b1j
13kw,s,137n
13kw,s,up3
13kw,s,11x5
13kw,s,db9
13kw,s,k8m
13kw,s,1dq7
13kw,s,c7p
13kx,s,146x
13kx,s,bmw
13kx,s,16u2
13kx,s,sch
13ky,h,c1c
13kz,h,11k5
13l0,s,12bg
13l1,h,bxa
13l2,h,1f0y
13l3,h,132u
13l9,h,13l3
13ld,h,kya
13le,h,axs
13lh,h,uqz
13lh,m,4uf
13li,h,9xk
13lj,h,uqz
13lk,h,1jwu
13ll,h,14n8
13lm,h,1g33
13ln,h,kaa
13lo,h,vii
13lp,h,uya
13lq,h,4pe
13lr,h,8h6
13ls,h,14nb
13lt,h,xds
13lu,h,m40
13lv,s,ri7
13lw,h,10sf
13lx,s,pvl
13m1,h,krc
13m3,h,fuj
13m4,h,sax
13m5,h,pz
13m7,h,utz
13m8,h,1cg6
13m9,s,qnb
13mb,s,jen
13me,s,jen
13mf,s,1fd7
13mh,h,1f4l
13mi,h,in
13mj,h,qky
13mk,h,3jn
13ml,h,fhy
13mm,s,13t7
13mn,s,csl
13mp,h,39t
13mq,h,py4
13mr,h,1dvg
13ms,h,s7r
13mt,s,1kxh
13mu,h,9wz
13mv,h,9x3
13mw,h,e0d
13mx,h,wpl
13my,h,pql
13mz,h,31j
13n0,h,9wu
13n1,s,mr4
13n1,s,mr2
13n1,s,327
13n1,s,yt5
13n1,s,ogl
13n1,s,19j0
13n1,s,19da
13n3,h,1i1a
13n4,h,1f8u
13n5,h,10xb
13n6,s,izl
13n8,h,13mx
13na,h,be7
13nc,h,4tn
13nd,s,4tk
13ne,s,411
13nf,h,cnq
13ng,h,ipw
13nh,h,bug
13ni,h,1kbf
13nj,h,11l8
13nk,s,l7g
13nl,h,1jzj
13nm,h,lxx
13nn,h,15ee
13nr,h,oj6
13ns,s,13fl
13ns,s,5tg
13ns,s,ldg
13ns,s,13c9
13ns,s,13dk
13ns,s,a8d
13ns,s,13z3
13ns,s,eus
13nt,h,16d7
13nu,s,o05
13nv,h,lr
13nw,h,18tp
13nx,h,1joh
13ny,s,13ck
13nz,s,gxx
13o1,h,1j7n
13o2,h,sng
13o4,h,1j1x
13o5,h,239
13o6,h,iu6
13o7,s,v0e
13o8,h,1104
13oa,h,cdg
13ob,h,1inx
13oc,h,1kny
13od,h,171k
13oe,h,cdg
13og,h,eug
13oh,h,336
13oi,h,igh
13oj,h,14iw
13ok,h,pbm
13ol,h,2xw
13om,h,15kx
13on,h,13ok
13oo,h,11yq
13oq,h,15d8
13or,h,oav
13os,h,jlr
13ot,h,18df
13ou,h,1g8v
13ov,m,tze
13ox,h,jlf
13oy,h,oqf
13oy,h,a4l
13p0,h,ras
13p1,h,cob
13p2,h,13oy
13p3,h,13wu
13p7,s,143d
13p8,h,91v
13p9,h,b63
13pa,h,ghe
13pd,h,pyh
13pe,h,143k
13pg,s,81o
13pg,s,fbt
13pg,s,zqf
13pg,s,10tg
13pg,s,k3c
13ph,h,hc5
13pi,h,kd7
13pl,h,ak6
13pm,h,1297
13pn,m,13pm
13pp,h,yvk
13pr,h,ty
13ps,s,k2u
13pt,s,vnz
13pu,h,k5l
13pv,h,10cx
13pw,h,jw8
13py,h,1f66
13pz,h,13if
13q0,h,11k5
13q1,h,kwz
13q2,h,1kki
13q4,s,1ibs
13q7,h,lzz
13q9,h,wv9
13qa,h,10sk
13qb,s,56h
13qc,h,qpu
13qd,h,zoc
13qe,h,gi4
13qf,h,oav
13qg,h,5ix
13qh,h,1cza
13qi,h,2us
13qj,h,15bb
13qk,h,13qi
13ql,h,13qi
13qm,s,yhe
13qn,h,2us
13qo,m,13qp
13qq,h,dyf
13qr,h,h67
13qs,h,81h
13qt,h,1kqy
13qu,h,jya
13qv,h,18oj
13qw,h,g3g
13qx,h,132u
13qz,h,lxz
13r0,h,1io1
13r1,h,t68
13r2,h,t69
13r3,h,17sa
13r4,h,13r2
13r6,h,ghd
13r9,h,nkm
13ra,h,c4k
13rb,h,j2h
13rc,h,13vq
13rd,h,1kqb
13re,h,16ke
13rf,h,1kqb
13ri,h,13rj
13ri,h,11h3
13rj,h,uqz
13rk,h,1kql
13rl,h,awt
13rm,h,1kql
13rn,h,2zw
13ro,h,zyh
13rp,h,10ta
13rq,h,1dst
13rr,h,15e0
13rs,h,gxw
13rt,h,16c1
13ru,h,12ui
13rx,s,aqp
13ry,m,8ra
13rz,h,1akt
13s0,h,t6i
13s0,h,sbc
13s1,h,1f1p
13s2,h,1hrz
13s3,h,13s2
13s4,s,14ko
13s5,s,a18
13s6,h,15qg
13s7,h,rmc
13s8,s,bet
13s8,s,ymb
13s8,s,13sq
13s8,s,a92
13s8,s,z9n
13s8,s,bes
13s8,s,a8k
13s8,s,9xz
13s8,s,19ad
13s8,s,qzm
13sa,s,11kb
13sb,h,etq
13sc,h,z8o
13sc,h,cv9
13sd,h,1jm5
13sg,h,138w
13sj,h,1a64
13sk,h,uo
13sl,h,177u
13sm,h,11ij
13sn,s,1e3m
13so,s,io7
13sq,s,13s8
13sr,s,qny
13ss,h,m64
13st,h,1951
13su,h,6gx
13sw,h,2ts
13sy,s,kvo
13t0,s,jx
13t1,h,8ij
13t5,h,vrp
13t6,h,14te
13t7,s,13mm
13t8,h,2jx
13t9,s,tti
13tb,h,8wr
13tc,h,1inf
13td,h,135t
13te,h,1ina
13th,h,tmu
13ti,s,bcc
13tj,h,ywq
13tk,h,cvw
13tl,s,1aby
13tm,h,qtt
13to,h,iuf
13tp,h,16mf
13tq,h,re7
13tr,h,119e
13ts,h,40q
13tt,h,r14
13tu,h,f4l
13tv,h,14x5
13tw,h,1fd9
13u0,h,yqf
13u1,h,1b6m
13u2,h,u71
13u3,h,13u2
13u5,h,kh
13u6,h,13u9
13u7,h,1gg6
13u8,h,nna
13ua,h,aj8
13ub,h,aj8
13ue,h,xx
13uf,h,v3u
13ug,h,7o8
13uh,s,db7
13uh,s,wfs
13ui,s,13il
13uj,h,13ud
13uk,h,anb
13uo,h,7f2
13up,h,1klm
13uq,h,hyg
13ur,h,e21
13us,h,ii
13ut,h,q6c
13uu,h,z8s
13uv,h,mnr
13uw,h,osm
13uy,h,ebw
13uz,h,13uy
13uz,h,ebw
13v0,h,ebu
13v1,h,eby
13v4,h,qmc
13v5,h,1bsg
13v6,h,vu9
13v7,h,1du7
13v9,h,7b5
13va,h,z2y
13vb,h,hh
13vc,h,hd
13vd,h,121k
13vf,m,151j
13vg,h,ews
13vi,h,br8
13vk,h,lzn
13vl,h,io1
13vn,h,1e8c
13vo,h,kp4
13vp,h,uya
13vr,h,uya
13vs,h,ive
13vu,h,csc
13vv,h,8o0
13vw,h,cs4
13vx,h,14tx
13vy,h,9c5
13vz,h,bm5
13w0,h,ii
13w1,h,13kb
13w2,h,ipa
13w3,h,fpe
13w4,h,qi3
13w5,h,cs3
13w6,m,c08
13w7,s,2or
13w7,s,jjr
13w7,s,1751
13w8,s,1dkc
13wa,h,ld6
13wb,h,15ee
13wd,h,rkb
13we,h,ea8
13wf,s,su4
13wg,s,1htr
13wh,s,epz
13wk,h,1ikw
13wl,h,9wy
13wm,h,e21
13wn,h,e21
13wo,h,ai
13wp,h,1jdu
13wq,h,9wy
13wr,s,13wy
13ws,s,e28
13wu,h,z4g
13wv,h,z4a
13ww,h,3sa
13wx,h,yw
13wy,s,yme
13wy,s,13wr
13x2,h,tk
13x3,h,3e6
13x5,h,itb
13x7,h,91v
13x8,h,91u
13xa,h,9b
13xc,h,132u
13xd,h,b2g
13xe,h,1anr
13xg,h,970
13xi,h,5fx
13xj,m,oyk
13xk,h,1kq7
13xl,h,16j9
13xm,h,pm3
13xn,h,uo
13xo,h,m40
13xp,h,lm2
13xq,s,lm8
13xq,s,h3a
13xq,s,ujk
13xq,s,jfe
13xq,s,4ar
13xr,h,13xn
13xs,h,81t
13xt,h,13xo
13xu,s,1i6g
13xw,h,r1s
13xx,s,1fff
13xx,s,e5d
13xy,s,r20
13xz,s,e57
13y0,s,e58
13y3,h,ena
13y4,h,8e
13y5,h,1y2
13y6,h,3p
13y7,h,13y8
13y8,h,1cpz
13y9,h,bc2
13ya,h,13ex
13yc,h,1ebh
13yd,h,25k
13ye,h,1bca
13ye,m,qyp
13ye,m,17p8
13yf,h,11fj
13yg,h,18lq
13yi,h,e47
13yj,h,hu4
13yl,h,xan
13ym,h,922
13yn,h,evv
13yo,h,19gc
13yp,s,wv3
13yp,s,uf
13yp,s,un
13yr,h,1f02
13ys,s,tmf
13yt,s,q9t
13yu,s,znf
13yv,s,jw
13yw,h,928
13yx,h,12s2
13yy,h,t67
13yz,h,e47
13z0,h,1fon
13z1,h,1633
13z2,h,j9
13z3,s,13ns
13z5,h,12ac
13z6,h,azc
13z7,h,1gdh
13z8,h,1a4e
13za,h,gfc
13zb,h,12af
13zc,h,19aw
13zd,h,1436
13ze,h,q20
13zf,h,1jtk
13zg,s,gvl
13zh,h,13ew
13zj,h,1d96
13zk,h,bzw
13zl,h,e7c
13zn,h,16je
13zr,h,mjr
13zs,h,fdd
13zt,h,ep9
13zv,h,rb6
13zx,h,ayp
13zz,h,n3u
1400,h,xic
1401,h,n46
1402,h,q9n
1403,s,ld5
1405,s,12ic
1405,s,ub9
1405,s,1iwe
1405,s,f4v
1406,h,1iwq
1408,h,rb6
1409,h,tgm
140a,h,bud
140b,h,bu9
140c,h,467
140d,h,1jgx
140f,h,vb3
140g,h,1jgz
140i,h,w63
140j,h,1cg6
140k,h,pyg
140m,h,19mv
140n,s,qf9
140p,h,axo
140q,h,iru
140r,h,e21
140s,h,e21
140t,h,4pe
140u,h,azp
140v,h,azp
140w,s,tti
140z,h,xxu
1410,h,1dv6
1411,h,ec5
1412,h,91v
1413,h,12fn
1414,h,vn
1415,h,w52
1416,h,91n
1417,h,hpk
141a,s,hpm
141b,h,d7e
141d,s,14il
141e,s,15j1
141f,h,qgt
141g,h,qnf
141h,h,38x
141i,h,ews
141m,h,8qp
141n,h,25f
141o,s,14e9
141p,h,25j
141q,h,1gzr
141r,h,17m0
141s,h,xkz
141t,s,q6k
141v,h,fpy
141w,h,13zj
141x,s,fxp
141y,h,17t2
141z,h,s4y
1421,h,11u0
1424,h,e23
1425,s,17hg
1426,h,e1x
1427,h,1ikw
1428,h,1bub
1429,h,iiv
142a,h,2ts
142b,h,vrp
142c,h,q01
142d,h,11t6
142e,s,pwx
142f,h,13vq
142g,h,sl6
142h,h,91u
142i,h,1d49
142j,s,1ghy
142k,h,1952
142l,h,13rh
142m,h,1dv2
142n,h,ooc
142o,h,cij
142p,h,qno
142r,h,azp
142s,h,1ew8
142t,h,vl
142v,h,1gg6
142w,h,1gdh
142x,h,1c58
142y,h,13ue
142z,h,16kf
1430,h,fre
1432,h,6bp
1433,h,azp
1434,h,lst
1434,h,le6
1435,h,1cg
1436,h,xds
1437,h,1dim
1438,s,gvl
1439,m,p5t
1439,m,5nb
143a,h,1cq
143b,h,185n
143c,h,ygp
143d,s,k53
143d,s,4u8
143d,s,c9t
143d,s,c9s
143d,s,sos
143d,s,13p7
143d,s,nfq
143e,s,15ja
143f,s,1bsu
143g,s,2ma
143j,h,133p
143k,h,3iy
143l,h,b8r
143m,h,yzp
143p,h,13ew
143q,h,13ex
143r,h,13es
143s,h,fy9
143u,h,143s
143v,s,ee4
143v,s,13ey
143v,s,jft
143v,s,2ge
143v,s,fxz
143v,s,9x7
143v,s,u0
143v,s,13e2
143x,m,rvn
143x,m,w9w
143x,m,s2z
143x,m,p16
143x,m,s0s
143x,m,s1h
143x,m,ryy
143x,m,1t4
143x,m,rl6
143x,m,1kzs
143x,m,j26
143x,m,xrj
143x,m,yz8
143y,h,13nr
143z,h,15rm
1440,s,b9q
1441,s,mom
1441,s,mis
1442,h,150v
1442,m,1448
1443,h,uv6
1445,h,1291
1446,h,nqv
1447,h,pz
1448,h,14tx
1449,s,144c
144a,s,144c
144b,h,15ee
144c,s,144a
144c,s,1449
144d,s,awf
144h,h,w52
144j,h,e21
144k,h,16ln
144l,h,zqn
144m,h,1cjh
144m,m,1f1r
144n,h,z7z
144o,h,1hm5
144p,h,144j
144q,h,15vd
144r,s,10zb
144r,s,1g74
144r,s,c4w
144r,s,6ld
144s,h,107p
144t,h,107n
144u,h,ef6
144y,h,e7p
144z,h,krd
1450,h,ii
1452,h,n3c
1453,h,lst
1454,h,19kk
1455,h,7o8
1456,h,c35
1457,h,fh2
1458,h,pn
145a,h,1cbw
145a,m,kqc
145b,h,1jhm
145c,h,ni5
145d,h,1kqn
145e,h,iwk
145f,h,im
145h,h,im
145i,h,tds
145j,h,anb
145k,h,z8s
145k,h,t6w
145l,h,bzd
145m,h,11la
145n,h,bz7
145o,h,bzh
145q,h,v7n
145r,h,12o3
145s,m,w4u
145t,h,136x
145u,h,18z0
145v,h,16mh
145w,s,lki
145w,s,ttj
145x,h,wis
145y,h,z7z
1463,h,hr9
1464,h,147f
1465,h,32
1466,h,qmc
1467,h,ca7
146a,h,vu9
146b,h,it9
146c,h,ejd
146d,h,1kib
146e,h,198n
146g,h,tos
146h,h,91u
146i,h,1fib
146j,h,1dgh
146k,h,xak
146m,h,w63
146p,h,1a64
146q,m,nfi
146q,m,1ewn
146r,s,1iq3
146s,h,i0h
146t,h,2do
146u,h,e6r
146v,h,38w
146w,s,4o5
146w,s,4lx
146w,s,wsp
146w,s,19wf
146w,s,1b81
146w,s,1cyx
146w,s,cl8
146w,s,1juc
146x,s,13kx
146y,s,1475
146z,h,kh
1470,h,193w
1471,h,pyu
1472,h,iyu
1474,h,vz
1475,s,ih9
1475,s,8ok
1475,s,13kr
1475,s,de5
1475,s,104q
1475,s,146y
1475,s,bv3
1475,s,16sy
1476,s,1eyn
1477,s,886
1478,h,cl3
147a,h,y6
147b,h,14te
147c,h,fva
147d,h,15pa
147e,h,147d
147f,h,us4
147l,s,gxx
147m,h,yzx
147n,h,16p0
147o,h,yzx
147p,h,b30
147q,h,zju
147r,h,yt
147t,h,9ny
147u,s,b32
147v,h,9qa
147v,m,147t
147w,h,9nz
147x,h,e1x
147z,m,zci
1480,h,1feu
1482,h,way
1483,h,fyl
1483,m,1482
1486,s,gxx
1487,h,8vh
1488,h,17sa
1489,h,ie4
148b,h,yum
148c,h,1dik
148d,h,wu0
148e,h,11un
148e,m,148g
148e,m,9rm
148h,h,1l26
148k,s,105i
148k,s,s7o
148k,s,4w9
148k,s,z31
148k,s,1ivi
148k,s,4zz
148k,s,1hkq
148k,s,1cim
148l,h,bc2
148m,s,4qr
148m,s,5bb
148m,s,fj6
148m,s,5zj
148m,s,5bu
148m,s,2z8
148m,s,b83
148m,s,12ha
148m,s,f6g
148p,h,4pe
148q,h,bfd
148r,h,148q
148s,h,13rf
148t,h,3n8
148u,s,1f4e
148u,s,ib9
148u,s,1ix6
148u,s,iiy
148y,h,18gs
1490,s,snn
1493,h,m8h
1494,h,1ctu
1495,h,1dv7
1496,h,k5l
1498,h,87s
1499,h,kyi
149a,h,14ai
149b,s,jdn
149b,s,88a
149c,s,14aj
149e,s,o2o
149h,h,527
149i,h,1bvu
149k,s,rvy
149k,s,qzn
149k,s,78q
149l,h,z8s
149m,h,xup
149o,h,bc3
149p,h,kh
149q,h,1cyg
149r,h,1duw
149t,s,bcc
149u,h,pdk
149v,h,149u
149x,h,hpk
149y,s,14k
149y,s,95o
149y,s,q54
149y,s,8zw
149y,s,17ot
149z,s,19n3
14a1,h,8o2
14a2,h,8zr
14a4,h,1jgu
14a5,h,1jgz
14a6,h,uan
14a7,h,rbp
14a9,s,ps2
14aa,s,a8t
14ab,h,y0l
14ac,h,1j1r
14ae,s,lkd
14af,h,12n
14ai,h,fil
14aj,s,14ak
14aj,s,9uf
14aj,s,s3g
14aj,s,149c
14ak,s,14aj
14ao,m,aa
14ap,h,1klm
14ar,h,dgs
14as,h,1gn0
14at,m,9l4
14at,m,9d7
14at,m,5mu
14at,m,2n2
14at,m,y28
14at,m,114b
14at,m,12k5
14au,h,1sv
14aw,h,rof
14ax,m,6le
14ax,m,14az
14az,h,m2v
14b0,h,zh1
14b1,h,34v
14b2,h,iyr
14b5,h,1agv
14b6,h,b53
14b7,h,1aha
14ba,h,1cwc
14bd,s,cgi
14be,h,hvi
14bg,h,1fz
14bi,h,xse
14bk,h,13uc
14bl,h,j8v
14bm,s,1i79
14bo,h,tjc
14bp,m,n6h
14bp,m,n6g
14bq,h,nhn
14bu,m,9m
14bw,s,14c7
14bx,s,aqp
14by,s,14d
14c0,h,1bsg
14c1,h,vu9
14c2,h,z48
14c3,s,w0u
14c4,s,10no
14c7,s,nho
14c7,s,14bw
14c8,h,14cy
14ca,h,r7m
14cd,s,w0u
14ce,s,10no
14cg,s,w0u
14cj,h,18oj
14ck,h,18oe
14cm,h,14ck
14co,s,qu8
14cs,h,w10
14ct,s,y8z
14cw,h,1f9m
14cx,h,14c1
14cy,h,1f9n
14cz,h,1a85
14d0,s,qu8
14d2,h,n3n
14d3,m,6i9
14d3,m,6ia
14d4,h,fyl
14d4,m,14d5
14d6,m,6ke
14d7,m,siw
14d8,h,14da
14db,h,bjt
14dd,s,m0y
14df,h,gvy
14dg,h,1rq
14di,h,13zs
14dl,h,2si
14dl,m,x2s
14dm,s,prs
14do,h,nej
14dp,h,65p
14dq,s,xw7
14dq,s,1hpx
14dq,s,zgs
14dr,h,60z
14ds,s,ay0
14dt,m,1u0
14dt,m,ufz
14du,h,fj5
14dv,h,1eq5
14dv,m,4hc
14dw,h,4z2
14dx,h,1415
14dy,h,nk
14dz,h,1g6f
14e0,h,1fus
14e0,h,j40
14e1,h,1ghn
14e2,h,4hl
14e3,h,1kkx
14e3,m,kw8
14e3,m,326
14e3,m,1f62
14e3,m,8dx
14e3,m,1c54
14e3,m,bte
14e4,h,azh
14e5,h,awt
14e6,h,azp
14e7,h,14te
14e8,h,1ew8
14e9,s,oap
14e9,s,vm
14e9,s,141o
14ec,h,14e8
14eg,h,k2f
14eh,h,13x2
14ei,h,107n
14el,h,6zu
14em,h,j6z
14en,h,fmd
14eo,h,kmv
14ep,h,1kq0
14eq,h,1kq0
14er,h,fkh
14es,h,es6
14et,h,es6
14eu,h,17et
14ew,h,1jex
14ex,h,19qt
14ey,h,12bs
14ez,h,10a8
14f0,h,14op
14f1,h,1brg
14f3,h,lzk
14f4,h,hrr
14f6,h,qdg
14f8,h,1j40
14f9,m,spj
14fc,h,1fon
14fd,m,d7n
14fe,h,nac
14ff,h,10y8
14fg,h,15re
14fh,h,qpg
14fi,s,jb5
14fj,h,1b1g
14fk,h,qpi
14fl,h,hbf
14fm,h,13ax
14fn,h,5zi
14fo,h,1e3x
14fp,h,5vm
14fq,h,lhs
14fr,m,5w6
14fs,h,kaf
14ft,h,18xn
14fu,h,1b1f
14fv,h,ior
14fw,m,19tl
14fx,s,1htf
14fy,h,g1l
14g0,m,4en
14g1,s,13s
14g2,h,1397
14g3,s,139i
14g5,h,1a64
14g6,h,1gi7
14g7,s,1dsp
14g8,h,28w
14ga,h,4tn
14gb,s,4tk
14ge,h,2sj
14gf,h,1450
14gg,h,krd
14gh,h,uo
14gi,h,ews
14gj,h,h80
14gk,h,xds
14gl,h,gkf
14gm,h,krj
14gn,h,gk7
14go,h,qra
14gp,h,xds
14gq,h,17pg
14gr,h,167u
14gs,h,olh
14gt,h,1a8p
14gu,h,16ed
14gv,h,1d55
14gw,h,1dk6
14gx,h,n8n
14gz,h,1kgl
14h0,h,xea
14h1,h,1klm
14h2,h,o9s
14h3,h,ur2
14h4,h,10w7
14h5,h,1e2e
14h6,h,1gvd
14h8,h,vif
14ha,h,8rm
14hb,h,utk
14he,h,n01
14hf,h,1bcc
14hh,h,1cf
14hj,h,4sd
14hk,h,xdt
14hm,h,1jre
14hn,h,11pn
14hp,h,15dx
14hq,h,tfb
14hr,h,13vq
14hs,h,xds
14ht,h,255
14hu,h,17et
14hv,h,17q1
14hw,h,olj
14hx,m,dio
14hy,h,1a0a
14hz,h,1k8e
14i0,h,5p0
14i1,h,gfd
14i2,h,1duw
14i3,h,1c72
14i4,h,xds
14i5,h,157x
14i6,h,14x9
14i7,s,1ezz
14i8,h,1c8o
14i8,m,14i9
14i9,h,1iso
14ia,h,lga
14ib,h,s0a
14ic,s,bgy
14id,h,5vj
14if,h,1fy1
14ig,h,olj
14ih,h,1fiu
14ii,h,11yq
14ij,h,6gx
14il,s,141d
14il,s,1fow
14im,h,1fp8
14io,h,mn
14ip,h,r7w
14iq,h,r82
14ir,h,vd3
14is,h,n3k
14it,h,12of
14iu,h,woi
14iv,h,op0
14iw,h,kh
14ix,h,11yq
14iy,h,uya
14iz,h,en4
14j0,h,6np
14j1,h,1asg
14j2,h,1kgc
14j3,h,1bwi
14j4,s,1ep7
14j7,h,11rj
14j8,s,1hqg
14j9,m,12w3
14jb,s,n7x
14jf,s,118q
14jf,s,ca4
14jf,s,16u9
14jf,s,11a6
14ji,h,qdh
14jj,h,18a6
14jk,h,pny
14jl,h,17ez
14jm,h,s1
14jn,h,jaq
14jo,h,mfs
14jp,m,14jm
14jq,h,4k6
14jr,h,p9a
14js,h,5zm
14jt,h,sf1
14ju,h,sf4
14jv,h,1436
14jw,h,5zu
14jx,h,sfe
14jy,s,1jsq
14jz,s,1az0
14k1,h,qum
14k2,s,prs
14k3,h,n3y
14k4,h,2fb
14k6,h,jur
14k7,h,g2t
14k8,h,11fm
14k9,h,2zx
14ka,h,gem
14kc,h,14k0
14kc,h,g1l
14kd,h,1kxs
14ke,h,ugl
14ki,s,3qe
14kj,h,hh
14kk,h,hi
14kl,h,qn8
14km,h,1972
14kn,h,18th
14ko,s,1dfj
14ko,s,a1f
14ko,s,a1e
14ko,s,13s4
14ko,s,1j5s
14ko,s,1hgy
14ko,s,xx8
14ko,s,jyz
14ko,s,1ha4
14ko,s,12a0
14ko,s,3u1
14ko,s,1h9r
14kp,s,1k4k
14kp,s,prh
14kq,s,nqk
14kr,s,1f96
14ks,s,97v
14kt,s,lez
14kt,s,116l
14ku,h,yxh
14kv,h,17q1
14kw,h,vua
14kz,h,1akv
14l1,h,a3i
14l2,h,a21
14l3,h,16eb
14l4,h,11jl
14l5,h,hl
14l6,h,14lc
14l7,h,1ghu
14l8,h,a21
14l9,h,8w6
14la,h,14l1
14lb,h,2hv
14lc,h,57w
14ld,h,91u
14le,h,91v
14lf,s,3i
14lf,s,2d7
14lf,s,eu0
14lh,h,4i9
14li,h,4i9
14lj,h,qwp
14lk,h,115z
14ll,h,147t
14lm,h,7f
14lo,h,147w
14lp,h,1cpu
14lq,h,bc2
14lr,h,bc2
14lt,h,1fg5
14lv,h,slx
14lw,h,hjz
14lx,h,hjz
14ly,h,1cqd
14m0,h,yhd
14m1,s,9of
14m2,h,fgm
14m3,h,aq8
14m4,h,9wy
14m6,h,mgv
14m7,h,e0k
14m8,s,mgu
14m8,s,7fb
14m9,s,vr5
14mb,h,vr7
14mc,s,esw
14mc,s,t8
14md,h,vr9
14mg,h,1bkn
14mh,h,16pp
14mi,h,1dp4
14mj,h,429
14mk,h,1dp4
14ml,h,17o1
14mm,h,bv9
14mn,h,z8o
14mo,h,oav
14mp,h,bu9
14mq,s,bnm
14mr,h,1gg6
14ms,h,15hk
14mv,h,koe
14mw,h,11k5
14mx,s,kof
14my,h,xan
14mz,h,18yx
14n0,s,19ep
14n2,h,149p
14n3,h,1dut
14n5,h,u0f
14n6,h,u15
14n8,h,1450
14n9,h,krd
14na,h,13yl
14nb,h,xds
14nc,h,1ii3
14nd,h,13lm
14ne,h,2m0
14nf,h,dwd
14ng,h,1gg6
14nh,h,1e5i
14ni,h,14nb
14nj,h,rbp
14nk,h,cvw
14nk,h,dwj
14nl,h,xea
14nm,h,188w
14nn,s,1pb
14np,h,kj9
14nr,h,jif
14ns,s,clo
14nt,h,11k5
14nu,h,5sg
14nu,h,121m
14nv,h,enw
14nw,h,xds
14nx,h,91u
14ny,h,1ij2
14nz,h,1df2
14o0,h,2yd
14o1,h,2ka
14o2,h,ckb
14o3,h,zl0
14o4,h,1g56
14o5,h,htm
14o6,h,1130
14o8,s,gm
14oa,h,dzm
14ob,h,dzp
14oc,h,14oa
14od,h,1id6
14oe,s,1cdf
14of,h,14dg
14oh,s,1cdf
14oi,s,cb8
14oj,h,mjh
14ok,h,olh
14ol,h,12f0
14om,h,tee
14on,h,mji
14oo,h,rhy
14op,h,1kkz
14oq,h,xdt
14or,h,8s0
14or,h,jwh
14os,h,14o2
14ot,h,kpa
14ou,h,13tv
14ov,h,lpg
14ow,h,9e7
14p3,h,9h1
14p5,h,1g4e
14p6,h,1g4e
14p8,h,zq2
14pb,h,1a64
14pc,m,lnl
14pd,h,12ui
14pe,h,1bu5
14pg,h,13xo
14ph,h,dwd
14pi,h,2yb
14pj,h,q9q
14pk,s,12p4
14pl,h,1e4n
14pm,h,1209
14pn,h,pdk
14po,h,yxc
14pq,h,qup
14pr,h,oav
14pu,h,mau
14pv,h,4i9
14pw,h,4i9
14py,h,wiu
14pz,h,1dof
14q1,h,11pg
14q2,h,1dim
14q3,h,1dim
14q5,h,gg7
14q6,h,1gbh
14q8,h,fy9
14q9,h,v68
14qa,h,ule
14qb,h,1fan
14qc,h,ls8
14qd,h,185n
14qe,h,wiu
14qg,s,izl
14qh,h,6u7
14qi,h,1g6s
14qj,h,wiu
14qn,h,w8u
14qp,h,wiu
14qr,m,114t
14qv,h,lhs
14qw,h,5yx
14qx,h,1bz8
14qz,h,9dl
14r0,h,15ob
14r1,h,lcy
14r2,h,1a64
14r4,h,6gh
14r5,h,tjc
14r7,m,g2g
14r7,m,14ra
14r8,m,14r7
14ra,h,2oe
14rc,h,ht1
14rd,h,gvy
14re,h,gvy
14rf,h,g0a
14rf,h,xcd
14rg,h,1bkn
14rh,s,1i4g
14ri,h,1iku
14rj,h,in
14rl,h,1h5a
14rm,h,2sj
14ro,h,twq
14rp,h,2sg
14rq,h,2sg
14rs,h,d6d
14rt,h,1c7z
14ru,s,1c7y
14rx,h,12v3
14ry,h,i4i
14rz,h,1dy
14s0,h,bqh
14s1,h,ddf
14s2,h,ixq
14s3,h,12ua
14s4,s,xhl
14s9,s,xhl
14sa,h,10n0
14sb,h,p7w
14sd,h,1f5n
14sd,m,k7v
14sd,m,kt4
14sd,m,uaj
14sd,m,oj3
14sd,m,nuw
14sd,m,ksm
14sf,h,xhw
14sg,s,xhv
14sh,s,xhv
14si,h,xic
14sj,h,1a7u
14sk,h,c4k
14sl,h,16ke
14sm,h,z8s
14sn,h,gcu
14so,h,i54
14sp,h,9x9
14sq,h,9x8
14sq,m,14sp
14sr,h,1k9n
14ss,m,14sr
14st,s,1d16
14su,s,1d16
14sy,h,1hql
14sz,h,cll
14t1,h,k4u
14t2,h,170g
14t4,s,tvc
14t4,s,bcd
14t4,s,o4r
14t5,h,btk
14t6,h,1dmf
14t7,h,1424
14t8,h,wvj
14t9,h,13ij
14ta,h,16da
14tb,s,1bbm
14te,h,3iy
14tf,h,eac
14tg,h,143l
14th,h,1b9p
14tk,h,14te
14tl,s,14ts
14tm,h,16sv
14tn,h,vrx
14to,h,1kki
14tp,h,1kki
14tq,h,1bt7
14tr,h,8c9
14ts,s,yw7
14ts,s,1io3
14ts,s,gt1
14ts,s,e0x
14ts,s,14tl
14tw,h,1t5
14tx,h,b8r
14ty,h,fyh
14tz,h,ibw
14u0,h,7o8
14u1,h,14tx
14u2,h,vrp
14u7,h,rmc
14u8,h,rme
14u9,h,rm5
14ub,h,9bb
14uc,h,fqa
14ud,h,2zc
14ue,h,2tq
14uf,s,2ty
14uh,h,iu7
14ui,h,13w4
14uj,h,1klm
14uk,m,123z
14ul,m,123x
14um,m,123y
14uo,h,16t
14uq,h,10si
14us,h,18nj
14ut,h,1fon
14uu,h,zpx
14uv,m,1cwo
14uv,m,1389
14uw,m,7eo
14ux,h,aka
14uy,h,11k5
14v0,h,a49
14v1,h,u8z
14v2,h,196s
14v3,h,fxo
14v4,h,yrs
14v5,h,3xl
14v6,h,3xo
14v7,h,12f0
14v8,h,e1j
14v9,h,vkx
14va,h,aei
14vb,h,p4u
14vc,h,fyh
14ve,h,19gd
14vi,h,1cbl
14vk,h,19j8
14vl,h,lun
14vm,h,xm7
14vn,h,vcx
14vo,h,1aln
14vp,h,wiu
14vr,h,17et
14vt,s,1aer
14vw,m,12i1
14vw,m,oq3
14vx,s,xhv
14vy,h,1cgm
14vz,h,8v1
14w0,h,1bkn
14w1,h,1jaw
14w2,s,1i9k
14w3,h,11yi
14w4,h,xyx
14w6,m,x3u
14w6,m,suf
14w6,m,14w5
14w9,h,1rb
14wa,h,qum
14wd,h,11kw
14wf,h,9dk
14wh,h,1413
14wi,h,1412
14wj,s,yhe
14wl,m,6v3
14wm,h,xx
14wp,h,vvp
14wq,s,1dvl
14wr,h,vvp
14ws,h,qq0
14wt,h,15x6
14wu,h,c22
14wv,s,wrw
14ww,s,qud
14wx,m,yyl
14wy,h,wfn
14wz,h,18yu
14x0,h,1966
14x1,h,97l
14x2,h,1bdp
14x3,h,18yz
14x4,h,14xd
14x5,h,1dev
14x6,h,19d7
14x7,h,vf1
14x8,h,8zr
14x9,h,34z
14xa,s,g98
14xa,s,2gi
14xa,s,i5r
14xa,s,dxt
14xa,s,k44
14xa,s,1gj
14xb,s,ehz
14xd,h,16ll
14xe,s,11je
14xh,h,kve
14xi,m,8sy
14xj,h,1gpl
14xk,h,twl
14xl,h,u15
14xm,h,6jh
14xn,h,ih4
14xo,h,o4l
14xp,h,2tq
14xq,h,v09
14xr,h,vpf
14xs,h,1eo2
14xt,h,vpe
14xu,h,2si
14xv,s,jel
14xw,s,r1i
14xx,s,im7
14xy,h,taj
14xz,h,1cst
14y0,h,xdt
14y2,h,ead
14y6,h,1akv
14y7,h,1267
14y8,h,dgr
14y9,s,12c6
14yc,h,doi
14yd,h,16u3
14ye,h,scx
14yf,h,16ra
14yg,s,q2p
14yh,s,14yk
14yi,s,g75
14yj,s,q2o
14yk,s,1ic1
14yk,s,14yh
14yl,s,1fr2
14yl,s,1acs
14yl,s,yio
14yl,s,1csm
14yn,s,1i2a
14yp,h,xqg
14yq,h,xqe
14yt,h,1acm
14yu,h,kt6
14yv,h,118l
14yw,h,1bya
14yx,h,1749
14yy,h,4ul
14yz,h,rzl
14z0,h,19lw
14z1,s,1fbd
14z3,h,j2h
14z4,h,1ixj
14z4,h,2bw
14z5,m,14z6
14z6,h,12w2
14z8,h,259
14zc,h,2bw
14zd,h,b5l
14ze,h,217
14zf,m,p9v
14zg,h,hf0
14zh,h,scx
14zi,h,ikh
14zk,h,xm7
14zm,h,19j8
14zn,h,lun
14zp,s,xhv
14zq,h,xic
14zr,h,1a7u
14zs,h,7oh
14zu,h,n1f
14zv,h,1h4a
14zw,h,1k2n
14zx,h,c02
14zy,h,1gat
1504,s,i46
1505,h,11k5
1506,h,8f4
1507,h,1giq
1508,s,pze
150a,h,ikb
150b,h,ike
150c,h,rnp
150d,h,1jvi
150e,h,se7
150h,h,lun
150i,h,yvk
150j,h,1ij
150l,s,1ko7
150m,h,ile
150n,h,1cjh
150o,h,13a4
150p,h,14ir
150q,h,16h1
150r,h,m8i
150s,h,w1f
150t,h,14io
150u,h,azp
150v,h,15ee
150w,h,yvk
150y,h,tjc
1511,h,n1f
1512,h,rzj
1515,h,1fs7
1516,h,13p3
1516,m,1514
1517,h,132u
1519,h,48z
151a,m,18wx
151b,h,lpf
151c,h,pai
151e,h,kno
151h,h,1l29
151i,h,li9
151k,h,btg
151l,h,btg
151m,h,n3b
151n,h,b2f
151o,h,im
151p,h,xds
151q,h,ozx
151s,s,qcx
151t,h,gkt
151u,h,84i
151u,m,agp
151v,h,239
151w,h,are
151x,h,cip
151x,m,1d4u
151y,h,7vf
1520,h,3ui
1522,s,152b
1522,s,5hd
1522,s,xif
1522,s,r7i
1526,h,1c3i
1527,h,151x
1528,h,592
1529,h,fit
152a,h,5c3
152b,s,1522
152c,s,13gy
152d,h,l30
152e,h,deu
152g,h,1dv4
152g,m,1bzw
152h,h,1g1s
152i,h,lmb
152j,h,1gua
152k,h,1kl6
152l,h,kku
152m,h,gfd
152n,h,1kl2
152o,h,197m
152p,h,1g1t
152q,h,3hd
152r,h,yij
152s,h,hxq
152t,m,j2z
152t,m,nko
152u,h,uz3
152v,h,olh
152w,h,cvw
152x,h,bcy
152y,h,jmr
152z,s,yit
1530,s,10cn
1531,h,461
1533,s,wsr
1535,m,fkj
1535,m,zt6
1535,m,1jrn
1537,h,1jug
1538,h,vd6
153d,s,1e7j
153f,s,1e7j
153h,h,tr9
153i,h,6u3
153j,h,nnh
153j,h,mkr
153l,s,b5j
153m,h,hlj
153n,h,hli
153o,h,17tt
153q,h,rnw
153r,s,fww
153s,h,hsx
153t,h,hlf
153u,h,hlg
153v,h,1c52
153v,h,xxy
153x,h,msd
153x,m,u6l
153y,h,1e9r
1540,h,o21
1541,h,vso
1544,h,11k5
1545,h,vrp
1546,h,944
1547,s,4jb
1548,h,12s2
1549,h,91u
154b,h,1d99
154d,h,6wg
154e,m,154j
154f,h,azc
154h,h,1abc
154j,h,15o1
154j,m,ets
154j,m,1u0
154j,m,ett
154k,s,p2r
154m,h,85f
154n,h,9ch
154o,h,w51
154p,h,11t0
154q,h,1bsg
154s,h,11t9
154t,h,11t8
154u,h,rnf
154v,m,154w
154y,h,1bsg
1551,h,w7i
1553,h,pqp
1554,s,19cb
1555,h,1kf1
1556,h,154e
1557,h,1kf1
1558,h,1evi
155a,h,1f9n
155c,h,155f
155d,h,17jw
155e,h,155f
155f,h,d2a
155f,m,155b
155f,m,155d
155g,h,w63
155h,h,tgj
155j,h,164d
155l,h,p4v
155m,h,9c7
155o,h,jra
155r,h,ufn
155s,h,m8l
155u,h,kep
155v,h,1ged
155w,h,1gg6
155x,h,v92
155y,h,4qj
155z,h,1duw
1560,h,1ggj
1562,h,1jvz
1564,h,12f4
1565,h,6p2
1566,h,1ihq
1567,h,212
1568,h,er5
1569,h,1j54
156a,h,4pe
156c,s,1kmx
156d,s,1frc
156e,s,1hpl
156i,s,r20
156j,h,ls6
156k,h,1cqd
156n,h,1jvr
156o,h,1jvr
156p,h,hja
156q,h,3gr
156r,h,39x
156s,h,18z1
156u,h,srl
156v,h,157d
156w,h,4ca
156x,h,1jf1
156y,h,b30
156z,h,hp3
1570,h,1duw
1571,h,19dx
1572,h,1ged
1573,h,t78
1574,h,k3o
1575,h,1etz
1576,h,1cyj
1577,h,hq2
1578,h,4h5
1579,h,vly
157a,h,1duw
157b,h,1gef
157c,h,1g62
157c,m,1g66
157c,m,1fm5
157d,h,tww
157e,h,13d5
157e,m,157n
157f,h,l7y
157g,h,19f3
157h,h,13cz
157i,h,kts
157k,h,6f6
157l,h,140q
157m,h,aed
157n,h,gln
157o,s,eph
157p,s,go0
157q,h,inu
157s,s,1fmu
157t,h,157e
157t,h,1cyn
157u,h,q9o
157v,h,loz
157w,h,q9r
157x,h,xds
157y,h,iw5
157z,h,an4
1580,h,uya
1581,h,bqa
1582,h,uya
1583,h,157x
1584,h,5aa
1585,h,56y
1586,h,w1f
1587,h,1423
1588,h,q67
1589,h,15hf
158a,h,xib
158c,h,57w
158d,s,hfh
158d,s,1ie7
158d,s,1ifu
158e,s,q9s
158h,h,1iec
158i,s,q9t
158j,h,g4w
158k,h,2us
158m,h,oj9
158n,h,tn4
158o,h,1fy1
158p,h,xds
158q,h,1b22
158r,h,1e2t
158s,h,luh
158w,s,e46
158x,h,lun
158y,h,jiq
158z,h,bxs
1592,h,15sy
1593,h,wt0
1594,s,hpm
1595,h,1fy1
1595,m,nxu
1596,h,19u1
1596,m,oyv
1597,h,1fiu
159a,h,jeo
159c,h,1pg
159d,h,buc
159e,h,1168
159f,h,azp
159h,m,159i
159j,h,fkh
159k,h,fkg
159n,h,1291
159o,h,n3u
159p,h,1595
159s,h,1cd5
159t,h,in
159u,h,1duw
159v,h,wu4
159w,h,a5s
159x,h,1cf7
159y,h,fvk
159z,h,im
15a0,s,1hh3
15a1,s,i6a
15a2,s,8h
15a4,h,hii
15a5,h,7un
15a6,h,17fy
15a7,h,1059
15a8,h,17fy
15a9,h,65p
15aa,m,77s
15ab,h,jcv
15ac,h,jcw
15ad,h,jd0
15ae,h,jd4
15af,s,1cdf
15ag,h,dzm
15ah,s,16mx
15ai,m,8ss
15ak,m,c6d
15ak,m,74s
15al,s,nn3
15al,s,1cuh
15al,s,i6m
15am,h,1iq5
15an,h,zp1
15ao,h,fen
15ap,s,rj8
15as,h,rjh
15at,h,tv2
15au,h,1g6f
15av,h,m1b
15av,m,10va
15av,m,viy
15aw,h,j3y
15ax,h,39r
15ay,h,4pe
15b0,h,bpn
15b1,h,2yb
15b2,h,jky
15b5,m,891
15b7,s,wsr
15b8,s,t0j
15b9,h,2us
15ba,h,twj
15bb,h,1ckm
15bc,s,jpd
15bd,s,z7s
15be,s,8h
15bf,h,4pe
15bg,h,il1
15bh,h,krf
15bj,h,1bd1
15bm,h,1cg6
15bn,s,19bd
15bo,h,18yu
15bp,h,cdg
15bq,h,113i
15br,h,15t4
15bs,h,ilu
15bt,s,18ff
15bu,s,18ff
15bv,h,1ehk
15bw,h,1brt
15bx,m,o70
15bx,m,iu
15bx,m,1f6r
15bx,m,15by
15bx,m,14hl
15bx,m,c4f
15bx,m,gu
15bx,m,s6
15bx,m,7sf
15by,m,7gx
15bz,h,5vk
15c0,h,byw
15c2,h,1d63
15c3,h,11fh
15c4,h,1ehj
15c5,s,hj
15c6,h,xnc
15c7,h,12l3
15c9,h,36n
15ca,h,esi
15cb,h,cvw
15cb,h,3gw
15cc,h,zah
15ce,h,2qr
15cf,m,155e
15cf,m,155f
15cg,h,176g
15ch,h,1jqp
15ci,s,jel
15cj,s,jel
15ck,h,17b6
15cl,h,1e67
15cm,h,epj
15cn,h,ep9
15co,h,1ah6
15cp,h,yp
15cq,h,1657
15cs,s,1hfj
15ct,s,qo7
15cu,s,18ju
15cv,s,1fca
15cw,s,izl
15cx,s,15gg
15cy,h,n3b
15cz,h,b8k
15d0,h,91u
15d1,h,91u
15d2,h,1jsx
15d4,h,18jv
15d5,h,ej1
15d6,h,fks
15d7,s,fkq
15d8,h,i8k
15d9,h,19gc
15da,s,q1j
15dd,h,1ikw
15de,h,jvi
15df,h,54
15dg,h,1ehk
15di,h,55p
15dk,h,ffw
15dl,h,kwe
15dl,m,1285
15dm,h,17g1
15dn,h,10b1
15do,h,e6l
15dp,h,ok6
15dq,h,10b3
15dr,h,84d
15ds,h,1f2w
15dt,s,1eqo
15du,h,1cqd
15dv,m,112o
15dw,h,u6
15dy,h,94w
15dz,h,1442
15e0,h,igf
15e1,h,4pe
15e2,h,vru
15e3,h,xnh
15e4,h,1er6
15e5,h,1eqc
15e8,h,ooz
15e9,h,17jj
15ea,h,1eq5
15eb,h,16a
15ec,s,tdn
15ed,h,1cg6
15ef,h,15ll
15eg,h,jcn
15eh,h,19r2
15ei,h,tv6
15ej,h,1i4
15ek,s,ajm
15ek,s,15ld
15ek,s,r1k
15em,s,r17
15en,h,15ji
15eo,h,itl
15er,h,g0s
15eu,h,18a2
15ew,h,itl
15ex,h,e7c
15ey,h,1afl
15ez,h,zoz
15f0,h,zp6
15f1,h,1fcv
15f2,h,91u
15f4,s,fuw
15f5,h,1ik
15f6,h,5hl
15f7,h,twt
15f8,h,7nh
15f8,m,uzf
15f9,h,7ww
15fa,h,1e5l
15fb,h,yij
15fc,h,12gl
15fd,h,1ef7
15fe,h,1bks
15ff,h,19oq
15fg,s,kpe
15fh,m,15fd
15fi,h,f4l
15fj,h,p4u
15fk,h,1gfb
15fn,s,fcz
15fo,s,7l2
15fp,s,fnr
15fr,s,19n3
15fs,h,esr
15ft,h,12l3
15fu,s,ess
15fv,h,dog
15fw,h,1702
15fx,h,10un
15fy,h,13ax
15g0,h,fjo
15g1,h,r8p
15g2,h,jra
15g4,h,197n
15g5,h,kqx
15g6,h,jl2
15g8,h,don
15g9,h,1inm
15ga,h,e1v
15gc,s,qu8
15gd,h,10xf
15ge,s,4tk
15gg,s,1hhf
15gg,s,ng9
15gg,s,1ibj
15gg,s,15cx
15gh,h,xsb
15gi,s,qrb
15gj,s,1ibx
15gk,s,1hqc
15gl,s,1i38
15gm,s,1hr8
15gn,s,qjr
15go,h,vlw
15gq,s,1fc9
15gr,h,oft
15gs,h,dny
15gt,h,116d
15gu,h,1isb
15gv,h,1bya
15gw,h,hb6
15gx,h,hlj
15gz,h,j2h
15h0,h,esr
15h1,h,esq
15h3,h,19so
15h4,h,1e4p
15h5,s,3yl
15h6,h,3l6
15h8,h,15s3
15ha,h,6v
15hb,h,xak
15hd,h,2z3
15he,h,xdt
15hf,h,azc
15hg,h,4pg
15hh,h,fs
15hi,h,jae
15hj,h,im
15hk,h,im
15hl,h,924
15hn,h,9c5
15ho,h,plc
15hp,h,60s
15hq,h,krd
15hr,h,16qz
15hs,h,bmh
15ht,h,16ou
15hu,h,1fom
15hv,h,bmj
15hw,s,177t
15hx,h,jk
15hy,s,jp
15hy,s,108d
15hy,s,1i9c
15hy,s,sra
15hz,s,19cb
15i0,h,1dz6
15i2,h,vzb
15i3,h,14e3
15i4,h,r78
15i5,h,nv9
15i6,h,1ehk
15i7,h,r78
15i8,h,13es
15i9,h,qdp
15ia,h,3kd
15ib,h,1hlo
15ic,h,ak6
15id,h,r1n
15ie,h,q0
15if,h,18mw
15ig,h,u29
15ih,h,1f66
15ii,h,3ju
15ik,h,1cj7
15il,h,1kan
15im,h,tyh
15in,h,r7b
15io,h,dsg
15ir,h,vrx
15is,h,q0
15it,h,pz
15iu,h,qb
15iv,h,rc
15iw,h,rf
15ix,h,rg
15iy,h,zyh
15iz,h,qno
15j1,s,17an
15j1,s,141e
15j1,s,1jg9
15j1,s,k4k
15j2,h,15ik
15j3,s,3qe
15j4,s,1kal
15j5,s,13il
15j6,h,yu
15j9,s,ks
15j9,s,oky
15j9,s,z03
15j9,s,kq
15ja,s,143e
15ja,s,1gsa
15jc,m,8sy
15jd,h,aka
15je,s,19go
15jf,s,baj
15jg,s,1ejy
15jh,h,rei
15ji,h,b45
15jj,h,143j
15jk,h,wiu
15jl,h,1f7
15jm,h,13a1
15jo,h,11qp
15jp,h,11k5
15jq,h,10d9
15jr,s,1ix3
15jr,s,1j6d
15jr,s,ga9
15jr,s,msl
15jr,s,np4
15jr,s,u4w
15jv,h,ku
15jw,h,ku
15jx,h,vm9
15jy,s,1ejy
15jz,h,1hls
15k1,h,xm7
15k2,h,183v
15k3,h,b54
15k4,h,bri
15k5,h,uya
15k6,h,198n
15k7,h,nqt
15k8,h,1ij
15k9,h,1ik
15kc,m,14zt
15kd,h,13lu
15ke,h,16ed
15kf,h,hvf
15kg,h,1c9h
15kh,h,gj0
15ki,s,23m
15kj,h,luh
15kk,h,eoc
15kl,h,2ig
15km,h,2in
15kn,h,2iq
15ko,h,1i4
15kp,h,2kx
15kq,h,igf
15kr,h,kwc
15ks,h,1a8i
15kt,h,1a8j
15ku,s,3xi
15kv,h,1d0e
15kx,h,157x
15ky,h,et7
15kz,h,2vl
15l0,h,2vk
15l1,h,2we
15l2,h,2yb
15l3,h,2yk
15l4,h,15ks
15l5,s,40c
15l7,h,itk
15l8,h,j4x
15l9,h,j48
15la,h,1fcv
15lb,h,1fcv
15lc,s,1ey9
15lc,s,o0b
15lc,s,ayv
15ld,s,15ek
15le,h,1kfh
15lg,h,wuj
15lh,h,12en
15lj,s,1in8
15lk,h,1fd9
15ll,h,1fda
15lm,h,37a
15ln,h,15s3
15lo,h,3sa
15lp,h,vru
15lq,h,38e
15lr,h,1duy
15ls,h,7rz
15lt,h,3ae
15lu,s,beq
15lv,s,39s
15lv,s,3ai
15lv,s,av1
15lx,h,3si
15ly,s,1i32
15lz,h,162y
15m0,h,fhi
15m1,h,df9
15m2,h,rzj
15m5,h,147q
15m6,h,147q
15m7,h,16p0
15m8,h,bfu
15m9,s,qz8
15ma,s,fmt
15mc,h,5er
15md,h,170o
15me,h,15hp
15mf,h,8kb
15mg,h,18jz
15mh,h,6wa
15mi,h,fhy
15mj,h,168x
15mk,h,168s
15ml,h,bqa
15mm,h,15s3
15mn,h,cxr
15mo,h,t78
15mp,h,7e6
15mq,h,13tv
15mr,h,1637
15ms,h,12gw
15mt,s,e7y
15mu,h,7o8
15mv,h,7od
15mw,h,16ll
15mx,h,7q6
15mz,h,vz9
15n0,h,5j
15n1,h,7qc
15n2,h,b8c
15n3,h,7vw
15n4,h,1eg7
15n5,h,1dp8
15n6,h,gtd
15n7,h,192t
15n8,h,82d
15n9,h,b54
15na,h,197s
15nb,h,15t4
15nc,h,jlf
15nd,h,84a
15ne,h,1egc
15nf,h,m42
15ng,h,8h4
15nh,h,8h6
15ni,h,16cx
15nj,h,15rt
15nk,h,91v
15nl,h,fe1
15nm,h,1kgl
15nn,s,40c
15no,h,go
15np,h,99q
15nq,s,gq0
15nr,h,381
15ns,h,m40
15nt,h,91v
15nv,h,ae
15nw,h,bzf
15nx,h,8qf
15ny,h,10sn
15nz,h,1951
15o0,s,byc
15o1,h,19jh
15o1,m,28y
15o3,h,kpx
15o4,h,1cj7
15o5,h,13u9
15o6,h,132u
15o8,h,yba
15o9,s,ya5
15ob,h,bs4
15od,h,k51
15oe,h,mxv
15of,h,10uj
15og,h,6wg
15oh,h,hg
15oi,h,8kb
15oj,h,192c
15ok,s,38u
15ok,s,p1d
15ol,s,11m5
15om,s,76
15on,h,1kan
15oo,h,1d99
15op,h,b7n
15oq,h,hp6
15or,h,14nw
15os,h,qcd
15ot,s,b7m
15ov,h,13uk
15ow,h,8xi
15oy,h,pfh
15p1,h,1h1
15p2,h,u5o
15p3,h,95j
15p4,s,16zo
15p5,h,3zt
15p6,h,cvw
15p7,h,1kqy
15p9,h,fc7
15pa,h,hd
15pc,s,cal
15pc,s,1gmh
15pc,s,5cf
15pc,s,r2v
15pd,h,15pg
15pe,s,rdk
15pf,h,pcx
15pg,h,169i
15ph,h,im
15pi,h,xdt
15pj,h,16xq
15pk,h,xak
15pl,h,r37
15pm,h,9tq
15pn,h,7w0
15po,h,11fi
15pp,h,1cjh
15pq,h,ol5
15pr,h,1bf9
15ps,h,vnp
15pt,h,14dy
15pu,h,10w0
15pv,h,16h2
15px,h,1brt
15pz,h,1iba
15q0,h,ibw
15q1,h,nk0
15q2,h,5d4
15q3,h,m40
15q4,h,15uj
15q5,h,bzf
15q6,s,1ij9
15q7,h,16s7
15q8,h,16m9
15q9,h,15t4
15qa,h,8ll
15qb,h,a04
15qc,h,14nw
15qd,h,2vw
15qe,h,xak
15qf,s,1i8t
15qg,h,1kf
15qh,h,15l2
15qi,h,as
15qj,h,vz9
15qk,h,2ml
15qm,h,fb1
15qn,h,csi
15qo,h,2kn
15qp,s,11dd
15qq,s,pm2
15qs,h,1940
15qt,h,sn5
15qu,h,16d9
15qv,h,4pe
15qw,h,13st
15qx,s,ib8
15qy,h,xe4
15qz,h,xe4
15r0,h,vz8
15r2,h,zou
15r2,h,8r4
15r3,h,qzt
15r4,h,atf
15r5,h,atf
15r6,h,91v
15r7,h,91u
15r8,h,b5o
15r9,h,4wy
15ra,h,m4d
15rb,h,144j
15rc,h,91u
15rd,h,vp
15re,h,13av
15rf,h,949
15rg,h,11j7
15rh,h,hzb
15ri,h,15zb
15rj,h,113h
15rk,h,c9y
15rl,s,16ph
15rm,h,15v
15rn,s,bnm
15ro,h,c2o
15rp,h,i4c
15rq,h,1kfe
15rr,h,bca
15rs,h,bfe
15rt,h,r1f
15ru,h,15ne
15rv,h,1951
15rw,h,1951
15rx,h,bn5
15ry,h,16zd
15rz,h,1bu1
15s0,h,91u
15s3,h,16gk
15s4,h,r7b
15s5,h,15mz
15s6,s,bqk
15s7,h,bxz
15s8,h,bzf
15s9,h,c4n
15sa,h,iiw
15sb,h,yvk
15sc,h,ck
15sd,h,j49
15se,h,3h0
15sf,h,g0w
15sg,h,18f9
15sh,h,15sg
15sk,h,uqz
15sk,m,8e4
15sk,m,1fwo
15sk,m,15sj
15sk,m,1h17
15sl,s,7xk
15sl,s,13j4
15sl,s,jx8
15sl,s,1em7
15sm,s,1651
15sn,h,i5c
15sn,m,12fu
15so,h,s2w
15sp,h,1abc
15ss,h,cfb
15st,h,cfd
15su,h,b2b
15sv,h,177
15sw,h,16q2
15sx,h,m40
15sy,h,16zy
15sz,h,m40
15t0,h,ckb
15t1,s,15vl
15t1,s,16wp
15t2,s,kzw
15t3,h,q15
15t4,h,ii
15t5,s,fmt
15t6,h,uya
15t9,h,ed
15ta,s,qaf
15tb,h,zwi
15td,h,yaw
15te,h,htn
15tf,h,hvt
15tg,h,1dut
15th,h,z8s
15ti,h,ck
15tk,h,10mz
15tl,s,22s
15tm,h,160c
15tn,h,bz4
15to,h,eub
15tp,s,c9x
15tr,h,11k5
15ts,h,eue
15tt,h,c9u
15tu,h,91y
15tv,s,txc
15tw,h,10bt
15ty,h,132u
15tz,m,2e2
15u0,h,xkz
15u1,h,too
15u2,h,6uv
15u3,h,57x
15u4,s,o05
15u5,h,nna
15u6,h,npy
15u7,h,16h0
15u9,s,bu6
15ua,h,17sf
15ub,s,1eg
15uc,h,cys
15ud,s,ddi
15uf,s,fnh
15ug,h,fqi
15uh,h,168r
15ui,h,dhq
15uj,h,1ij2
15uk,h,1iiz
15ul,h,189f
15um,s,p2b
15un,h,yah
15uq,s,9of
15us,h,5u3
15uu,h,e5t
15uv,h,gnd
15uw,h,ieg
15uy,h,108b
15uz,h,1853
15v0,h,1431
15v1,h,h5k
15v2,h,1kqi
15v3,h,p3i
15v5,h,wey
15v6,h,131g
15v7,h,1bd1
15v8,h,aq8
15v9,h,fgm
15vb,h,6zu
15vc,h,ith
15vd,h,nt1
15ve,h,e3g
15vf,h,m8q
15vg,h,e4n
15vh,h,16sd
15vi,h,ilu
15vj,h,1130
15vk,h,8fs
15vl,s,15t1
15vo,s,mk7
15vp,h,1bt8
15vq,h,e8b
15vr,h,e8i
15vs,h,16m9
15vt,h,16gz
15vu,h,14kj
15vw,s,mk8
15vx,h,elo
15vy,h,elp
15vz,h,em1
15w0,h,u8y
15w1,h,eqq
15w2,h,eub
15w3,h,evz
15w4,h,itq
15w5,h,75t
15w6,h,kd4
15w7,h,17fj
15w8,h,1851
15wa,h,11k5
15wb,h,gpe
15wc,s,5tw
15wd,h,1kjn
15we,h,19aw
15wf,h,r7q
15wg,h,fi1
15wh,h,fi2
15wi,h,1c58
15wj,s,e0b
15wk,h,fuz
15wl,h,fiq
15wm,h,17wx
15wn,s,z71
15wo,h,i97
15wp,h,g8l
15wq,h,r28
15wr,h,kxx
15ws,h,1d8p
15wt,s,16le
15wu,h,16xv
15wv,h,dr
15ww,h,xx
15wx,h,jye
15wy,h,jye
15wz,h,gcr
15x0,h,c9y
15x1,h,189f
15x2,h,qdg
15x3,h,1fis
15x5,h,nvt
15x6,h,e43
15x7,h,1afn
15x8,h,eh7
15x9,h,1diz
15xa,h,1egq
15xb,h,4u5
15xc,h,pzb
15xd,h,1a5m
15xe,h,16sr
15xf,h,19e0
15xg,h,16ix
15xh,h,duf
15xi,h,e43
15xj,h,924
15xk,s,uhc
15xl,h,b74
15xo,h,uf2
15xq,h,i0h
15xr,h,9c9
15xs,h,91n
15xt,h,1f9d
15xu,h,1wc
15xw,s,1dju
15xx,h,16hr
15xy,h,104b
15xz,h,bf1
15y0,h,16hn
15y1,h,gtd
15y2,h,1e6r
15y3,h,1kki
15y4,h,16hn
15y5,s,170t
15y6,h,1fis
15y7,h,1kiy
15yb,h,1j13
15yc,s,yit
15yd,s,1fc9
15ye,h,176f
15yf,h,1d78
15yg,h,uhv
15yh,h,17hc
15yi,h,1a5m
15yj,h,1b0c
15yk,h,j11
15yl,h,hlj
15ym,s,1k03
15yn,s,v1x
15yo,h,jwy
15yq,h,1kc3
15ys,h,1kbt
15yt,h,hc3
15yu,h,hc5
15yx,h,zms
15yy,h,iw
15yz,h,hvv
15z0,h,16xo
15z1,h,17rj
15z5,h,j38
15z6,h,j39
15z7,h,vqm
15za,h,a04
15zb,h,19aw
15zc,h,xsk
15zd,h,z8t
15ze,h,t6w
15zf,h,s2x
15zg,h,1708
15zh,h,vr3
15zi,h,j9
15zj,h,14e3
15zk,h,vr3
15zl,h,1kq7
15zm,h,66v
15zn,h,qdy
15zo,s,g13
15zp,h,1jdc
15zq,h,vr2
15zr,h,1f1r
15zs,h,1f1o
15zt,s,eij
15zu,s,eij
15zv,h,8f5
15zw,h,15rd
15zx,h,kyz
15zy,h,13jp
15zz,h,w27
1600,h,jwr
1601,h,jy7
1602,h,13ue
1603,h,14lc
1604,h,3hw
1605,h,91u
1606,s,104v
1606,s,dy6
1606,s,jz8
1606,s,110q
1606,s,dm4
1606,s,9wl
1606,s,stl
1606,s,cjr
1606,s,m0e
1608,h,q15
1609,h,il2
160b,h,12bo
160c,h,13uj
160d,h,aef
160f,h,zxi
160g,h,i5a
160h,h,91v
160i,h,qmi
160i,h,91u
160j,h,qmh
160k,h,471
160l,h,qmk
160m,h,qdo
160o,h,hlj
160p,h,1a4e
160q,h,3i1
160r,h,3i1
160s,s,h2h
160s,s,wmt
160t,s,160z
160w,h,11xo
160x,h,1gbi
160z,s,wmu
160z,s,160t
1610,s,r17
1612,h,1ffk
1613,h,w7i
1614,h,ews
1615,h,15hp
1616,s,cyu
1617,s,40c
161b,h,4xv
161c,h,viq
161d,h,kes
161e,h,1104
161f,h,km3
161g,h,b88
161h,h,km5
161i,h,klv
161j,h,zo
161k,h,15q7
161l,h,q16
161m,h,7ue
161o,h,57w
161p,h,91u
161s,h,57w
161t,h,57x
161u,h,q17
161w,s,o7r
161y,s,1i27
161z,s,163l
1620,h,fq8
1621,h,2hv
1622,h,g0s
1623,h,1df2
1624,h,eue
1628,h,ra7
1629,s,ra8
162a,s,1i65
162b,h,xlw
162d,h,163m
162e,h,91u
162g,h,588
162h,h,cij
162k,h,5jl
162l,h,1698
162m,h,1dim
162n,s,al2
162o,h,13ku
162p,h,c22
162q,s,al2
162r,h,13ko
162r,h,c2b
162s,h,1f9n
162u,h,le7
162v,h,le9
162w,h,19vf
162x,h,ips
162y,h,113h
162z,h,113i
1630,h,1130
1631,h,163m
1632,h,liq
1633,h,ei0
1634,h,w52
1635,h,15hj
1637,h,27j
1638,h,fo1
1639,h,fq7
163a,h,1493
163b,h,lw7
163d,h,mxv
163e,h,y6
163f,h,ucf
163h,h,vvm
163i,h,17sc
163k,h,132u
163l,s,6ad
163l,s,161z
163n,h,q9r
163o,h,163m
163q,h,kvm
163r,h,uya
163s,h,91v
163t,h,57w
163w,h,170o
163y,h,17so
163z,s,139i
1641,h,sgc
1642,h,xjt
1643,h,12ac
1644,m,4nd
1645,h,bxa
1646,h,kvk
1647,h,ec5
164a,h,pyu
164b,s,bxh
164d,h,u7f
164e,h,u7f
164g,h,snk
164i,s,1f33
164j,h,1xy
164m,h,uim
164p,h,1fo8
164q,h,15sf
164s,h,189
164t,h,166o
164u,h,15sg
164v,h,hwm
164w,h,1a4f
164x,h,12f5
164y,h,uwb
164z,h,xy
1651,s,15sm
1651,s,8wy
1652,s,g13
1653,h,ywq
1654,h,11k5
1655,h,hn0
1657,h,z8s
1658,h,hyq
1659,h,60z
165a,h,8wr
165c,s,139i
165d,h,15ll
165e,h,91v
165f,h,1knd
165g,h,e7c
165i,h,16zb
165k,s,16x8
165k,s,3de
165k,s,16y2
165l,h,wpp
165m,h,1635
165n,h,qnf
165q,s,1hry
165r,h,n3e
165s,h,n3y
165t,s,t6c
165t,s,1cfr
165t,s,1hue
165t,s,z8v
165t,s,1for
165t,s,1jst
165u,s,1cgb
165w,h,1119
165x,h,1bd1
165y,h,kod
165z,h,1aln
1660,s,1h5o
1661,s,1cfi
1662,s,18lr
1663,s,1ijk
1664,s,l7g
1665,s,yo4
1667,h,1e7l
1668,h,14te
1669,h,bc2
166a,h,2yb
166e,h,pz
166f,h,e0k
166h,h,17sa
166i,h,g46
166k,h,bx6
166l,h,bx6
166m,s,1cfi
166n,s,16sx
166o,h,bx7
166p,h,z8s
166r,m,sif
166s,h,138q
166t,h,jky
166u,h,16h2
166v,h,3yu
166w,h,15mz
166x,h,16sb
166y,h,1688
166z,h,16sb
1670,h,16s7
1671,h,1j4c
1672,h,11uz
1674,h,vlx
1675,h,15uj
1676,h,o0g
1677,h,ioe
1678,h,ioe
1679,h,11ff
167a,h,o1u
167c,h,p45
167d,h,1cj9
167h,h,1951
167i,h,1fon
167j,h,okw
167k,h,g4w
167l,h,mnf
167m,h,pnw
167n,h,1630
167o,h,b2d
167p,h,tl8
167q,h,pyu
167r,h,1d1l
167s,h,bx3
167t,h,1cxv
167u,h,1cxy
167v,s,c9e
167x,h,163o
167y,h,hji
167z,h,5ic
1681,h,1d48
1682,h,1erq
1683,s,1d8k
1684,h,bak
1685,h,bfk
1686,h,1ct0
1687,h,qxq
1688,h,16sb
1689,h,bc2
168a,h,16s7
168b,h,r00
168c,h,r03
168d,h,r03
168e,h,ckl
168f,h,r0s
168g,h,15vc
168h,h,r78
168i,h,r7a
168j,h,16f7
168k,h,rb0
168l,h,13kd
168m,h,cry
168n,h,15t6
168o,h,14e3
168p,h,rnu
168r,h,igf
168s,h,1635
168u,h,ii
168v,h,1akt
168y,h,jlf
168z,h,nni
1690,h,rzi
1691,h,16ib
1692,h,12gw
1693,h,14a2
1694,h,91v
1695,h,163t
1696,h,163s
1698,h,16s7
1699,h,shd
169a,h,2xw
169b,h,16zy
169c,h,1ew9
169d,h,4pe
169e,h,r2s
169f,s,caq
169f,s,bk4
169f,s,aj7
169f,s,yg
169f,s,cak
169g,s,14v
169g,s,hog
169g,s,epc
169g,s,yj
169g,s,1a7
169g,s,shk
169g,s,1ho
169h,h,bkk
169i,h,80
169j,h,xuj
169k,h,dwm
169m,s,169r
169o,h,169i
169p,h,1cj7
169q,h,1cj7
169r,s,169m
169s,h,11k5
169t,h,zou
169z,h,14te
16a0,h,1951
16a1,h,924
16a2,h,udo
16a3,h,xy
16a4,h,in
16a5,h,91u
16a6,h,91v
16a7,h,gmz
16a8,s,emn
16a9,h,q9n
16ab,h,1jt0
16ac,h,vmm
16ad,s,1i9q
16ad,s,su5
16ae,h,12m
16af,h,10w3
16ag,h,19wm
16ah,h,1es4
16ai,h,151l
16aj,m,hdt
16ak,h,azb
16al,h,zi3
16am,h,tag
16an,h,w27
16ao,h,xxy
16ap,h,ews
16aq,h,kh
16ar,h,16c9
16as,h,1f27
16at,h,10vl
16au,h,lya
16av,h,j4e
16aw,h,oys
16ax,h,1dgo
16ay,h,389
16az,h,8ll
16b0,h,4a9
16b2,h,w2h
16b3,h,bkk
16b4,s,11lg
16b4,s,m30
16b4,s,2jw
16b6,s,1hn1
16b6,s,8wl
16b6,s,1f4f
16b7,h,8wn
16b8,h,ekx
16b9,s,eky
16ba,h,2d1
16bb,h,zou
16bc,h,m1b
16bd,h,aul
16be,h,auk
16bf,h,dna
16bg,h,177
16bh,h,1b9q
16bi,h,18wh
16bj,h,tmu
16bk,h,13rm
16bl,h,57w
16bm,h,175q
16bn,h,1egc
16bo,h,wrv
16bp,h,11k5
16bq,h,126y
16br,h,4z2
16bs,h,qyf
16bu,h,ey4
16bv,s,9qj
16bv,s,r4b
16bv,s,ey2
16bv,s,9qn
16by,s,17zy
16bz,s,18vn
16c0,h,g0s
16c1,h,16o1
16c2,h,192o
16c2,m,l98
16c4,h,bli
16c5,h,tx0
16c6,h,tx1
16c7,s,1i1u
16c8,h,16g0
16c9,h,1f27
16ca,h,bs4
16cb,h,bc1
16cc,h,1eon
16cd,h,u1e
16ce,h,sn9
16cf,h,isp
16cg,h,u5n
16ch,h,xdu
16ci,h,xds
16cj,s,19kq
16cl,h,1idc
16cq,h,4pe
16cr,h,10se
16cs,h,yvk
16ct,h,yvk
16cu,h,198n
16cv,h,yzp
16cw,h,cs4
16cx,h,13vq
16cy,h,16xo
16cz,h,1cjh
16d0,h,ysd
16d1,s,izl
16d2,h,vez
16d3,h,vfa
16d6,s,57y
16d7,h,vua
16d8,h,1ghu
16dc,h,54e
16dd,h,w1f
16de,h,397
16df,h,vza
16dg,h,wsz
16di,h,w52
16dj,h,isp
16dk,h,16db
16dl,h,vz8
16dm,h,ndd
16dn,h,1cah
16do,h,1dzo
16dp,h,15zx
16dq,h,1fzf
16dr,h,1130
16ds,h,7vw
16dt,h,8zr
16du,h,kuv
16dv,h,e42
16dw,h,113h
16dx,s,e44
16dy,h,91u
16dz,h,yzt
16e0,h,qnf
16e2,h,ews
16e5,h,180o
16e6,h,oxc
16e7,h,xc1
16e8,h,ozz
16e9,s,fn9
16e9,s,iz6
16ea,h,19e9
16eb,h,fn8
16ec,h,fsv
16ef,h,1gaw
16eh,s,ft3
16ei,h,1bfy
16ej,h,xe9
16ek,h,113i
16em,m,14vz
16en,h,18mw
16eo,h,xsk
16ep,h,xsm
16eq,h,1esd
16er,h,1da7
16es,h,uy9
16et,h,13vq
16eu,h,azb
16ev,h,m8l
16ew,h,m8h
16ex,h,aef
16ey,h,aem
16ez,h,gg6
16f0,h,113i
16f1,h,vw0
16f2,h,1fzp
16f3,h,vvo
16f4,s,7l2
16f5,h,11fi
16f6,h,11jm
16f7,h,11fj
16f8,h,eq9
16f9,h,170z
16fb,h,y3s
16fd,s,qjl
16fe,h,16hn
16ff,s,170t
16fg,s,ren
16fh,s,1af9
16fi,h,146s
16fk,h,i0h
16fk,h,adb
16fn,h,163m
16fo,h,q16
16fp,h,q17
16fr,h,1esc
16fs,h,bv7
16ft,h,bv7
16fx,h,1g9r
16fy,h,107n
16fz,h,rej
16g0,h,16og
16g1,h,168u
16g2,h,zh1
16g3,h,zn2
16g4,h,15e0
16g5,h,zna
16g6,h,15l3
16g7,h,zoz
16g8,h,170g
16g9,h,zp6
16ga,h,kvk
16gb,s,zp9
16gc,h,1gzs
16gd,h,91v
16ge,h,zpn
16gf,h,zpw
16gg,h,bis
16gh,h,j2h
16gi,h,10cy
16gj,h,10cx
16gk,h,q16
16gl,h,bc2
16gm,h,57w
16gn,h,1gg6
16go,h,w01
16gp,s,ux6
16gq,h,b2d
16gr,h,b2d
16gs,h,itd
16gt,h,1kgc
16gu,h,9vh
16gv,h,izc
16gw,h,rf
16gx,h,16xm
16gy,s,gq0
16gz,h,113h
16h1,h,1ew8
16h2,h,1iku
16h3,h,im
16h6,h,11k5
16h8,h,k1d
16h9,h,14nb
16ha,h,fpj
16hb,h,juh
16hc,h,b5l
16hd,h,b5l
16he,h,1397
16hh,h,jlf
16hi,h,b6y
16hj,h,bm5
16hk,h,anb
16hl,h,em6
16hm,h,anb
16hn,h,bu9
16hp,s,rot
16hr,h,1iwq
16hs,h,b30
16ht,h,163m
16hu,h,14nw
16hv,s,ilz
16hw,h,1dj3
16hx,h,12bs
16hy,h,16h0
16hz,h,16hn
16i0,h,12f4
16i1,h,vvv
16i2,h,12f0
16i3,h,jw8
16i4,h,lfk
16i5,h,h12
16i6,h,c4k
16i7,h,gtd
16i9,h,12gw
16ia,h,16hn
16ic,h,g0u
16id,h,qo1
16ie,h,ybe
16if,h,yij
16ig,h,qnf
16ih,h,25e
16ii,h,25e
16ij,h,qnf
16ik,h,qnf
16il,h,b30
16im,h,qno
16io,s,16ip
16ip,s,16io
16ip,s,cs
16ip,s,ysm
16ir,h,azp
16is,h,b5h
16it,h,14ny
16iu,h,too
16iv,h,14nw
16iw,h,em0
16ix,h,14nw
16iy,h,1293
16iz,h,bej
16j0,h,7bs
16j1,h,15t4
16j2,h,136d
16j3,h,smf
16j5,h,i47
16j6,h,4pe
16j7,h,19ho
16j8,h,iw5
16ja,h,epn
16jb,h,16e0
16jc,s,iwa
16jd,h,bt4
16je,h,cs4
16jf,h,c2o
16jg,h,1cj7
16jh,h,60z
16ji,h,1cjh
16jj,h,1cjh
16jk,h,177u
16jl,h,kh
16jm,s,h9l
16jm,s,xy3
16jm,s,jul
16jm,s,whi
16jn,s,hjg
16jn,s,1gq
16jo,h,y3y
16jp,s,1h5o
16jq,s,efv
16jr,h,zk7
16js,h,91v
16jt,h,1dfd
16ju,h,e7c
16jv,h,bx6
16jw,h,12m
16jx,h,16be
16jy,h,1jlu
16jz,h,a49
16k0,h,135t
16k1,h,16ma
16k2,h,smf
16k3,h,16ke
16k4,h,16u8
16k5,h,12f4
16k6,h,15mn
16k7,h,19px
16k8,h,eh
16k9,h,1kqy
16ka,h,168r
16kb,h,19d8
16kc,h,168v
16kd,h,fju
16ke,h,13vq
16kf,h,uya
16ki,h,eks
16kk,m,10uh
16kl,h,15mz
16km,h,c4s
16kn,h,19mv
16kp,h,1iys
16kq,h,9zg
16kq,m,16kp
16ku,h,12s6
16kv,h,vz
16kx,s,efv
16ky,h,10ui
16ky,m,16ku
16kz,h,12s2
16l0,h,14e3
16l1,h,14e5
16l2,h,13rc
16l3,h,170s
16l4,h,168r
16l5,h,1635
16l6,h,ejl
16l7,h,168x
16l8,h,1633
16l9,h,ivw
16la,h,fk7
16lb,h,krd
16lc,h,1cf6
16le,s,ibr
16le,s,15wt
16le,s,ibj
16le,s,16qf
16lg,h,yst
16lh,h,ibv
16li,h,ouw
16lk,h,w52
16lm,h,azb
16ln,h,34w
16lo,h,1kiq
16lq,h,vig
16lr,h,vie
16lr,m,16lq
16ls,h,guv
16lt,h,ees
16lu,h,kve
16lv,h,avl
16lw,h,9wz
16lx,h,16xq
16ly,h,m8h
16lz,h,15i4
16m0,h,6wb
16m1,h,17y
16m2,h,xc4
16m3,h,7uh
16m4,h,17tz
16m5,h,198v
16m6,h,18lq
16m7,s,170u
16m8,h,27i
16m9,h,15t4
16ma,h,18fa
16mb,h,1egc
16mc,s,18ff
16md,h,11k5
16me,h,18y0
16mf,h,re9
16mg,h,re7
16mh,h,re7
16mi,h,18oj
16mj,h,1905
16mk,h,1906
16ml,h,1903
16mm,h,y7d
16mn,h,y7t
16mo,h,16ed
16mp,h,zig
16mq,h,oav
16mr,h,195d
16ms,h,1dzz
16mt,h,198n
16mu,h,ttl
16mv,h,vl2
16mw,h,fmj
16mx,s,15ah
16mx,s,hu
16mz,h,p29
16n1,h,1cjh
16n2,h,165
16n3,h,13bx
16n4,h,13km
16n5,h,e1
16n8,h,1kgv
16n9,h,16lm
16na,h,16lm
16nb,h,c9f
16nc,s,678
16nc,s,674
16nd,s,1kn
16nd,s,qgp
16nd,s,f4p
16nf,h,1bd1
16ng,h,1duu
16nh,h,sub
16ni,h,1ek9
16nj,h,1fcq
16nk,h,ews
16nl,h,1bt7
16nm,h,19jm
16nn,h,19kc
16no,h,1geg
16np,h,tjc
16nq,h,euf
16nr,h,19qt
16ns,h,19yc
16nt,h,fof
16nu,h,jx1
16nv,h,15k9
16nw,h,1a6k
16nx,h,1a6n
16ny,h,15l2
16nz,h,12zl
16o0,h,nj
16o1,h,p3w
16o2,h,ii
16o3,h,132u
16o5,h,qpb
16o8,h,fva
16ob,h,113h
16od,h,vnm
16oe,h,ae
16of,h,erg
16oh,h,g0u
16ok,h,16zy
16ol,h,hba
16om,h,15qz
16on,s,1bza
16op,h,18zj
16oq,h,juh
16or,h,juh
16os,h,15hj
16ot,h,fnj
16ou,h,j9
16ow,h,wer
16ox,h,80c
16oy,h,1i68
16oz,h,1idc
16p1,s,pwx
16p4,s,10ww
16p6,h,1alu
16p7,s,53s
16p7,s,1ce7
16p7,s,1ahd
16p7,s,1hmy
16p7,s,l0p
16p7,s,k2h
16p7,s,euk
16p7,s,1bqo
16p7,s,1hio
16p7,s,erm
16p9,h,1g8v
16pa,h,g0u
16pb,h,eub
16pc,h,6pd
16pe,h,16do
16pf,h,nr1
16pg,h,e16
16ph,s,15rl
16pi,h,1c47
16pj,h,7o8
16pm,h,zt3
16pn,h,1fo8
16po,s,16yw
16pp,h,1bks
16pr,h,902
16ps,h,9sy
16pt,h,1ebe
16pu,h,11pg
16pw,h,p37
16px,h,2sg
16px,m,16py
16px,m,16pw
16py,h,p37
16pz,h,1bks
16q1,h,381
16q2,h,380
16q3,h,rde
16q4,s,80e
16q6,h,16q2
16q7,h,et8
16q8,h,3if
16q9,h,1951
16qa,h,ae
16qc,s,1igp
16qc,s,13k8
16qc,s,e04
16qf,s,16le
16qg,h,kod
16qh,s,ov8
16qh,s,e7r
16qi,s,16z6
16qk,s,qfn
16qm,h,w52
16qn,h,w5o
16qo,h,60s
16qp,h,6qf
16qp,m,xdf
16qr,h,1g6g
16qs,h,6q5
16qt,h,1hkj
16qu,h,1122
16qv,h,1121
16qw,h,15hj
16qx,h,ahm
16qy,h,azp
16qz,h,bm5
16r0,h,11u0
16r1,h,v7k
16r2,h,1gtw
16r3,s,27w
16r3,s,1gty
16r3,s,tm2
16r3,s,d5
16r3,s,1qd
16r4,s,8nz
16r7,s,27x
16r8,h,19cg
16r9,h,14te
16ra,h,q2w
16rb,h,q2l
16rc,h,dx4
16rd,h,1dv4
16rf,h,4pe
16rg,h,1123
16ri,h,15u1
16rk,h,14nw
16rm,h,1cid
16rn,h,1cjh
16ro,h,75x
16rp,h,107n
16rq,s,1ibi
16rq,s,l7u
16rr,h,11k5
16ru,h,q2v
16rv,h,16gk
16rw,h,hh
16rx,s,puy
16rz,s,fh0
16s0,s,xee
16s2,h,wsy
16s3,h,rkw
16s4,h,y6o
16s5,h,1cuy
16s7,h,16gk
16s8,h,31c
16s9,h,wty
16sb,h,163m
16sc,h,1630
16sd,h,91u
16se,h,qq0
16sf,h,fde
16sg,h,16sr
16sh,s,a91
16sh,s,uha
16si,s,1hiy
16sj,h,9c5
16sk,h,11k5
16sl,h,bx6
16sm,h,fg2
16sn,h,16sv
16so,h,ews
16sp,h,tv6
16sq,h,bxb
16sr,h,bxb
16ss,s,a9s
16ss,s,9ud
16st,s,wvf
16su,s,a00
16sv,h,17s9
16sw,h,16sl
16sx,s,166n
16sx,s,bfc
16sx,s,qq6
16sx,s,tvi
16sx,s,1dq5
16sx,s,1dvq
16sy,s,1475
16t0,h,wve
16t1,h,1d9a
16t2,h,hqy
16t3,h,148p
16t4,h,nna
16t5,h,ead
16t7,h,bud
16t8,h,91v
16t9,h,39u
16ta,h,4xa
16tb,h,1dwy
16tc,h,aef
16td,h,15kl
16te,h,zqk
16tf,s,170t
16tg,h,16tl
16th,h,16xt
16tj,h,170o
16tk,h,1dyl
16tm,s,170t
16tn,h,170o
16to,h,6qf
16tp,h,1dzf
16tq,h,1dzn
16tr,h,gh7
16ts,h,198v
16tu,h,198o
16tv,h,198n
16tw,h,w28
16tw,h,fv6
16tx,h,198v
16ty,h,ood
16tz,h,140a
16u0,h,say
16u1,h,16da
16u2,s,13kx
16u3,h,jkp
16u5,h,1eg2
16u6,h,11t1
16u7,h,1d64
16u8,h,16xq
16u9,s,14jf
16ua,m,16uh
16ub,h,dzw
16uc,h,4pe
16ud,h,12m
16ue,h,ebt
16uf,h,1dcg
16ug,s,f7n
16ug,s,40f
16ug,s,ebx
16ug,s,x7f
16ug,s,pqv
16ug,s,cv2
16uh,h,1a64
16ui,h,133o
16ul,s,pwi
16um,h,pwh
16un,h,1fct
16uo,s,1ede
16up,s,1hb7
16uq,h,y7t
16us,m,16ur
16ut,s,l8n
16ut,s,cx8
16ut,s,7vy
16ut,s,w4c
16ut,s,r3h
16ut,s,st6
16uu,h,91v
16uv,h,fur
16uw,h,kvn
16ux,h,kwf
16uy,h,y7t
16uz,h,42b
16v0,h,15us
16v1,h,1ebi
16v1,m,x1l
16v3,h,y7r
16v4,h,1cwc
16v5,h,1fm7
16v6,h,vyq
16v6,m,bdh
16v6,m,17g0
16v6,m,l0z
16v6,m,usb
16v8,h,11zo
16v9,h,qmc
16vc,h,tbi
16vd,h,fh3
16ve,h,15n3
16vf,h,fp5
16vg,h,ffb
16vh,h,1fra
16vj,s,q2r
16vl,h,1ckm
16vm,h,1f27
16vn,h,1kgl
16vo,s,wv4
16vp,h,16g9
16vq,h,1diz
16vr,h,1izm
16vs,h,27m
16vt,h,aq8
16vu,h,14gm
16vv,s,16vx
16vw,s,40c
16vx,s,16vv
16vy,h,fex
16vz,h,xak
16w1,h,1g8i
16w2,h,1g8j
16w3,h,1g8r
16w4,s,40c
16w5,h,1gcm
16w6,h,puo
16w8,h,163m
16w9,h,1kgl
16wa,h,2sg
16wb,h,1abc
16wd,h,1kgl
16we,h,1gg6
16wg,h,11c5
16wh,h,bmu
16wi,h,15x6
16wj,h,hz6
16wk,h,h3m
16wl,h,1gjz
16wm,h,118s
16wn,h,c9y
16wo,s,s6z
16wp,s,15t1
16wr,h,vz9
16ws,h,6uq
16wt,h,6uq
16wv,h,jed
16wy,h,b4x
16wz,h,n6
16x0,h,1duw
16x1,h,qxq
16x2,h,1030
16x3,s,40c
16x4,h,51p
16x5,h,1423
16x8,s,165k
16x9,h,zm4
16xa,h,1gg6
16xb,h,1kgh
16xc,h,15n5
16xd,h,bsk
16xe,h,w1d
16xf,h,vz9
16xg,s,ijr
16xj,s,19qy
16xk,h,3p
16xl,h,1gcv
16xm,h,2z1
16xn,h,1h0r
16xo,h,xan
16xp,h,q75
16xs,h,17tj
16xt,h,1gg6
16xu,h,6un
16xv,h,15ph
16xw,h,1gee
16xx,h,16xt
16xy,h,1dgo
16xz,h,sdm
16y2,s,165k
16y3,s,40c
16y5,h,189i
16y6,h,1hx5
16y7,h,10uj
16y8,h,1hwd
16y9,h,vvo
16ya,h,1igv
16yb,h,q9r
16yc,h,15e2
16yd,h,163m
16ye,h,1ids
16yf,s,qdw
16yg,s,qnw
16yi,h,3sm
16yj,h,w3w
16yk,h,8qf
16yl,h,qw5
16ym,h,qo1
16yo,h,8qd
16yq,h,11k5
16yr,h,m56
16ys,h,14ja
16yt,s,1hrv
16yv,h,19ug
16yw,s,opk
16yw,s,u3x
16yw,s,6tz
16yw,s,h2i
16yw,s,1j0v
16yw,s,rxt
16yw,s,16po
16yw,s,a6q
16yw,s,1fq7
16yx,h,13nh
16yy,h,160n
16yz,h,13ue
16z1,h,3if
16z2,h,j9
16z3,h,16q9
16z4,h,1fs7
16z5,s,17zy
16z6,s,3t9
16z6,s,sp
16z6,s,16qi
16z8,h,ggm
16z9,h,7v
16za,h,szo
16zc,h,1h0r
16zd,h,e1a
16ze,h,s33
16zg,h,zk2
16zh,h,lw6
16zi,h,nne
16zj,h,1a8j
16zk,h,17tj
16zl,s,1h0g
16zn,h,928
16zo,s,15p4
16zo,s,c9w
16zq,h,ls6
16zr,s,170u
16zs,s,925
16zu,h,r40
16zv,h,xnw
16zw,h,921
16zy,h,920
16zz,h,xnv
1700,h,4h5
1701,h,j44
1702,h,cxt
1703,h,da
1704,h,11gt
1705,h,13u9
1706,h,ioe
1707,h,1wq
1708,h,igf
1709,h,qx9
170a,h,16d9
170b,h,16db
170c,h,cxf
170d,h,171r
170e,s,1m4
170f,s,1qh
170g,h,1gbl
170h,h,171t
170i,h,63w
170j,h,63w
170k,h,azx
170l,h,16xt
170m,h,163m
170n,s,170t
170o,h,q15
170p,h,158x
170q,h,igp
170r,h,67y
170s,h,163o
170t,s,16tm
170t,s,16ff
170t,s,15y5
170t,s,16tf
170t,s,170n
170u,s,16zr
170u,s,16m7
170v,h,1cj7
170w,h,5j
170x,h,wqq
170y,h,12f0
170z,h,7vw
1710,h,15m5
1711,h,91l
1715,s,ya5
1719,h,1544
171a,h,91u
171b,h,1066
171c,h,qg9
171d,h,15dx
171e,h,1gzw
171f,h,1263
171g,h,g65
171h,h,1iqx
171i,h,113h
171j,h,5r4
171k,h,z7z
171l,h,im
171n,h,1kev
171o,h,171t
171p,h,1kl2
171q,h,1kqj
171r,h,1kq8
171s,h,1kq7
171t,h,h5g
171v,h,l15
171x,h,18bp
171z,m,73t
1720,h,1ew9
1721,h,hy2
1722,h,i1e
1724,h,15f6
1725,h,15f6
1728,h,w63
1729,h,11v3
172b,h,16p5
172b,m,1ker
172c,h,uq5
172d,h,2bi
172e,h,iwk
172h,s,ktf
172h,s,hnl
172h,s,mr1
172h,s,zm2
172h,s,1dd7
172h,s,12o0
172h,s,64o
172h,s,kib
172j,h,ffn
172k,m,173o
172l,h,1a85
172m,h,fj8
172n,h,30j
172o,h,vu9
172p,s,1k03
172w,h,qmc
172y,h,vu9
172z,h,1e8c
1731,h,jrg
1733,h,1cdn
1734,m,v5z
1735,h,wx1
1736,h,zig
1737,h,tjc
1738,m,ybc
1738,m,701
1738,m,1497
173c,h,w63
173d,h,wiu
173e,h,1a64
173f,h,wiu
173g,h,fyk
173i,s,1e7j
173k,h,10mz
173m,h,10mz
173o,h,oav
173p,h,twq
173q,h,doi
173r,m,1dpa
173s,h,1iyh
173u,h,vl2
173v,s,1i1
173w,h,1kqf
173z,h,dhy
1740,h,1exh
1740,h,145q
1742,s,7ll
1742,s,vrv
1742,s,92x
1742,s,1fhi
1742,s,rur
1742,s,18au
1742,s,1e96
1742,s,tu2
1745,h,1dv4
1746,h,65p
1747,h,deu
1748,h,16cz
1749,h,1d99
174a,h,wx9
174b,h,slx
174c,h,1jea
174d,h,1kgc
174e,h,174j
174f,s,cdm
174g,h,l30
174h,h,yzp
174i,h,1d78
174j,h,ysq
174k,m,dc7
174k,m,mli
174m,h,12ul
174n,h,85d
174o,h,zoi
174q,h,mpy
174q,h,1che
174r,h,8vp
174u,h,1aaa
174w,s,zk
174w,s,auu
174z,s,eek
174z,s,t61
1750,s,1inr
1751,s,13w7
1752,s,1id5
1753,s,lf5
1754,h,11c5
1755,h,11k5
175b,h,1inx
175c,h,ld6
175d,h,19nk
175e,h,1g52
175e,h,1c3
175g,h,1cbe
175k,s,1i9b
175l,s,pow
175n,h,15qz
175o,h,9bb
175p,h,lqx
175r,h,13tv
175s,h,1aa5
175t,h,11yq
175u,h,11jd
175v,h,1aaa
175w,h,azc
175x,h,1bfu
175y,s,dn9
175z,s,lf4
1761,h,1gg6
1762,h,1gga
1763,h,bub
1764,h,1gg6
1765,h,keu
1766,h,ton
1767,h,1gg6
1768,h,a5s
1769,h,1gg9
176a,h,hto
176b,h,c4i
176c,h,1ggj
176d,h,30w
176e,h,1ggj
176f,h,xxu
176g,h,bzw
176h,h,m1b
176i,h,m1b
176j,h,13uc
176k,h,4qj
176l,h,ckd
176m,h,12jf
176n,h,1fib
176o,h,1boi
176p,h,19qu
176r,h,fqu
176s,h,wte
176t,h,1c3i
176u,h,1gg5
176y,h,1j4j
176z,h,172t
1770,h,54h
1772,h,12f4
1773,h,1a6k
1774,h,1a6n
1775,h,k1d
1775,m,641
1776,h,18z1
1778,h,vdx
1779,h,1bd1
177a,h,zhi
177b,h,cn8
177c,h,lw7
177d,h,kwe
177e,h,999
177f,h,13og
177g,h,jey
177h,h,i5a
177k,s,t2y
177l,h,coi
177m,h,17yv
177n,h,zag
177p,h,lw7
177q,s,1ch9
177q,s,jca
177q,s,178q
177r,s,id1
177t,s,bml
177t,s,15hw
177t,s,178o
177u,h,7w
177v,h,132r
177w,h,j4c
177x,h,njh
177y,h,1gzk
177z,h,s73
1780,h,r40
1787,s,18dj
1789,s,11j0
178a,s,zz0
178b,h,91u
178c,h,91u
178f,h,1g6f
178g,h,l37
178h,s,1bkp
178h,s,mkd
178i,s,x5n
178k,h,x5w
178l,s,s6z
178n,h,bmj
178o,s,177t
178q,s,177q
178r,h,x5w
178t,s,qmx
178u,s,r9r
178v,h,1crk
178w,h,qik
178y,h,ymm
178z,h,13u5
1790,s,ijx
1791,s,ef1
1794,h,92j
1795,h,6dy
1796,h,owp
1797,h,owp
1798,h,twz
1799,h,1duw
179a,h,17gw
179b,h,zq2
179e,h,bj4
179f,h,vlw
179h,h,1bkk
179i,h,1g0s
179j,h,1bkn
179k,h,12e0
179k,m,7zy
179l,h,rwu
179m,h,1bks
179n,h,1bkv
179o,h,3g4
179p,s,111p
179q,s,vf3
179r,h,g8c
179s,h,pz3
179t,h,1fi6
179u,h,57j
179v,h,qy4
179w,h,179l
179x,h,7h3
179y,h,vjn
179z,h,nbk
17a0,h,190b
17a2,h,75x
17a4,h,16ea
17a6,h,1jmh
17a7,h,1jmn
17aa,h,1j53
17ab,h,159z
17ac,h,1grc
17ad,h,fnn
17ae,h,zhi
17af,h,1gym
17ag,h,1esf
17ah,h,df9
17ai,h,3gs
17ak,h,c5f
17al,h,c5f
17am,s,vxm
17am,s,129
17am,s,1051
17an,s,15j1
17ao,s,vny
17aq,h,91u
17ar,h,vo1
17as,h,vo5
17au,h,cfz
17av,h,uls
17aw,h,xjw
17ax,h,1jrc
17ay,h,zt3
17az,h,kht
17b0,h,1bks
17b1,s,14e
17b2,h,nl6
17b3,h,dce
17b4,h,hkm
17b5,h,xan
17b6,h,922
17b7,h,q9o
17b8,h,1gg6
17b9,h,n3u
17ba,h,ucg
17bb,h,91v
17bd,h,1hm2
17be,h,n3u
17bf,h,17b8
17bg,s,1idz
17bh,h,11k5
17bi,h,124i
17bk,s,q1b
17bl,s,ya5
17bm,s,181b
17bn,h,1ivm
17bo,h,13t5
17bp,h,13t5
17bq,h,1gu8
17br,h,doy
17bs,h,fkh
17bt,h,fkh
17by,h,deb
17bz,h,13a4
17c0,h,ncb
17c2,h,13a4
17c3,h,vz
17c7,h,ztu
17c8,h,p37
17c9,s,her
17ca,h,btk
17cb,h,b2f
17cc,h,1d3b
17cc,m,1jpx
17cc,m,ice
17cc,m,15ch
17cf,h,4ac
17cg,h,4ud
17ci,h,121r
17ci,m,a60
17cj,h,jey
17ck,h,72
17cm,h,uqz
17co,h,1d3b
17cs,h,net
17ct,h,7gn
17cu,h,dje
17cv,h,aso
17cx,h,1jsb
17cx,m,1g7o
17cx,m,51m
17cx,m,d1w
17cx,m,r86
17cx,m,1a3s
17cx,m,1h0z
17cx,m,1h0d
17cx,m,17d0
17cy,h,vre
17cz,h,n79
17cz,h,12ac
17d0,h,4ug
17d1,h,4h5
17d2,h,p1w
17d3,h,610
17d4,h,1kly
17d5,h,d6y
17d6,h,1yf
17d7,h,84i
17d8,h,17cx
17d9,h,1ko2
17da,h,tay
17db,h,ozx
17dc,s,aql
17de,h,d4q
17df,h,uz3
17dg,h,13u7
17dh,h,t4u
17di,h,azp
17dk,h,deu
17dl,s,c1l
17dm,h,c1g
17dn,h,cxg
17do,h,c1c
17dp,h,9f0
17dq,h,10hi
17dr,h,c1r
17dr,m,4lt
17ds,h,1clp
17du,h,1fc0
17dv,h,t0c
17dx,h,ls6
17e6,h,1fis
17e7,h,1fis
17ei,h,31i
17ej,s,8gw
17ej,s,4vn
17ej,s,npn
17ej,s,1j3q
17ej,s,5b3
17ej,s,npo
17ek,s,1d8k
17el,s,1i5d
17en,h,1d46
17eo,h,949
17et,h,vlw
17ew,h,um8
17ey,h,xds
17f0,h,7wt
17f1,h,lrb
17f2,h,n9o
17f2,m,7h1
17f5,h,3hd
17f6,h,xmc
17f7,h,s1
17f8,h,1grh
17fa,h,1dv4
17fb,m,17f7
17fc,h,1ita
17fc,m,17fd
17fe,h,oav
17fg,h,17b8
17fh,h,1436
17fi,h,hu7
17fk,m,17fj
17fn,h,8yw
17fn,m,17fa
17fn,m,17ur
17fq,h,1a64
17fr,h,syb
17ft,s,17mx
17fu,s,1i9b
17fv,s,f4j
17fw,h,31w
17fx,s,jb5
17fy,h,pxk
17fz,h,40q
17g0,m,1j8a
17g1,h,1297
17g2,m,17g1
17g3,h,ipa
17g4,h,118m
17g7,h,18xq
17g8,h,h8h
17g9,h,1brl
17ga,h,h8h
17ge,h,9c7
17gg,h,rf6
17gk,h,1j42
17gn,h,14c
17go,h,kh
17gp,h,iw
17gq,h,u15
17gr,h,jwy
17gs,h,dim
17gt,h,lmc
17gv,h,1450
17gw,h,1gzr
17gy,h,1bks
17gz,h,lgi
17h0,h,19qu
17h1,h,1gwu
17h2,h,xdt
17h3,h,1gg6
17h4,h,17ex
17h5,h,xds
17h6,h,1423
17h7,h,923
17h8,h,91v
17h9,h,1ft4
17ha,h,ka9
17hb,h,1ide
17hc,h,923
17hd,h,1cyh
17he,h,z7p
17hf,h,e41
17hg,s,1425
17hh,h,n2w
17hi,h,1jrc
17hj,h,1k19
17hk,h,dim
17ho,h,1am8
17hq,h,17dv
17hs,h,91n
17hz,h,ro6
17i0,h,ifo
17i3,h,t3v
17i4,h,yta
17i5,h,ugr
17i6,h,toq
17i8,m,8az
17i8,m,738
17i8,m,dpi
17i8,m,17ia
17ia,h,ifo
17ib,h,17i3
17ic,h,8mo
17id,h,1gd4
17ie,h,hm6
17if,h,17py
17if,h,gvy
17ij,h,pll
17im,h,plk
17in,h,31w
17in,h,p7w
17io,h,14te
17ip,h,31s
17iq,h,plq
17ir,h,91u
17is,h,in
17iu,h,18a6
17iv,m,t3d
17iv,m,ar3
17iv,m,17hz
17iw,h,t8u
17ix,h,uh1
17iz,h,17ts
17j0,h,1kbf
17j1,h,11k5
17j2,h,ls6
17j5,h,12nu
17j6,h,9zo
17j7,h,1478
17j7,m,h13
17j8,h,1478
17j9,h,cl2
17ja,h,ckb
17jc,h,coi
17jd,h,vly
17je,h,1g6s
17jg,h,1fyt
17jj,h,2sj
17jj,m,8q6
17jj,m,1jhm
17jj,m,kg0
17jk,h,132v
17jl,h,zjq
17jm,h,lun
17jo,h,l97
17jp,s,axx
17jt,h,19vg
17jt,m,11dp
17ju,h,11dp
17jv,h,19kd
17jw,m,4ev
17jx,h,kvb
17jy,h,yvk
17jz,h,1d99
17jz,m,8s7
17k0,h,n3u
17k1,h,4u6
17k2,h,12bs
17k3,h,n3w
17k4,h,ikw
17k5,h,n46
17k6,s,1i85
17k7,h,17jw
17k8,h,bc4
17k9,h,1cuo
17ka,h,twt
17ka,m,5c0
17kb,h,1fm7
17kc,h,coi
17kd,h,e3w
17ke,h,clt
17kf,h,1km1
17kg,s,ql4
17kh,h,srg
17kj,s,1fbe
17kk,h,5r7
17kn,m,17kt
17ko,m,l22
17ko,m,dii
17ko,m,17r0
17ko,m,1q4
17ko,m,m4p
17ko,m,1biy
17ko,m,1byu
17ko,m,v2s
17ko,m,1371
17ko,m,cqf
17ko,m,14qr
17ko,m,11sn
17ko,m,gom
17ko,m,17kn
17ko,m,14at
17kp,m,17ko
17kp,m,tfc
17kr,h,4q8
17ks,s,zks
17kt,h,1a64
17kt,m,ojq
17ku,h,1233
17kv,s,9of
17kw,h,1gi7
17kx,h,1kca
17ky,h,173e
17kz,h,73z
17l0,h,m80
17l1,h,ofi
17l2,h,oav
17l2,m,17l3
17l3,h,oaw
17l4,h,st
17l5,h,t90
17l6,h,1kiy
17l7,h,1gi7
17l9,h,vyj
17la,h,vyj
17lc,h,17q1
17ld,h,8sw
17le,m,17l2
17lo,h,cj0
17lp,h,17gq
17lq,h,vyj
17ls,h,l2
17lt,s,wsr
17lu,h,1mb
17lv,h,19ho
17lw,h,1gzr
17lx,h,n3w
17ly,s,1h0g
17lz,h,17fy
17m0,h,xak
17m1,h,1gbi
17m2,h,1h0r
17m3,h,19f3
17m5,h,1fom
17m7,h,vz6
17m8,h,qup
17m9,h,1cf
17md,h,re0
17me,h,1008
17mf,h,16ro
17mg,h,1jwr
17mh,h,11tb
17mi,h,11td
17mj,h,2vt
17mk,h,4ca
17ml,m,pvc
17mm,s,1cdf
17mn,h,tuz
17mq,h,19vt
17mr,s,17o7
17ms,h,75x
17mt,h,17jj
17mu,h,uz8
17mw,h,oeu
17mx,s,pqz
17mx,s,19om
17mx,s,93o
17mx,s,cdl
17mx,s,1hy
17mx,s,17rz
17mx,s,4f6
17mx,s,c5o
17mx,s,18gx
17mx,s,59
17mx,s,d43
17mx,s,78t
17mx,s,1iy3
17mx,s,12n2
17mx,s,txm
17mx,s,ti3
17mx,s,6xo
17mx,s,col
17mx,s,muc
17mx,s,17ft
17mx,s,ory
17mx,s,1f6e
17my,s,ej7
17my,s,hib
17my,s,9ro
17my,s,5ah
17my,s,ss2
17my,s,cu1
17my,s,ej9
17my,s,la8
17my,s,1bym
17my,s,19hb
17my,s,115l
17my,s,cty
17my,s,jxm
17my,s,i7h
17n0,h,1akh
17n1,s,1i5d
17n2,s,1i38
17n3,h,13ii
17n4,h,kp9
17n5,h,12cp
17n6,h,wty
17n7,h,19qt
17n8,h,12cw
17na,h,12f3
17nd,h,1f69
17ne,h,r23
17nf,h,p0d
17ng,s,1a06
17nh,h,fkh
17ni,h,1gxe
17nj,h,17gs
17nk,h,17gs
17nl,h,ddf
17nm,h,1k19
17np,s,fgj
17np,s,76d
17np,s,17oj
17np,s,826
17np,s,afn
17np,s,460
17nq,h,1s8
17nr,h,7q8
17ns,h,nco
17nt,h,10zq
17nu,h,o7u
17nx,h,2ji
17nz,s,qjg
17o0,h,1gg6
17o1,h,19qu
17o2,h,1423
17o3,h,lm3
17o4,h,mje
17o5,h,91u
17o6,h,be7
17o7,s,hgy
17o7,s,1jt
17o7,s,g3l
17o7,s,di2
17o7,s,1f1m
17o7,s,122h
17o7,s,17mr
17o7,s,262
17o7,s,cuj
17o7,s,10lq
17o7,s,h8g
17o7,s,diq
17o8,h,bzx
17o9,h,17j5
17ob,h,1bh4
17oc,h,1fy1
17od,h,4iq
17oe,h,11k5
17of,h,1dvb
17og,h,1km1
17oh,h,ow2
17oi,h,wnc
17oj,s,17np
17ol,h,1fwe
17om,h,yvj
17on,h,19qq
17oo,h,15ae
17op,h,1dpk
17os,s,1csy
17ot,s,149y
17ow,h,e6a
17ox,h,m4i
17oy,h,f57
17oz,h,opl
17p0,h,xds
17p1,h,foi
17p2,h,19aw
17p3,h,fxc
17p5,h,ews
17p7,h,13u5
17p8,h,1bca
17pa,h,ba8
17pc,h,twj
17pd,h,1d77
17pe,h,2yn
17pf,h,19f3
17pg,h,5zn
17pj,h,fnn
17pk,h,1k19
17pl,h,1c3i
17pl,m,jis
17po,h,182o
17pp,h,1cbt
17pq,s,yhe
17pr,s,d22
17ps,h,182
17pt,h,12r3
17pt,m,xci
17pv,h,3gi
17px,h,113h
17py,h,p40
17py,m,ohu
17py,m,13qn
17py,m,13qi
17py,m,sht
17py,m,14wb
17py,m,14wc
17pz,h,1bkn
17q0,h,brq
17q1,h,n7f
17q2,h,1g36
17q3,h,rkr
17q4,h,1exl
17q5,h,t3i
17q6,h,1eau
17q7,s,411
17q8,h,48j
17q9,h,i63
17qa,h,aef
17qb,h,1bto
17qc,h,1jof
17qd,s,hb7
17qe,h,16je
17qf,h,1jnx
17qg,h,3gs
17qh,s,1ko3
17qi,h,viq
17ql,m,17qk
17ql,m,aii
17ql,m,lna
17ql,m,14d1
17qm,m,17ql
17qo,h,twy
17qp,s,o08
17qq,h,w63
17qu,m,sof
17qv,h,17sa
17qw,h,fc7
17qx,h,1fs5
17qx,h,nyq
17qy,h,8lo
17r0,m,ey8
17r1,h,rwr
17r2,h,cca
17r3,h,xii
17r4,h,15fe
17r5,m,mit
17r5,m,bdj
17r6,h,dje
17r7,h,18v
17r8,m,1fnt
17r9,h,b47
17rb,h,15v8
17rc,h,lhb
17re,s,q7r
17rf,h,oav
17rf,m,17rg
17rg,h,oaw
17rh,h,1d3r
17rj,h,189f
17rk,h,1gzl
17rl,h,n3n
17rm,s,1j55
17rn,h,25n
17ro,h,kk6
17rp,h,udp
17rq,h,fem
17rr,h,kn0
17rs,h,lit
17rs,m,h52
17rt,h,kmx
17ru,h,kpu
17rv,s,1dcn
17rv,s,smi
17rw,s,f4j
17ry,h,1hpp
17rz,s,17mx
17s2,h,evp
17s3,h,75x
17s4,h,esr
17s5,h,1fk5
17s6,h,t7d
17s7,h,dzo
17s9,h,b8r
17sa,h,fc7
17sb,h,b8r
17sc,h,gtt
17sd,h,fc7
17se,h,fc7
17sf,h,13u5
17sg,h,vrz
17sh,h,e0k
17si,h,1424
17sj,h,3g7
17sk,h,gfc
17sl,h,16sr
17sn,s,1dh1
17so,h,11k5
17sp,h,132u
17sq,s,1flz
17sr,h,u0p
17sv,h,yij
17sw,h,18zx
17sx,h,jue
17sy,h,1bks
17sz,h,1cwc
17t0,m,fzt
17t2,h,ihe
17t2,m,14ba
17t2,m,16v4
17t2,m,17sz
17t2,m,42
17t3,h,h0u
17t4,h,9e5
17t5,h,1jd0
17t6,h,acp
17t7,h,18z1
17t8,h,mav
17t9,h,86o
17ta,h,mmj
17tb,h,fkl
17td,h,kn2
17te,h,14a
17tg,h,1b2u
17th,s,znu
17ti,h,18qi
17tk,h,1gnv
17tl,h,u8e
17tm,h,1fon
17tn,h,tn5
17tp,h,dn4
17tq,h,19f3
17tr,h,1gnv
17ts,h,1ggf
17tt,h,4pg
17tu,h,4pe
17tv,h,xdt
17tw,h,1gg6
17tx,h,lgi
17ty,h,4u4
17tz,h,13ue
17u0,h,qam
17u1,h,z4p
17u2,h,htc
17u3,h,8d3
17u4,h,10vt
17u5,h,1dk6
17u6,h,1g6u
17u7,h,xds
17u8,h,f4w
17u9,h,182r
17ua,h,10vk
17ub,h,t2e
17uc,h,l5e
17ud,h,ce
17ue,h,17ts
17uf,h,1gg6
17ug,h,flm
17uh,h,17ti
17ui,h,br6
17uj,h,4pe
17uk,h,hqe
17ul,h,tb9
17um,h,fh4
17un,h,1j2h
17uo,s,1hh3
17up,h,d0p
17uq,h,944
17ur,h,d0p
17ut,h,1ggj
17uu,h,w57
17uv,h,3e6
17uw,h,17rs
17ux,h,ews
17uy,h,rpt
17uz,s,na9
17uz,s,rwn
17v2,h,zib
17v3,h,ql
17v4,s,bu6
17v5,s,lgu
17v6,h,hc5
17v8,h,9qx
17v9,h,12e0
17vc,m,19as
17vd,h,qrd
17ve,h,19e4
17vf,h,6p8
17vg,s,16b
17vg,s,cnp
17vg,s,2qb
17vg,s,cho
17vg,s,15u
17vg,s,on2
17vi,h,vz
17vj,h,1g8v
17vj,h,949
17vq,h,v5f
17vr,h,khp
17vu,h,zwl
17vv,h,17tj
17vw,s,pbd
17vx,h,1gg6
17vy,h,36n
17vz,h,1ii3
17w0,h,im
17w1,h,17ts
17w3,h,46c
17w4,h,wd8
17w5,h,11k5
17w6,h,7wi
17w8,s,1kji
17wh,h,orx
17wi,s,9of
17wj,m,xl7
17wk,m,99f
17wk,m,11hs
17wk,m,ygy
17wk,m,1jbo
17wk,m,1jbp
17wk,m,17lm
17wk,m,1h6p
17wk,m,1cag
17wk,m,3bq
17wk,m,1ih8
17wk,m,x9d
17wk,m,sah
17wk,m,1ja0
17wk,m,y9w
17wk,m,9c2
17wk,m,1a7q
17wk,m,xk7
17wk,m,g59
17wk,m,yto
17wk,m,ytk
17wk,m,1ui
17wm,h,xx5
17wn,h,1as9
17wo,h,1a64
17ws,h,cb1
17ws,h,1089
17wt,h,lhs
17wu,s,9of
17wv,h,108c
17ww,s,17xh
17wx,h,ayp
17wy,h,16nz
17wz,h,4a5
17x0,h,15m1
17x1,h,91u
17x2,h,bc2
17x3,h,bqe
17x4,h,16vm
17x5,h,1dzr
17x6,h,4a9
17x7,h,3tq
17x8,h,bc2
17x9,h,3tn
17xa,h,yij
17xb,h,1bks
17xc,h,1clp
17xd,h,18v3
17xe,h,1fc0
17xf,h,t0c
17xh,s,17ww
17xi,h,n1f
17xj,h,17p7
17xk,h,4pe
17xl,m,17rf
17xm,h,1h0v
17xn,m,17xm
17xo,m,1kz5
17xo,m,17xl
17xs,h,w63
17xw,h,9c7
17xy,h,wiu
17y1,s,lj4
17y2,m,skj
17y2,m,sft
17y2,m,1h22
17y2,m,pcj
17y2,m,17y4
17y4,h,10m
17y5,h,mq3
17y6,h,8vp
17y6,m,17y5
17y7,h,1k3n
17y8,h,tjc
17y9,h,wf6
17yd,h,p1o
17ye,h,37e
17yk,h,tb7
17ym,h,5bg
17yo,h,sfx
17yp,h,139c
17yu,h,ro6
17yv,h,71h
17yw,h,li9
17yx,h,18jz
17yy,h,vfz
17yz,s,g0
17z0,h,1a0a
17z1,h,esq
17z2,h,fnj
17z3,h,esn
17z4,h,rnm
17z5,h,df9
17z6,h,8pd
17z9,h,1e3i
17zb,m,1dn7
17zd,h,17z6
17zf,h,12s6
17zh,h,429
17zi,h,429
17zl,h,rpy
17zm,h,12l3
17zn,h,1egc
17zo,h,hol
17zp,h,1gq2
17zq,h,ls6
17zr,h,j2h
17zs,h,j2h
17zu,s,17zy
17zy,s,16by
17zy,s,ywg
17zy,s,qxh
17zy,s,17zu
17zy,s,16z5
17zy,s,qi7
17zy,s,fy2
17zy,s,rer
17zy,s,1ecx
17zz,s,1ko7
1800,s,e4l
1801,h,opa
1802,h,11l0
1803,h,uf1
1804,h,sgh
1806,h,16at
1807,h,sfx
1808,h,198n
1809,h,z87
180c,h,65p
180d,s,5kg
180d,s,vx0
180d,s,1g7v
180d,s,11b2
180d,s,g2o
180d,s,1g7z
180e,s,1bjj
180g,h,xz
180h,h,jlf
180i,h,18zx
180i,m,12wa
180i,m,1cub
180i,m,7zl
180j,h,deu
180m,h,3g4
180n,h,7as
180o,h,ozx
180q,h,10va
180r,h,429
180s,h,1cym
180u,s,7at
180v,h,uz6
180w,h,1km7
180x,h,rwq
180z,h,oja
1811,h,11m3
1815,h,jlr
1816,h,1ht7
1817,h,1810
1817,h,vhu
1819,h,10vb
181a,h,1d8o
181b,s,181g
181b,s,17bm
181d,h,1d8o
181e,h,da1
181f,s,1h9s
181g,s,181b
181h,h,1fc0
181i,h,146u
181j,h,ia0
181k,h,162w
181m,h,949
181n,h,bc2
181o,h,2sg
181p,h,18qi
181q,h,v5e
181r,h,1578
181s,h,166o
181s,h,1ioa
181t,h,oav
181u,h,cyj
181u,m,181v
181v,h,kaq
181w,h,emw
181x,h,1aif
181y,h,1aif
1820,s,12rv
1821,h,1kfg
1822,h,w1h
1823,h,oaw
1824,h,oav
1825,s,1kfj
1826,s,9of
182b,s,w4d
182d,h,11k5
182h,h,1chb
182i,h,7l5
182j,m,1guo
182m,h,ifo
182n,h,28w
182o,m,15yf
182p,h,1d96
182q,h,1gg9
182r,h,5zn
182s,m,8to
182t,h,j2h
182v,h,18pl
182w,h,1jpf
182x,h,ekp
182y,h,z8o
182z,h,uz6
1831,h,mc8
1833,h,oav
1834,h,ebd
1836,h,n3b
1836,m,1834
1837,h,132u
1838,h,mka
183b,h,52l
183c,h,1cf
183d,h,14m6
183f,h,6f7
183g,h,186j
183h,h,14te
183i,s,vdk
183i,s,vdl
183j,h,fkh
183k,h,oav
183m,h,1a64
183n,h,1tg
183q,h,18es
183s,h,1kni
183t,h,198v
183u,h,198v
183v,h,z3k
183x,h,165
1842,h,1415
1843,h,1847
1844,h,1847
1845,h,1847
1846,h,1ann
1847,h,hn0
1848,h,l3j
1849,m,mb7
184a,h,ymz
184a,h,185n
184b,h,140j
184d,h,13zk
184e,s,q6l
184h,s,1869
184l,h,qdg
184m,h,192j
184p,h,cla
184q,h,192i
184r,m,184u
184r,m,1kap
184r,m,zt8
184t,h,o7d
184u,h,1kap
184v,s,1htf
184w,h,fgl
184x,h,1ivm
184y,h,183j
184z,h,156k
1851,h,1859
1851,m,1853
1853,h,k3m
1855,h,15dh
1856,h,15dh
1857,h,hxm
185a,m,1873
185a,m,1859
185a,m,ze8
185a,m,1850
185a,m,1851
185d,h,lnn
185e,h,1a1g
185f,h,u51
185g,h,1gxx
185h,h,32
185i,h,bc1
185j,h,17jw
185k,h,oav
185k,m,185j
185n,h,b5l
185o,h,kaq
185p,h,1eon
185q,s,19rn
185r,h,18zj
185s,h,1c62
185t,h,1bwf
185u,h,13ku
185v,h,194j
185w,h,xxy
185x,h,xnw
185y,h,1a64
185z,s,13kw
1860,h,13ky
1861,h,w28
1862,h,cnq
1863,h,iwk
1864,h,143k
1865,h,18zu
1866,h,4k2
1867,h,12bo
1868,h,1a64
1869,s,6ij
1869,s,184h
186a,s,1ep7
186b,s,1k6i
186c,h,o06
186d,h,p3i
186e,h,zho
186f,h,18mw
186g,h,15qk
186h,h,mxv
186i,h,mxv
186j,h,mxq
186k,h,13ax
186l,h,1b0c
186m,h,mxq
186n,h,mxq
186r,h,axy
186r,h,143j
186s,h,16m9
186t,h,16m9
186u,h,16ma
186v,h,luh
186w,s,18ff
186x,h,16md
186y,h,vre
186z,h,181n
1870,h,16m9
1871,h,15x0
1872,h,vu4
1873,m,93v
1874,h,1ggy
1877,h,zwl
1878,h,9av
1879,h,1grj
187b,h,fn
187d,h,rno
187e,h,w63
187i,h,7vr
187j,h,doi
187k,h,e5t
187l,m,hbv
187m,s,ply
187m,s,10c
187n,s,plx
187n,s,b16
187n,s,1eab
187n,s,otf
187n,s,gtb
187n,s,zev
187o,s,1he7
187p,h,14te
187r,h,j2h
187s,h,ro6
187t,m,2fz
187u,m,1qy
187u,m,187t
187u,m,187w
187w,h,12v1
187x,h,1iik
187y,h,17wm
187z,h,1c06
1880,h,1ih7
1881,h,1anl
1882,h,ikh
1884,h,br3
1885,h,fux
1886,h,39r
1887,h,hk2
1888,h,9kk
1889,h,vrx
188b,h,dho
188e,h,1jm4
188f,h,yhb
188f,m,188e
188h,h,p1f
188l,h,phs
188m,h,2ml
188o,h,3nr
188p,h,hn6
188q,h,2mm
188r,s,ho5
188s,h,128f
188t,h,16wa
188u,h,1bch
188w,h,1a0a
188x,h,1kiy
188y,h,429
188z,h,1kqx
1890,h,olj
1891,h,wol
1892,h,1d49
1893,h,dzu
1894,h,4ad
1895,h,nac
1896,h,1b22
1897,h,wwz
1898,h,12gl
1899,h,189f
189a,h,1foy
189b,h,315
189d,h,hfu
189e,h,1b22
189g,h,1267
189i,m,6n5
189j,h,zp8
189k,h,qvh
189l,s,uj8
189o,h,gj9
189r,m,5uj
189s,h,15uo
189t,s,zks
189u,h,cf2
189v,h,oav
189w,s,pf3
189y,h,a21
189z,h,a1p
18a0,h,91u
18a3,h,4wp
18a3,h,oja
18a4,h,kp1
18a5,h,11w
18a6,h,qdn
18a9,h,1aj7
18aa,h,1aj6
18af,h,1bfj
18ag,h,8oy
18ai,s,1kfj
18ak,h,1gi7
18al,m,18am
18ao,m,1b8s
18ap,h,9c9
18aq,h,meq
18au,s,1742
18av,h,cca
18aw,h,rwr
18ax,s,9of
18b0,s,s49
18b2,h,gyn
18b3,h,zou
18b5,s,ob6
18b6,h,1kjn
18b7,h,1kiy
18ba,h,doo
18bb,h,yiw
18bc,h,2oe
18bd,h,xmz
18bg,h,1fat
18bk,h,1kgc
18bl,s,18c3
18bl,s,18e3
18bl,s,cb3
18bl,s,5lg
18bl,s,18db
18bl,s,4d5
18bo,h,vyq
18bp,h,7w2
18bq,h,196r
18bs,h,aiq
18bv,h,8z5
18c1,h,ro6
18c2,h,ro7
18c3,s,18bl
18c4,h,zg2
18c6,h,ghb
18c8,h,1ap4
18c9,m,pax
18ca,h,1j4e
18cg,h,l30
18ci,h,fkh
18cj,m,18ck
18cj,m,164c
18cl,h,55p
18cm,h,1691
18cn,h,27m
18co,h,28w
18cp,h,t5i
18cp,m,18cq
18cq,h,kaq
18cu,h,ffw
18cv,h,42n
18cw,h,j2h
18cx,h,i5c
18cy,h,kod
18d0,s,zx2
18d1,h,17y
18d2,s,18d3
18d3,s,rr9
18d3,s,18d2
18d4,h,br3
18d5,h,mtq
18d6,h,j2h
18d8,h,1kiy
18d9,h,1gi7
18da,s,6tt
18db,s,18bl
18dd,h,p9a
18de,h,176s
18df,h,btd
18dg,h,113h
18dh,h,91n
18dj,s,oo
18dj,s,10wo
18dj,s,1gc
18dj,s,1787
18dj,s,1lm
18dj,s,av0
18dj,s,c3b
18dk,s,mk7
18dl,s,bt7
18dm,h,vvq
18do,h,mnr
18dp,h,v4m
18dp,m,18dq
18dq,h,v4q
18dr,h,91u
18du,s,r21
18dv,h,jwu
18dw,h,bc2
18dy,h,1jw1
18e1,h,jps
18e2,m,hm8
18e3,s,18bl
18e4,h,11m3
18e7,h,bc1
18e8,h,in
18e9,h,18zj
18ea,h,91u
18eb,h,10hi
18eb,m,nko
18ec,h,kai
18ee,h,2oe
18eg,h,fkh
18eh,h,fkh
18ei,h,1ed
18el,h,lmc
18em,h,1168
18en,m,18ep
18er,h,1eve
18es,h,vs1
18et,h,fkh
18eu,s,c1l
18ev,h,ldo
18ex,h,13q0
18ey,h,36n
18ez,h,smf
18f1,h,jou
18f2,h,mtb
18f5,h,gf1
18f7,h,7n5
18f8,h,13nr
18f9,h,say
18fd,h,13no
18fe,h,1bvb
18ff,s,186w
18ff,s,5r0
18ff,s,16mc
18ff,s,15bt
18ff,s,15bu
18fh,h,107o
18fi,s,1fgz
18fj,h,lgw
18fk,h,bs4
18fl,h,527
18fn,h,1edw
18fo,h,1eou
18fp,h,18zj
18fr,h,oav
18fs,h,oav
18ft,h,oaw
18fu,h,dm3
18fx,h,11fm
18fy,h,l78
18fz,m,18g8
18fz,m,1fyb
18g0,h,df9
18g2,h,1kiy
18g3,s,1a27
18g4,h,15gw
18g5,h,pfg
18g6,h,l30
18g7,h,139c
18g8,h,19hg
18g9,h,srl
18ge,m,18gf
18gf,h,oav
18gh,h,ifo
18gj,h,xmc
18gk,h,zjq
18gl,h,bzz
18gm,h,iw5
18go,h,15pv
18gp,h,15i9
18gs,h,1bub
18gt,h,1klm
18gv,h,nzx
18gw,h,19tm
18gx,s,17mx
18gy,h,qkl
18gz,h,ki1
18h0,h,swy
18h1,s,fd0
18h3,h,12e0
18h4,h,2yi
18h5,h,ooc
18h6,h,1ebe
18h6,m,18h4
18h7,h,14tk
18h8,s,32u
18hb,h,1iq5
18hd,h,7cc
18he,h,7ce
18hf,h,13ue
18hg,h,o1u
18hh,h,7co
18hi,h,1cfl
18hk,h,1442
18hl,h,t90
18hm,h,5jb
18hn,m,yrs
18hp,h,qdz
18hq,h,cl2
18hr,h,vrt
18hs,h,wu2
18ht,h,1egc
18hu,h,15hc
18hv,h,a5s
18hw,h,16ed
18hx,h,14tr
18hy,h,1alu
18hz,s,2wr
18i0,s,1hax
18i4,h,zn8
18i5,h,vrx
18i6,h,a5r
18i7,h,ddf
18i8,h,19vd
18i9,h,5ko
18i9,m,18i8
18ia,h,e3g
18ib,h,c1f
18ic,h,opl
18id,h,k3o
18ie,h,19qu
18if,h,1ao7
18ig,h,198n
18ih,h,16ed
18ij,h,1bu8
18ik,s,2ws
18il,h,1e4n
18im,h,11ff
18in,h,ntf
18io,h,ika
18ip,h,11xo
18iq,h,ikd
18ir,h,ikd
18is,h,18z1
18it,h,bg5
18iu,h,xds
18iv,h,e1t
18iw,h,mmj
18ix,h,1gr5
18iy,h,qzu
18iz,s,19bq
18j2,m,yq9
18j2,m,eia
18j2,m,1e2i
18j2,m,18j4
18j4,h,ifo
18j5,h,m32
18j6,h,w63
18j7,h,170c
18j9,h,fkj
18ja,h,ett
18jb,h,11t9
18jc,h,16km
18jd,h,w7j
18je,h,16sq
18jg,h,1ifv
18jh,h,1cdn
18ji,h,1j1x
18jj,h,16k9
18jk,h,8ay
18jl,h,65p
18jl,m,i2
18jn,h,jir
18jo,h,ls6
18jp,h,1e8c
18jq,h,e5x
18js,m,26n
18ju,s,1fmw
18ju,s,15cu
18jv,h,qzg
18jw,h,ji4
18jx,h,h7v
18jy,h,1b6
18jz,h,ls6
18k0,h,vkj
18k1,h,rzj
18k2,h,1jty
18k3,h,rzu
18k4,h,14ix
18k5,h,18qk
18k6,h,udp
18k7,h,15uo
18k8,h,brz
18k9,h,1eja
18ka,s,vd7
18kb,h,run
18kb,h,1aha
18kc,h,tb9
18kd,s,cxh
18kf,s,fd0
18kg,h,z1a
18ki,h,fuy
18kj,h,1c56
18kk,h,ffs
18kl,h,1bns
18km,h,1afe
18kn,s,fuw
18kp,h,xxy
18kq,h,1a4m
18kr,h,gpe
18ks,h,a1p
18kt,h,jky
18ku,h,16ed
18kw,h,239
18ky,h,18um
18kz,h,19k6
18l0,h,13hy
18l1,h,1kqf
18l2,h,17b8
18l3,h,2sg
18l4,h,q5m
18l5,h,11t0
18l7,m,1dew
18l8,h,1cc5
18l9,h,1j1r
18la,h,1cc9
18lc,s,4tk
18le,h,1b07
18lf,h,1b0a
18lh,s,z71
18lj,s,z70
18lk,h,167k
18ll,h,1cbo
18ln,h,ecx
18lo,h,u15
18lp,h,12af
18lq,h,12af
18lr,s,1662
18ls,h,nph
18lt,h,12bj
18lu,h,wiu
18lv,h,16jd
18lw,h,ezl
18ly,h,16jl
18lz,h,15xs
18m1,h,12j8
18m2,h,12af
18m3,h,12bh
18m5,h,xe6
18m7,m,n1t
18m8,h,fyh
18m9,h,17ve
18mc,m,18md
18md,h,kj5
18me,h,qkl
18me,h,qli
18mg,s,y8z
18mh,h,14cs
18mi,h,14cz
18mj,s,qu8
18ml,h,1afe
18mo,h,vov
18mq,h,rvq
18ms,h,u0p
18mt,h,1f2w
18mu,h,fkh
18mv,h,4wm
18mw,h,r18
18mx,h,1daj
18my,s,96
18my,s,67c
18my,s,i8b
18mz,h,178
18mz,h,13ss
18n2,h,11qp
18n5,h,1g7d
18n6,h,18mw
18n7,h,vbx
18n9,m,18nv
18n9,m,1cbm
18na,h,75x
18na,m,a07
18nb,h,h5z
18nc,h,60z
18nd,h,1fon
18nf,m,k3l
18ng,h,h5t
18nh,h,1e4c
18ni,h,38h
18nj,h,1f1p
18nk,h,429
18nl,h,18nm
18nl,h,v0m
18nm,h,1kxs
18no,h,jn4
18np,h,1eru
18nq,h,1g8r
18nr,h,18nv
18ns,h,h67
18nt,h,1b4c
18nu,h,h5
18nv,h,1ers
18nw,h,1ktj
18nx,h,mav
18o0,h,knp
18o2,h,k3m
18o7,h,1an8
18o8,h,12r3
18o8,m,m3n
18o9,h,1jdw
18od,h,y7x
18oe,h,fg0
18oh,s,1etx
18oj,h,11k5
18ok,h,16bs
18om,h,8ou
18on,h,10ta
18oo,h,hlj
18op,h,kjb
18oq,s,r1i
18or,h,tr9
18os,h,6u7
18ot,h,kih
18ou,h,epa
18ox,h,df1
18oy,h,df9
18oz,m,5nc
18p3,h,1bz
18p6,m,gys
18p7,h,1104
18pa,h,lhs
18pc,h,xow
18pd,h,fn2
18pe,h,h10
18pg,h,cvw
18pk,m,aye
18pk,m,9pk
18pm,h,19vg
18pm,h,19vf
18pn,h,gz6
18pn,h,kya
18po,h,tra
18pp,h,6ie
18ps,h,b7n
18pt,h,1a43
18pu,h,std
18pv,h,16ed
18px,h,ixs
18pz,h,1fz
18q0,h,7cc
18q2,h,1ccs
18q3,h,7ch
18q4,h,7cf
18q5,h,goi
18q6,s,esk
18q8,h,olc
18qa,s,p2a
18qc,h,yvk
18qc,m,12ol
18qd,h,19j8
18qe,h,15l6
18qf,h,j48
18qg,h,dyf
18qh,h,q60
18qi,h,1dka
18qj,h,lm0
18qk,h,yro
18ql,h,15sg
18qm,h,b4z
18qn,h,fs
18qo,h,5z1
18qo,h,1abr
18qp,h,z8t
18qq,s,1ia0
18qr,h,12g2
18qs,h,ukq
18qt,h,11k5
18qv,h,2ou
18qw,h,ki1
18qx,m,28j
18qz,h,ifo
18r0,h,1k3n
18r1,h,18qk
18r2,h,1f2w
18r4,m,19w7
18r4,m,uib
18r4,m,act
18r4,m,kxp
18r4,m,d93
18r4,m,mat
18r4,m,7oq
18r4,m,ohl
18r4,m,9e1
18r4,m,lo9
18r4,m,25
18r4,m,o42
18r4,m,18qz
18r7,h,18qz
18rd,h,huc
18re,h,p3i
18rf,h,1fzp
18rg,h,18yz
18rh,h,17q1
18ri,h,a1z
18rj,h,1ggj
18rk,h,1k2n
18rl,h,14ja
18rm,h,18yu
18ro,h,jn4
18ro,h,v0m
18rp,h,15tg
18rq,h,it9
18rr,h,z20
18rs,h,15rt
18rt,h,t8s
18ru,h,5zm
18rv,h,4ei
18rw,h,lci
18ry,s,1kji
18s1,s,1ibd
18s2,s,1fc9
18s3,h,tb9
18s4,h,1d9d
18s5,h,1gg6
18s6,h,fno
18s7,h,91u
18s8,s,fnw
18s9,h,xea
18sc,h,11y4
18sd,h,bzf
18se,h,1c2
18sf,h,yij
18sg,h,6f7
18sh,h,17q1
18si,h,uya
18sj,h,6fc
18sk,h,17hd
18sn,h,l26
18so,h,asv
18sp,h,u5y
18sp,h,fkh
18sq,s,13s
18sr,h,17ca
18ss,h,nke
18st,h,5qf
18su,h,q5x
18sv,h,8eg
18sw,h,1kly
18sx,h,11k5
18sy,h,ews
18sz,h,1kqg
18t0,s,ql4
18t1,s,ogp
18t2,h,d4n
18t3,h,uz3
18t4,h,nyt
18t5,h,1jpz
18t6,s,r20
18t7,s,19bq
18t9,h,yij
18ta,h,nnn
18tb,h,1kqj
18tc,h,1d78
18td,h,1dwu
18te,h,fpg
18te,m,ksq
18tf,h,cl3
18tg,h,1478
18th,h,10tw
18ti,h,99o
18tj,h,1wq
18tk,h,9m3
18tl,h,1a4e
18tm,h,z2o
18tn,h,g65
18tn,m,18tg
18to,h,n5s
18tp,h,fpf
18tq,h,j2h
18tr,h,1f4u
18ts,h,18um
18tu,s,qu8
18tw,h,1439
18tx,h,jf3
18tx,m,18u2
18tx,m,nxw
18ty,h,171e
18tz,h,171e
18u0,h,1fmz
18u1,h,w4u
18u2,h,1745
18u3,h,126k
18u5,h,agw
18u6,h,nlj
18u7,h,gg6
18u8,h,1kq8
18u9,h,1kqb
18ub,h,s1x
18uc,h,18qk
18ud,h,3ts
18ue,h,j2h
18uf,h,ioe
18ug,h,1679
18uh,h,18fb
18ui,h,8ek
18uj,h,193z
18un,h,zsd
18uo,h,1kq7
18uq,h,17jj
18ut,h,ahf
18uu,h,1gvd
18uv,s,pow
18uw,s,pt2
18ux,s,1h6v
18uy,h,v9d
18uz,h,xdv
18v0,m,8hl
18v0,m,9bx
18v0,m,tw5
18v0,m,2d2
18v0,m,11b5
18v0,m,1iwl
18v2,h,1380
18v2,m,15cg
18v3,h,pai
18v4,h,1it1
18v5,h,a21
18v6,s,1hv2
18v7,h,17q1
18v8,h,1jmm
18v9,h,71h
18va,s,a18
18vb,h,1klm
18vc,h,14lb
18vd,h,chq
18ve,s,1kmx
18vf,h,4xa
18vg,h,yij
18vh,m,mq1
18vi,h,2e5
18vj,h,13r0
18vk,h,odu
18vl,h,lk3
18vm,h,1kir
18vn,s,16bz
18vp,h,ou5
18vq,h,ikg
18vr,h,ucd
18vs,h,15i8
18vt,h,1buk
18vu,h,182r
18vv,h,17q0
18vw,h,1a6l
18vx,h,1jtv
18vy,h,18su
18vz,h,sf6
18w0,h,onb
18w1,h,bt1
18w2,h,yyq
18w3,h,yyq
18w4,h,19uy
18w5,h,17pg
18w6,h,yys
18w7,h,17jj
18w8,h,17pl
18w9,h,19hl
18wb,h,19qt
18wc,h,8ef
18wd,h,31s
18wf,h,18wd
18wi,h,2zw
18wj,h,jwz
18wk,h,m4g
18wl,s,fcz
18wm,h,fmi
18wo,h,1305
18wo,m,1304
18wp,h,1305
18wp,m,18wn
18wq,h,gdx
18wr,h,xkr
18ws,h,5jb
18wu,h,8j
18wv,h,17ts
18wx,h,1ef7
18x0,h,bs4
18x2,h,9zg
18x2,m,18x3
18x3,h,ai3
18x5,h,xei
18x7,h,yiw
18x8,h,rh3
18x9,h,61a
18x9,m,qs1
18x9,m,n8i
18x9,m,4on
18xb,h,16so
18xc,h,29k
18xe,m,6po
18xj,h,ltt
18xk,m,1c9s
18xl,h,sbo
18xm,h,190j
18xo,h,9c7
18xp,h,hn4
18xp,m,1cn3
18xq,h,kp4
18xr,h,1jq0
18xr,m,18ys
18xs,h,190j
18xt,h,124q
18xu,h,ewv
18xv,h,li9
18xw,h,1cee
18xx,h,aem
18xy,h,jf3
18xz,h,123k
18y0,h,a96
18y1,h,a9i
18y2,h,e0k
18y3,h,z4
18y4,h,pai
18y7,s,1i20
18y8,s,b7r
18y9,s,rki
18ya,s,1128
18yb,s,cl0
18yc,h,z8s
18yd,h,jf3
18ye,h,ls6
18yf,h,rzu
18yg,h,1d2i
18yh,h,rzj
18yj,h,1ann
18yk,s,18yo
18yk,s,19lz
18yl,s,6wo
18ym,s,1b1x
18yn,s,ajk
18yo,s,18yk
18yp,s,fqs
18yq,h,vvy
18yr,h,19e
18ys,h,130p
18ys,m,fzv
18ys,m,sxj
18ys,m,1yf
18yt,h,o1u
18yu,h,kh
18yv,h,re9
18yw,h,zie
18yy,h,ika
18z0,h,ikd
18z1,h,ikd
18z2,h,z8s
18z4,s,r1i
18z5,s,iuh
18z7,h,tra
18z8,s,c1l
18z9,s,cxh
18za,h,18l9
18zb,h,10dd
18zc,h,19v0
18zd,h,1a1u
18zd,m,ktp
18zf,h,18zd
18zg,h,1fon
18zh,h,1fon
18zi,h,1fon
18zk,h,1g3n
18zm,h,1fp8
18zq,h,1klm
18zs,s,db8
18zt,s,ist
18zv,h,1bo2
18zw,h,liv
18zw,m,18zx
18zw,m,1if8
18zx,h,1dv4
18zy,h,8t4
18zz,h,u7f
1901,h,10sf
1903,h,14nw
1904,h,by
1905,h,1duw
1906,h,1duw
1907,h,14nw
1908,h,14nw
190b,h,17jk
190b,m,18zw
190c,h,19i4
190e,h,fc5
190g,s,ae4
190h,h,1jou
190i,h,sye
190j,h,1dw
190k,h,1bl5
190m,h,djr
190p,h,192j
190q,s,go4
190r,m,17y6
190v,h,19dy
190w,h,18nc
190y,h,19e9
190z,h,g0s
1910,h,vz
1911,h,114s
1912,h,rm5
1913,h,19e6
1914,h,13es
1915,h,11k5
1917,m,wgt
1918,h,15bb
191a,h,3hd
191b,h,16a
191d,s,znp
191e,h,1dv6
191f,h,1gau
191g,h,132x
191i,h,lw6
191j,h,o7u
191l,s,3q7
191l,s,1j1c
191l,s,qew
191l,s,1cfz
191l,s,1ikd
191l,s,amv
191l,s,1m8
191l,s,1gku
191l,s,191u
191m,h,kwc
191m,m,3xo
191n,s,q5o
191o,s,wkp
191p,s,1dh0
191q,h,ak6
191r,h,18n9
191s,h,1dvb
191u,s,191l
191v,s,zb6
191w,h,15lq
191x,h,10sk
191z,h,qno
1920,h,qno
1921,s,b7r
1922,s,cl6
1923,s,rfx
1924,s,cl6
1925,s,a00
1926,h,12n
192b,h,nxg
192c,h,38x
192d,h,er9
192e,h,132u
192f,h,j11
192g,h,ofv
192j,h,u0f
192o,h,16bs
192o,m,by5
192q,s,eif
192r,h,5c3
192s,h,xup
192t,h,xlw
192t,h,1kqj
192u,h,1atw
192v,h,2sg
192w,h,10sf
192x,h,1es3
192z,h,2sk
1930,h,9zc
1933,h,196r
1935,h,liv
1936,s,fxp
1937,s,1f33
1938,h,10t1
1939,m,2q5
193b,h,35m
193d,h,1g6f
193i,h,g0s
193j,h,vz
193k,h,91n
193l,h,1gat
193m,h,924
193o,s,k2n
193o,s,3ag
193o,s,1dwi
193p,s,1fmx
193p,s,1cli
193q,h,n5o
193w,h,181n
193x,h,381
193y,h,jih
193z,h,tdt
1941,h,ek5
1942,h,n5l
1943,h,13c7
1944,h,cf2
1947,h,84i
1948,h,u36
1949,s,e3n
194a,h,xy
194c,h,19gt
194e,h,qn
194f,h,vua
194g,s,q2s
194h,h,1dud
194j,h,vnm
194k,h,1aks
194l,h,19ka
194n,h,wnw
194o,h,11l8
194p,h,hy8
194r,h,tn4
194s,h,hy9
194t,h,1dka
194u,s,cbf
194u,s,1et5
194u,s,qvy
194u,s,1jc
194w,h,194q
194y,h,oav
194z,h,18zy
1950,h,11d6
1951,h,1fct
1952,h,1ix7
1953,h,1j7x
1954,h,1j7x
1955,h,15nu
1956,h,1950
1957,h,bmz
1958,h,eth
1959,h,ce
195a,h,56y
195b,h,lcy
195b,m,scv
195c,h,1078
195c,m,1f46
195c,m,11g6
195c,m,hs3
195d,h,1bxf
195e,h,jy7
195f,h,4r8
195g,h,15e0
195h,h,13ue
195i,h,qt0
195j,h,16ed
195k,h,d4d
195l,h,4uc
195n,s,195v
195o,s,1961
195p,s,1961
195q,s,12c6
195r,h,12g2
195s,h,11k5
195v,s,195n
195w,h,158g
195y,h,1g76
195z,h,11p3
1960,h,18zg
1961,s,195o
1961,s,195p
1964,s,1aam
1965,h,xe4
1966,h,er6
1967,h,1gg6
1968,h,16lo
1969,h,11k5
196a,h,13zf
196b,h,3h4
196c,h,5rl
196d,h,4pe
196e,h,2ii
196f,h,144u
196g,h,17tv
196h,h,khp
196i,h,11d9
196j,h,j2h
196k,h,12gl
196l,h,xdt
196m,h,4pe
196n,h,kln
196o,h,9qu
196p,s,14e
196r,h,10sg
196s,h,19e0
196t,h,19e0
196u,s,fxp
196w,h,11k5
196x,h,fiq
196y,h,19e0
196z,h,rm5
1970,s,19dt
1970,s,19fd
1970,s,1k4m
1970,s,rma
1972,h,1b9n
1973,h,19e6
1974,h,5c3
1975,h,10vw
1976,h,buc
1978,h,1jre
1979,h,mav
197a,h,ibg
197b,h,jkp
197c,h,132u
197e,h,k40
197f,h,k3o
197g,s,1i9b
197h,h,msd
197k,h,m1r
197l,h,m1s
197m,h,1eg5
197n,h,1eg5
197o,h,ow7
197p,h,106o
197r,h,3go
197s,h,2mg
197u,s,hc1
197v,h,39r
197w,h,2ba
197x,s,fis
197y,s,ims
1981,h,143k
1983,h,1e5i
1983,m,1ker
1986,h,9c7
1986,h,2c8
1988,h,his
1989,h,16p9
198a,s,dp1
198b,h,uqz
198c,h,b82
198e,h,blp
198f,h,11k5
198g,s,h93
198h,h,1ctd
198i,h,c2o
198k,h,gvy
198m,h,183u
198n,h,ilu
198o,h,4pe
198p,h,11l8
198q,h,1dy8
198r,h,4pe
198s,h,4pe
198t,h,w28
198v,h,awn
198w,h,1gh0
198y,h,1ebe
1990,h,69l
1991,h,h4r
1994,h,tyk
1995,h,vr3
1996,h,2hv
1997,h,1ab6
1998,h,azc
1999,h,2im
199a,h,u0f
199a,m,1bvi
199b,h,18nj
199c,h,1fon
199d,s,11gr
199f,s,2nv
199g,s,go0
199h,s,3oz
199i,h,1263
199k,s,ddi
199l,h,14ir
199m,s,bd5
199n,h,bd7
199o,h,bd9
199p,s,bll
199r,s,et1
199s,h,vkx
199t,h,17ca
199u,s,kvo
199v,h,19gd
199x,s,11gr
199z,h,be6
19a0,h,cij
19a1,h,1daj
19a7,h,86h
19a8,s,z8q
19ab,s,11i3
19ac,s,1inr
19ad,s,13s8
19ae,h,13x3
19af,s,1i8o
19ag,s,1be1
19ai,h,1k4a
19al,h,r8s
19am,h,1g8a
19an,h,11rp
19ao,h,19gd
19aq,s,11gr
19ar,h,khg
19as,h,l1n
19at,h,tew
19au,h,tev
19aw,h,xds
19ax,h,1gdh
19ay,h,1gav
19az,h,1dzg
19b0,h,azp
19b1,h,8o9
19b3,h,rip
19b4,h,rio
19b6,m,n37
19b6,m,156o
19b6,m,7hc
19b7,m,dmh
19b7,m,19b9
19b9,h,10m
19ba,h,evv
19bb,h,v3k
19bc,h,zbn
19bd,s,hbx
19bd,s,15bn
19bd,s,13cj
19bd,s,uxu
19be,h,1hkk
19bf,s,t21
19bg,h,191r
19bi,h,1a64
19bj,h,1fs7
19bk,h,1fs7
19bl,h,1fs7
19bm,s,19dc
19bn,h,11dh
19bo,h,1cu1
19bp,h,imh
19bq,s,18iz
19bq,s,umf
19bq,s,18t7
19bs,h,w52
19bt,h,s1u
19bu,h,14e6
19bw,h,3ss
19bx,h,vr2
19by,h,j4x
19bz,h,2la
19c0,h,eth
19c1,h,1hlo
19c2,h,zoc
19c2,m,10ky
19c3,s,etk
19c5,h,blp
19c6,h,19ci
19c8,s,11dd
19c9,s,3sr
19cb,s,ecs
19cb,s,im8
19cb,s,tr0
19cb,s,yhk
19cb,s,i7f
19cb,s,15hz
19cb,s,1554
19cb,s,rko
19cc,s,p6k
19cc,s,105a
19cc,s,1fq
19cd,s,10cn
19ce,s,a00
19cg,h,19by
19ci,h,jlr
19cj,h,1dz6
19ck,h,2q
19cl,h,19cj
19cm,h,13ud
19cn,h,91u
19cp,h,91u
19cq,h,91u
19cr,h,jv
19cs,h,ptk
19cw,h,y6e
19cx,s,p2b
19cz,h,11k5
19d0,h,19mx
19d2,s,xg
19d4,h,19c6
19d7,m,bpl
19d7,m,a0h
19d8,h,e21
19da,s,13n1
19db,h,23p
19dc,s,19bm
19dd,s,bll
19de,h,jlr
19df,s,1eyn
19dg,h,in
19dh,h,kx9
19di,h,vov
19dj,h,11k5
19dk,h,19de
19dl,h,wpk
19dm,h,91u
19dq,h,fm9
19dr,s,fm0
19dr,s,fm7
19dr,s,3ck
19dr,s,1h99
19dr,s,fih
19dr,s,et2
19dr,s,2ev
19ds,h,ls6
19dt,s,1970
19dv,h,xds
19dz,h,xdt
19e0,h,91v
19e1,s,fuw
19e2,h,qck
19e3,h,1cj7
19e4,h,91l
19e5,h,1bjt
19e7,h,1bo2
19e8,h,16t2
19ea,h,19e6
19eb,h,fpy
19ec,h,vz
19ed,s,fma
19ee,s,fv3
19ef,h,rwq
19eg,h,11zo
19eh,m,dgx
19ei,h,qkl
19ek,m,w9z
19em,h,19j8
19en,h,lun
19eo,h,xm7
19ep,s,19er
19ep,s,fd3
19ep,s,5u
19ep,s,qkt
19ep,s,14n0
19er,s,19ep
19es,h,zbp
19ev,h,10ty
19ex,s,xhv
19ez,h,16t2
19f0,h,mt
19f1,h,3p
19f2,h,19gc
19f4,h,jwy
19f5,h,16h0
19f6,h,15e0
19f7,h,eue
19f8,h,2hv
19f9,h,nph
19fa,h,1eg7
19fb,h,91v
19fc,h,19dv
19fd,s,1970
19ff,h,1kq6
19fg,h,2mg
19fh,h,st
19fi,h,dj9
19fj,h,19t3
19fk,h,20m
19fm,m,sot
19fm,m,4z1
19fm,m,19fp
19fn,m,x3b
19fn,m,4z1
19fn,m,19fm
19fn,m,dpi
19fn,m,1kyh
19fp,h,1arz
19fq,h,1bh4
19fr,h,11ff
19fs,h,mkt
19ft,s,a2i
19fx,h,1ffx
19fy,h,65e
19fz,h,j2h
19g0,h,yk2
19g4,h,6wb
19g4,m,i30
19g5,s,3cw
19g6,h,14e5
19g7,h,2yb
19ga,h,xxy
19gb,h,13w4
19gc,h,zni
19gd,h,11gt
19gd,m,qxv
19gd,m,rnq
19ge,h,btg
19gf,h,bkk
19gg,h,n3b
19gh,h,12v3
19gi,h,twk
19gj,h,13rn
19gk,h,jye
19gm,h,aud
19gn,s,p9c
19go,s,1b95
19go,s,15je
19go,s,gyd
19go,s,mu6
19go,s,1ffg
19go,s,1bed
19gp,s,pyi
19gq,s,f4j
19gs,h,421
19gt,h,1g8v
19gu,h,4hb
19gv,h,nk
19gw,h,tc0
19gx,h,13br
19h2,h,vyq
19h5,h,k2c
19h6,h,c89
19h7,m,1b3j
19h8,s,ddi
19hb,s,17my
19hc,h,rri
19he,h,bc2
19hf,h,17pc
19hg,h,yrm
19hh,s,b0i
19hi,h,197w
19hj,h,u0f
19hk,h,1k99
19hl,h,1klm
19hn,h,1dmf
19ho,h,1kl0
19hp,h,h73
19hq,h,1493
19hr,h,1493
19hs,h,1kkz
19ht,h,kzh
19hu,h,1bva
19hv,h,o7k
19hw,h,edn
19hx,h,1kl0
19hy,h,c4i
19hz,h,xe0
19i0,h,12g2
19i1,h,b73
19i2,h,1ijy
19i3,h,1kkw
19i4,h,177
19i5,m,rf6
19i6,h,b0y
19i7,h,hn4
19i9,h,1ect
19ia,h,kh
19ib,h,edv
19ic,h,c5
19id,h,lgi
19ie,h,1gxh
19if,h,twu
19ig,h,1ik8
19ih,s,lgm
19ih,s,gtk
19ii,s,1ij9
19ij,s,139z
19il,h,hn4
19im,h,cie
19in,s,z1q
19in,s,698
19in,s,1asb
19io,s,1hs3
19ip,h,3hd
19iq,h,65e
19it,h,oav
19iu,h,65p
19iv,m,19it
19iw,h,tf9
19ix,h,1bk1
19iy,h,259
19j0,s,13n1
19j3,h,be7
19j4,h,vw0
19j6,h,1cgm
19j7,h,1d96
19j8,h,anb
19j8,m,1jcc
19j9,h,80
19ja,h,iod
19jc,h,1293
19jd,h,12ge
19jd,m,lpd
19jf,h,epi
19ji,s,gaa
19jj,h,t7c
19jk,h,91u
19jl,h,2yb
19jm,h,pz
19jn,h,1cc1
19jo,h,ep9
19jp,h,zql
19jq,h,14nw
19jr,h,7e5
19js,h,otw
19jt,h,im
19ju,h,haq
19jv,h,k5l
19jx,h,nem
19k2,h,18tx
19k3,h,18tx
19k4,h,1bba
19k6,h,hzx
19k7,h,hzw
19k8,h,132r
19k9,h,51d
19ka,h,14nw
19kb,h,b9w
19kd,h,1cas
19ke,h,4u4
19kf,h,75t
19kg,h,1cxv
19kh,h,2yb
19ki,h,ag
19kj,h,15v
19kk,h,2yc
19kl,h,91v
19km,h,1aig
19kn,h,bt1
19kp,s,k2k
19kp,s,euq
19kp,s,cj
19kp,s,eum
19kp,s,2kh
19kq,s,u7e
19kq,s,16cj
19kq,s,4iz
19kr,s,7rx
19ks,h,165
19kt,h,e1a
19kv,h,wd8
19kw,h,y3y
19kx,h,a4r
19ky,h,1ain
19kz,h,g5s
19l0,h,v7k
19l1,h,1c46
19l2,h,f5v
19l3,s,872
19l6,s,872
19l7,h,15bb
19l8,s,znp
19l9,h,15bb
19la,h,r8s
19lb,s,znp
19lc,h,dys
19le,h,15bb
19lf,s,znp
19lh,s,872
19li,h,19dv
19lj,s,1bgf
19lk,s,f3y
19ll,h,df1
19lm,s,r20
19ln,s,yl7
19lo,s,411
19lq,s,dem
19lr,h,1cpu
19lv,h,jey
19lw,h,jef
19lx,h,1jnx
19lz,s,18yk
19m0,h,gdx
19m2,h,nki
19m3,h,y2o
19m4,h,9zb
19m5,h,jlr
19m7,h,fu0
19m8,h,3iv
19m9,h,zbp
19ma,s,zb5
19mc,s,19mu
19md,s,19n3
19me,h,fit
19mf,s,13gy
19mj,m,eae
19mk,m,tub
19ml,h,xm7
19mn,h,19j8
19mo,h,lun
19mr,h,88n
19ms,s,xhv
19mu,s,19mc
19mu,s,1hwq
19mu,s,r8a
19mv,h,60s
19mw,h,194t
19mx,h,er3
19my,h,19mv
19my,m,qv4
19mz,h,19mv
19n0,h,91u
19n3,s,15fr
19n3,s,105b
19n3,s,c4z
19n3,s,2y1
19n3,s,i7n
19n3,s,uj4
19n3,s,149z
19n3,s,tbr
19n3,s,p2e
19n3,s,s4a
19n3,s,r9g
19n3,s,tcq
19n3,s,130c
19n3,s,zph
19n3,s,3of
19n3,s,t1l
19n3,s,19md
19n3,s,5wx
19n4,m,1j29
19n5,m,19n4
19n6,m,8ss
19n8,h,9mv
19na,h,e3i
19nd,h,qil
19ne,s,fky
19nf,h,16so
19ng,h,4ca
19nh,h,k3m
19nk,h,aq2
19nl,h,1478
19nm,h,ql8
19nn,h,16je
19no,h,10cw
19no,h,gfc
19np,h,18tm
19nq,h,91u
19nr,h,91v
19ns,s,xk6
19ns,s,19o9
19nt,s,nu1
19nu,h,1hz1
19nv,h,vdr
19nw,h,mov
19nx,h,19nj
19ny,h,ksa
19nz,h,15sw
19o0,h,13ju
19o1,h,koe
19o2,h,ko2
19o3,h,dqd
19o4,h,g4e
19o5,h,6gs
19o6,h,ioe
19o7,h,14my
19o8,s,qzc
19o9,s,19ns
19oa,h,twk
19ob,h,17fy
19oc,h,10w4
19od,h,1ifv
19oe,h,10vy
19of,h,i5a
19og,h,1ft4
19oh,h,1ek1
19oi,h,j2h
19ok,h,doi
19ol,h,ofn
19om,s,17mx
19on,h,1bni
19oo,h,vgi
19op,h,lzg
19oq,h,xdt
19os,h,1jsx
19ot,h,i9i
19ou,h,91u
19ov,h,m3s
19ox,h,qb
19oy,h,18yu
19oz,h,iyu
19p1,h,11k5
19p2,h,9ny
19p3,h,bs4
19p4,h,192o
19p4,m,19p2
19p7,h,18mw
19pa,h,qxp
19pb,h,14j
19pc,h,xal
19pe,s,1i9k
19pg,h,767
19ph,h,zf8
19ph,m,19pi
19ph,m,19pg
19pi,h,zf9
19pj,s,ks4
19pj,s,y69
19pk,s,tru
19pl,s,1ds5
19pm,h,91u
19pn,h,91v
19pp,h,en9
19pq,h,13oz
19pr,h,16br
19ps,h,16br
19pu,h,1jgu
19pv,h,fnq
19pw,h,jlr
19px,h,fku
19py,h,b22
19pz,h,2xw
19q0,h,1dxt
19q1,s,wv5
19q2,s,342
19q4,s,1hb2
19q5,h,62z
19q6,h,a2c
19q7,h,nen
19q8,h,1jmm
19q9,h,gj9
19qa,h,gvy
19qc,h,sfm
19qd,h,deu
19qe,m,7p2
19qf,h,din
19qg,h,din
19qh,h,din
19qi,h,10sf
19qj,h,mjh
19qk,h,olh
19qn,h,5qs
19qo,h,j2h
19qp,h,1ay8
19qq,h,1bra
19qr,h,3iy
19qu,h,91u
19qw,s,kwk
19qy,s,s6j
19qy,s,6ba
19qy,s,wu8
19qy,s,16xj
19r0,h,13ud
19r1,h,11y4
19r2,h,381
19r3,h,1cuz
19r4,h,103k
19r5,h,1ij2
19r6,h,fus
19r7,h,azc
19r9,s,ay2
19r9,s,rzw
19ra,h,143j
19rc,h,t66
19rd,h,xok
19re,h,xok
19rf,h,fuz
19rg,s,1i7x
19rh,h,hb6
19ri,h,1kqy
19rj,h,it9
19rk,h,999
19rl,h,k3o
19rm,h,j2h
19rn,s,lc
19rn,s,185q
19rn,s,dgv
19ro,s,h4v
19ro,s,sau
19ro,s,19s3
19ro,s,q62
19ro,s,119p
19ro,s,89s
19rs,s,1i32
19rt,s,1dlp
19ru,s,krp
19rv,h,91u
19rw,h,r27
19rx,h,r28
19rz,h,91u
19s0,h,923
19s1,h,r27
19s2,s,12p4
19s3,s,19ro
19s4,h,pxk
19s5,h,118l
19s5,h,1g72
19s6,h,182s
19s9,h,10cq
19sa,h,19qq
19sb,h,5p0
19sc,h,3e6
19sd,h,18ny
19se,h,oo4
19sh,h,7dt
19si,h,dn7
19sj,h,6ns
19sk,s,esk
19sl,s,ufu
19sm,s,1hd5
19sn,h,ela
19so,h,n1c
19sp,h,dfx
19sq,h,15x6
19sr,h,8eh
19ss,h,mvc
19st,s,4rn
19su,h,v3k
19sv,h,15h2
19sx,h,1dvb
19t3,h,a7j
19t4,h,z14
19t6,h,1ed
19t7,h,1ee
19t9,h,e9k
19tb,h,1b5m
19tc,h,df9
19td,h,91v
19tf,s,den
19th,h,1kly
19tj,h,df2
19tk,h,18oz
19tl,h,11n9
19tm,h,1478
19tn,h,cl2
19to,h,ckb
19tp,h,hzl
19tq,h,ps9
19tr,s,9wq
19tr,s,8fj
19tr,s,ri5
19ts,h,1478
19tt,h,1ebf
19tu,h,1eq5
19tv,h,zwk
19tw,h,16ed
19tx,h,19tw
19ty,h,ioy
19tz,h,3gw
19u1,h,6ew
19u1,m,1kgt
19u1,m,1gr1
19u2,h,1afe
19u3,h,kod
19u4,h,obh
19u6,s,fzo
19u7,h,1cve
19u8,h,smt
19ua,h,tay
19ub,h,aed
19ue,h,1cmy
19uf,h,ir9
19ug,h,10kf
19ui,h,31c
19uj,h,twt
19uk,h,138s
19ul,h,ckb
19um,h,j2h
19uo,h,17so
19up,m,15m
19uq,h,gpe
19ur,h,19uq
19us,h,1dv4
19ut,h,1s8
19uv,h,p72
19uw,h,cl2
19ux,h,cl2
19uz,h,p4v
19v0,h,cl2
19v1,h,hkj
19v2,h,olh
19v3,h,lul
19v4,h,16ed
19v5,h,srt
19v6,h,1ir5
19v7,h,1ir6
19v9,h,1klm
19vc,h,1a1e
19vd,h,18xq
19vf,h,1d96
19vg,h,1478
19vh,h,p4u
19vi,h,1duw
19vj,h,re4
19vk,s,rfw
19vl,h,14nw
19vq,h,a4l
19vr,h,n61
19vs,h,1eyh
19vu,h,19u4
19vv,h,liv
19vy,h,t6i
19w4,h,34m
19w8,h,19vt
19wa,h,192o
19wa,m,19x2
19wb,h,v7n
19wc,h,1478
19wd,h,2wn
19we,h,146u
19wf,s,146w
19wg,h,146z
19wh,h,19wc
19wi,h,19wc
19wj,h,1gcw
19wk,h,p3t
19wl,h,xan
19wm,h,lq9
19wn,h,xds
19wo,h,91u
19wp,h,91v
19wq,h,1diz
19wr,h,1h5b
19ws,h,91v
19wt,h,1e5o
19wu,h,sdm
19wv,h,928
19ww,s,1iq3
19wx,s,1i9k
19wy,s,udd
19wz,s,1hab
19x0,h,hxm
19x1,h,rlh
19x2,h,xmz
19x3,h,e3w
19x4,h,dzs
19x5,h,d7c
19x6,h,aka
19x8,h,1jvi
19x9,h,91l
19xa,h,19xm
19xb,h,mcp
19xc,s,6tt
19xd,h,1khi
19xf,h,1j0y
19xg,h,doi
19xi,h,deu
19xj,h,tjc
19xk,h,dpo
19xl,h,10uj
19xn,h,4pe
19xo,h,4pe
19xq,h,70t
19xr,h,yzp
19xs,h,dje
19xu,h,mua
19xv,h,1abr
19xw,h,17ja
19xx,h,1klm
19xy,h,17et
19xz,h,1g6s
19y0,h,153i
19y1,h,1kkw
19y2,s,1dsp
19y4,h,jt7
19y6,h,16bs
19y7,h,16br
19y8,h,b3b
19y8,m,cv5
19y9,h,1izl
19y9,m,jxn
19y9,m,u9j
19y9,m,78a
19y9,m,19uj
19y9,m,1fyw
19y9,m,1kbj
19y9,m,1amo
19y9,m,1du2
19y9,m,li5
19y9,m,o7a
19y9,m,18xb
19y9,m,1bph
19y9,m,4op
19y9,m,76v
19y9,m,18tw
19y9,m,lnu
19y9,m,131u
19y9,m,e1j
19y9,m,1cpm
19y9,m,dt5
19y9,m,1g09
19y9,m,88v
19y9,m,ksf
19y9,m,15f7
19ya,h,ok6
19yb,h,1gg9
19yc,h,14nw
19yd,h,7vf
19ye,s,pwf
19yf,h,75w
19yg,h,7f2
19yh,h,bqe
19yi,h,393
19yj,h,107o
19yk,h,7fe
19yl,h,b0y
19ym,h,c04
19yn,s,1flz
19yo,h,1a8f
19yp,h,19y9
19yq,h,17s4
19yr,h,bn
19ys,h,17s5
19yt,h,j5h
19yu,h,1df2
19yv,h,esi
19yw,h,1kpt
19yx,h,1km1
19yx,m,goj
19yx,m,1jso
19z1,h,3s2
19z2,h,ih6
19z3,h,43y
19z4,h,448
19z5,h,ls6
19z5,m,19za
19z5,m,f2b
19z6,h,ghe
19z7,h,j2h
19z8,h,uz6
19z9,h,2j7
19za,h,j2h
19zb,h,5vh
19zd,h,e6g
19ze,s,10f
19zf,h,92
19zg,h,slk
19zh,h,1jvz
19zi,h,19fq
19zk,s,al2
19zl,h,9e8
19zm,h,1894
19zn,h,61a
19zo,h,jue
19zp,h,am5
19zq,h,gz2
19zr,h,1dxx
19zs,h,1209
19zt,h,vid
19zu,h,1dxz
19zv,h,fk9
19zw,h,fmy
19zx,h,ao4
19zy,h,luh
19zz,h,1ghu
1a00,h,do7
1a03,h,w52
1a06,s,68r
1a06,s,1avo
1a06,s,17ng
1a08,h,1ko4
1a09,h,1kk5
1a0a,h,kqt
1a0a,m,o57
1a0a,m,qwv
1a0a,m,180k
1a0a,m,qy3
1a0a,m,sru
1a0a,m,1bwv
1a0a,m,1fh9
1a0a,m,1a0j
1a0a,m,1ifj
1a0a,m,cft
1a0a,m,1fx6
1a0a,m,zzf
1a0a,m,amg
1a0b,h,8f4
1a0c,h,ghe
1a0d,h,12ri
1a0e,h,1jf1
1a0f,h,1d96
1a0g,h,6gh
1a0h,h,ews
1a0i,h,mc
1a0j,h,sru
1a0j,m,14q
1a0k,h,1g6s
1a0l,h,aen
1a0m,h,19y1
1a0o,h,9di
1a0p,h,rt9
1a0p,h,f2o
1a0q,h,18tf
1a0s,h,4bu
1a0t,h,4bv
1a0u,h,97o
1a0v,h,12r8
1a0w,h,17fn
1a0x,h,4gl
1a0y,h,1c6g
1a0z,h,1a1e
1a10,h,qra
1a11,h,sfx
1a12,h,13zc
1a13,h,olh
1a14,h,hlj
1a15,h,fm
1a16,h,1jug
1a17,h,1fii
1a18,h,18qj
1a19,h,1iku
1a1a,h,vrs
1a1b,h,n3v
1a1c,h,lp2
1a1d,h,12g2
1a1e,h,1450
1a1f,h,osb
1a1g,h,w1z
1a1g,m,1a1l
1a1h,h,z2y
1a1i,h,18yz
1a1j,h,cij
1a1l,h,lba
1a1m,h,w28
1a1n,h,1clp
1a1o,h,t0c
1a1p,h,deg
1a1q,h,12n
1a1r,h,7i7
1a1s,h,axy
1a1t,s,1kmx
1a1u,h,m1b
1a1u,m,1a20
1a1u,m,4pn
1a1v,h,4qj
1a1w,h,6dw
1a1x,h,tb7
1a1y,h,122d
1a20,h,6dx
1a21,h,1dv3
1a22,h,1j22
1a23,h,uya
1a24,s,q2y
1a25,h,vz9
1a26,s,kbq
1a26,s,6tc
1a26,s,a76
1a26,s,1b
1a27,s,1evw
1a27,s,1da6
1a27,s,dd4
1a27,s,1b7l
1a27,s,1a
1a27,s,a94
1a27,s,1a2y
1a27,s,1gt3
1a27,s,18g3
1a28,s,1c7j
1a28,s,123w
1a28,s,b0l
1a28,s,9q9
1a2b,h,1g6f
1a2h,s,q19
1a2i,s,6p4
1a2j,h,bru
1a2k,h,u15
1a2l,h,1grj
1a2m,m,p9w
1a2p,h,17cx
1a2q,h,15x6
1a2r,h,91u
1a2s,h,e42
1a2t,h,12m
1a2v,h,e41
1a2w,h,nlj
1a2x,s,1kqo
1a2y,s,1a27
1a2z,h,15e0
1a32,h,tgj
1a33,h,ssd
1a34,h,uic
1a35,h,gtv
1a36,h,1ckl
1a37,h,gwp
1a38,h,qll
1a39,h,132x
1a3a,h,qdg
1a3d,h,13zf
1a3e,h,zjq
1a3f,h,it9
1a3g,h,16cz
1a3i,h,952
1a3j,h,5vj
1a3k,h,3h4
1a3l,h,3h4
1a3m,h,mav
1a3n,h,k1d
1a3o,m,1f1k
1a3o,m,2x1
1a3p,h,deu
1a3q,m,18jl
1a3s,h,h4r
1a3t,h,157x
1a3u,h,1fiu
1a3v,h,1gee
1a3x,h,1ehk
1a3y,h,1iku
1a3z,s,ufu
1a40,h,14n8
1a41,h,14nb
1a42,h,mgd
1a46,h,f57
1a47,h,1klm
1a48,h,gpe
1a49,h,nix
1a4a,h,ik
1a4b,h,hxz
1a4d,h,1a4e
1a4f,h,2ig
1a4g,h,15i9
1a4h,h,151n
1a4i,h,1cm0
1a4j,h,19k7
1a4l,h,1jnq
1a4m,h,157e
1a4n,h,epi
1a4o,h,10uj
1a4p,h,1c4x
1a4q,h,4ml
1a4r,h,157h
1a4s,h,1493
1a4t,s,1k03
1a4u,h,11k5
1a4v,h,67a
1a4w,h,1ann
1a4x,h,10ja
1a4y,s,1f7p
1a4z,h,19ut
1a51,h,1esd
1a52,h,ews
1a55,h,quq
1a56,h,r1c
1a58,h,1a3y
1a5a,h,bec
1a5c,s,ogp
1a5d,s,aqp
1a5e,h,yij
1a5f,h,r3y
1a5g,h,1fo8
1a5i,h,dza
1a5i,m,13be
1a5i,m,1e4i
1a5j,h,k3o
1a5k,h,1izl
1a5m,h,e43
1a5n,h,e42
1a5o,h,e42
1a5p,h,kdi
1a5r,h,e40
1a5s,h,e3y
1a5t,h,e41
1a5u,h,1koo
1a5v,h,kuv
1a5w,h,e42
1a5x,s,1fc9
1a5y,s,e44
1a5z,h,twt
1a60,h,hzl
1a61,h,ckc
1a62,h,1koo
1a63,h,18zi
1a65,h,2sg
1a66,h,1it1
1a66,m,1a64
1a68,h,m3x
1a69,h,m3s
1a6b,h,7f7
1a6c,h,753
1a6d,h,1gld
1a6e,h,16ed
1a6f,h,16ed
1a6g,h,18gs
1a6h,h,1giq
1a6i,s,1i9k
1a6j,h,oj9
1a6k,h,16g6
1a6l,h,1jgz
1a6m,h,1gaw
1a6n,h,v72
1a6q,h,1168
1a6r,h,3s2
1a6s,h,10w1
1a6t,h,bd9
1a6u,h,pxc
1a6v,h,1gaw
1a6w,h,ewn
1a6x,h,u8g
1a6y,h,pbu
1a71,h,e6a
1a73,h,5ri
1a74,h,a96
1a75,s,a9r
1a76,h,xak
1a78,h,602
1a79,h,1gg6
1a7b,h,49c
1a7c,h,1fi6
1a7d,s,qzh
1a7e,s,1jmd
1a7f,h,1cir
1a7g,h,1fib
1a7j,h,1fp6
1a7k,h,1kqy
1a7l,h,17et
1a7n,h,r0g
1a7q,m,tgb
1a7q,m,20l
1a7q,m,438
1a7q,m,yz6
1a7q,m,1kvr
1a7q,m,1a7s
1a7s,h,17wm
1a7t,h,l8y
1a7u,h,169s
1a7v,h,kyj
1a7w,h,143s
1a7y,h,36n
1a80,h,ro6
1a81,m,1eb1
1a81,m,w5g
1a81,m,ie5
1a81,m,10fk
1a81,m,1a80
1a83,h,11c5
1a84,s,xe3
1a85,h,1hrz
1a86,h,4ub
1a87,h,1knd
1a88,h,fk8
1a89,h,nq4
1a8a,m,ndp
1a8b,h,e6p
1a8c,h,17jj
1a8e,s,6wv
1a8e,s,t36
1a8f,h,164d
1a8g,h,1hwv
1a8h,h,2si
1a8i,h,1dwv
1a8j,h,1dwu
1a8k,h,35m
1a8l,h,twq
1a8m,h,tx7
1a8n,h,deu
1a8o,h,zjc
1a8p,h,1f9
1a8q,h,fkh
1a8r,h,bm5
1a8u,h,br1
1a8w,h,5z1
1a8x,h,5z1
1a8z,h,agw
1a90,h,c04
1a91,h,twu
1a92,h,twv
1a93,h,eh7
1a97,s,q6l
1a9c,h,w79
1a9d,h,180i
1a9f,h,q5m
1a9g,h,1a4b
1a9h,h,1co9
1a9i,h,5vk
1a9j,h,1d63
1a9k,h,ewl
1a9l,h,1jgx
1a9q,h,15fh
1a9r,h,wpx
1a9s,h,157c
1a9u,h,xdt
1a9v,h,xdt
1a9x,h,5tc
1aa4,h,xtl
1aa5,h,1d0u
1aa6,h,1wq
1aa7,h,9m3
1aa9,h,1gg6
1aaa,h,19dw
1aab,h,1aa5
1aac,h,1ikw
1aad,h,1bkn
1aae,h,6q5
1aaf,h,1iku
1aah,h,fpf
1aai,h,wtq
1aaj,h,132s
1aak,h,b1o
1aal,h,17l
1aam,s,1964
1aan,h,z1w
1aao,m,j1u
1aap,h,1ggg
1aaq,h,ucd
1aar,h,1g3x
1aas,h,tjc
1aav,h,hs1
1aaw,h,aca
1aax,h,azh
1aay,h,iiv
1aaz,h,m3x
1ab2,h,1kq8
1ab3,h,1ina
1ab4,h,bv7
1ab5,h,ok6
1ab6,h,azc
1ab7,h,14nw
1ab8,h,azc
1ab9,h,syj
1ab9,m,1aaz
1aba,h,164d
1abb,h,anb
1abc,h,azh
1abd,h,q68
1abe,h,hd1
1abf,s,q0a
1abg,h,15og
1abh,h,azp
1abi,h,1duw
1abj,h,qdo
1abk,h,vd5
1abn,h,1g8t
1abn,h,1abh
1abo,h,xse
1abp,h,1gxe
1abq,h,19ug
1abr,h,1d96
1abs,s,3op
1abs,s,1dhm
1abt,h,azp
1abu,h,11k5
1abv,h,18xu
1abw,h,pyg
1abx,h,vr3
1aby,s,ys6
1aby,s,iiz
1aby,s,13tl
1aby,s,x3y
1aby,s,t0n
1aby,s,ziq
1aby,s,i3u
1aby,s,131e
1aby,s,lh6
1aby,s,gz5
1aby,s,wyf
1ac0,s,bn1
1ac3,h,vqv
1ac4,h,qdp
1ac5,h,v3k
1ac6,h,1k8j
1ac7,h,1fs7
1ac8,h,v3k
1aca,h,1fs7
1acb,h,1aax
1acc,h,vd5
1acf,h,ffw
1acg,h,16br
1acj,h,jkw
1acl,h,bc2
1acn,h,1dvi
1aco,s,1dvm
1acp,h,1guu
1acr,h,ki1
1acs,s,14yl
1act,s,pxu
1acu,s,q3v
1acv,s,q3v
1acw,h,xec
1ad0,h,j2h
1ad1,h,1ad7
1ad3,h,zxy
1ad4,h,gg6
1ad5,h,13z8
1ad6,h,16j9
1ad7,h,108b
1ad8,h,185n
1ada,h,b5l
1adb,h,199n
1adb,h,9c7
1adc,h,12ul
1add,h,12mk
1ade,h,83i
1adf,h,j2h
1adi,h,1b2b
1adj,h,ls6
1adk,h,13r8
1adl,h,8lu
1adm,h,8lu
1ado,h,17es
1adq,h,9fw
1adr,h,1g4e
1adu,h,1bch
1adv,h,a84
1adw,s,udd
1ady,h,ktt
1adz,h,bd7
1ae1,s,w60
1ae2,s,6tt
1ae3,h,12du
1ae4,h,aq8
1ae5,h,fgm
1ae6,h,g2w
1ae7,h,nfh
1ae7,m,1k5q
1ae8,h,1gqk
1ae9,h,gnd
1aea,h,1853
1aeb,h,1jr5
1aec,h,mm7
1aee,h,mj2
1aef,s,if5
1aeh,h,rwv
1aej,h,1ect
1aek,h,1kkx
1ael,m,5ly
1aem,h,kty
1aen,h,17et
1aeo,h,110j
1aeq,h,13pm
1aer,s,14vt
1aer,s,1w3
1aer,s,car
1aer,s,1e7t
1aer,s,1a6
1aes,s,1ea7
1aet,h,187p
1aew,h,1gqe
1aex,h,1exb
1aey,h,62b
1aez,h,6n5
1af0,h,ld3
1af5,h,1g7k
1af6,h,1kbn
1af7,h,1b0l
1af8,s,1hfs
1af8,s,1afg
1af8,s,1afo
1af9,s,8nk
1af9,s,y2l
1af9,s,hgz
1af9,s,eed
1af9,s,txd
1af9,s,c5n
1af9,s,sws
1af9,s,1006
1af9,s,z08
1af9,s,ev
1af9,s,d9c
1af9,s,118c
1af9,s,1brk
1af9,s,l6
1af9,s,16fh
1af9,s,z11
1af9,s,z36
1af9,s,zm5
1af9,s,z16
1afa,h,oav
1afb,s,129x
1afc,h,j1a
1afd,h,55q
1afe,h,11k5
1aff,s,1hub
1afg,s,1af8
1afh,h,14te
1afi,h,xs3
1afj,h,xyh
1afk,h,itk
1afl,h,hg9
1afm,s,h0h
1afn,h,91u
1afo,s,1af8
1afs,h,1999
1aft,h,frd
1afu,s,prf
1afv,h,wu1
1afw,h,1etr
1afw,h,wtv
1afx,h,uqz
1afy,h,6wa
1afz,m,5m6
1ag0,h,1fp8
1ag2,h,tzn
1ag3,h,1i6l
1ag4,h,1gbw
1ag6,h,tjc
1ag7,h,kh
1ag8,h,1gbt
1agb,m,1aga
1agb,m,1ag9
1agf,s,o0s
1agf,s,c5r
1agf,s,m0n
1agf,s,dwv
1agf,s,otz
1agi,h,1gu7
1agj,h,xyh
1agm,h,164d
1agn,h,10dx
1ago,h,qdn
1agq,h,1jri
1agr,h,52a
1ags,h,132u
1agt,s,1i6k
1agu,h,r79
1agu,h,1agv
1agv,h,1ehk
1agw,h,1iku
1agx,s,xm4
1agy,h,1aha
1ah0,m,1agz
1ah0,m,1ah4
1ah1,m,1ah0
1ah4,h,34m
1ah5,h,93x
1ah6,h,xmc
1ahb,h,109b
1ahc,s,1ia8
1ahd,s,16p7
1ahf,s,1hb1
1ahf,s,1ai1
1ahf,s,ub2
1ahf,s,3vm
1ahg,h,4in
1ahh,s,1huc
1ahi,s,b8e
1ahj,h,olh
1ahk,h,12uu
1ahl,h,1agi
1ahm,h,383
1ahn,h,41y
1aho,h,1ezn
1ahp,h,1hkg
1ahq,h,zer
1ahr,h,19j8
1ahu,h,r9t
1ahv,h,92s
1ahw,h,xds
1ahz,h,kvb
1ai0,s,qfn
1ai1,s,1ahf
1ai2,h,qfy
1ai3,h,1hql
1ai6,h,34m
1ai7,h,18a6
1ai8,s,1ai9
1ai9,s,1ai8
1aie,h,xxy
1aig,h,xds
1aih,h,xdv
1aii,h,ep9
1aij,h,ep9
1aik,h,1jwo
1ail,h,126k
1aim,h,xxt
1ain,h,epi
1aio,h,e3y
1aip,h,2e5
1aiq,h,1kqy
1air,s,z7n
1ais,h,18mw
1ait,h,p7w
1aiu,h,19qt
1aiw,s,ddi
1aix,s,1b1y
1aiy,h,ddf
1aj0,h,8pd
1aj1,h,qmc
1aj2,h,10w1
1aj3,s,ddi
1aj6,h,1rb
1aj8,h,1e10
1aj9,h,gjc
1aja,h,1guu
1ajb,h,zoc
1ajc,h,gfd
1ajd,h,14nw
1aje,m,kb2
1aje,m,1gxo
1ajf,h,pex
1ajg,h,gjh
1ajh,h,v3k
1ajj,h,pyk
1ajk,h,ue9
1ajl,h,v0f
1ajn,h,1az
1ajo,h,1ay
1ajp,h,183n
1ajq,m,18xf
1ajt,h,deu
1aju,h,v0g
1ajw,h,11w
1ajx,h,jye
1ajy,h,cll
1ak0,h,ywj
1ak1,h,vyj
1ak2,h,siz
1ak3,h,39d
1ak4,h,192o
1ak4,m,1ak0
1ak4,m,4xj
1ak7,s,h81
1aka,h,4pg
1akb,h,bxz
1akc,h,4pg
1akd,h,19ho
1akh,h,1g6f
1aki,h,132r
1akm,h,zou
1akn,h,xak
1ako,h,xak
1akp,h,19j3
1akq,s,ylo
1akr,h,eue
1aks,h,14nw
1akt,h,1cj7
1aku,h,bc2
1akv,h,f4l
1akw,h,aud
1al1,h,1c46
1al1,h,f2z
1al1,h,g52
1al2,h,f5v
1al3,s,872
1al5,h,aka
1al6,s,98z
1al8,s,872
1al9,h,15bb
1ala,s,znp
1alb,h,yrs
1alc,h,15bb
1ald,h,r8s
1ale,s,znp
1alg,h,dys
1ali,h,15bb
1alj,s,znp
1all,s,872
1alm,h,uv6
1aln,h,143k
1alo,h,jwh
1alp,h,1akt
1alq,h,uv6
1alr,s,1alw
1als,h,aef
1alt,h,a04
1alv,h,ikd
1alw,s,1bjo
1alw,s,1alr
1alw,s,l0n
1alw,s,1fgn
1aly,h,yij
1alz,h,uz3
1am0,h,196m
1am1,h,18yt
1am2,s,p2a
1am4,h,doo
1am5,h,doi
1am7,h,15gw
1am8,h,mc7
1am9,h,5z1
1ama,h,1am8
1amb,h,1amd
1amc,h,1ame
1amd,h,3e6
1ame,h,1c3i
1amf,h,i9c
1amg,h,18kc
1amh,h,1a0z
1ami,h,6hk
1amj,h,nmk
1aml,h,1ebi
1amm,h,wjw
1amn,h,18ix
1amp,h,4k6
1amq,h,4vr
1amr,h,r18
1ams,h,gg6
1amt,h,epq
1amu,h,1dpk
1amv,h,gfc
1amw,h,epn
1amx,h,66w
1amy,h,gd6
1an1,h,q7u
1an2,s,q7r
1an3,s,q6l
1an4,h,16gd
1an5,h,121r
1an6,h,121t
1an7,h,17ux
1an8,h,1gg6
1ana,h,c04
1anb,h,5z0
1anc,h,1auh
1and,h,1ang
1ane,h,157x
1anf,h,6ki
1ang,h,mc7
1anh,h,11k5
1ani,h,1klm
1anj,h,1g6n
1ank,h,3e6
1anm,h,1c3i
1anm,m,1ggn
1ann,h,2r
1ano,h,2r
1anp,s,vqt
1anp,s,oj
1anp,s,1etf
1anp,s,eco
1anp,s,p2i
1anp,s,1iy9
1anp,s,ch
1anp,s,2qj
1anp,s,brd
1anr,h,1cj7
1ans,h,cl2
1ant,h,15im
1anu,s,ykw
1anv,h,1fib
1anw,h,aef
1anx,h,16ed
1any,h,15i4
1anz,h,1g33
1ao0,h,15ig
1ao1,h,c1s
1ao3,h,16ea
1ao4,h,t0c
1ao5,h,1kkz
1ao7,m,18gu
1ao7,m,1303
1ao7,m,l4v
1ao7,m,1k5b
1ao7,m,usd
1ao7,m,1kpx
1ao7,m,eot
1ao7,m,i1v
1ao7,m,5m9
1ao8,h,1dwu
1ao9,h,23r
1aoa,h,429
1aob,h,qra
1aoc,h,1d7b
1aod,h,87q
1aof,h,786
1aog,m,1aof
1aoh,h,u5a
1aoo,h,ta4
1aoq,h,qno
1aor,s,1fmt
1aos,h,lmc
1aot,h,6de
1aou,h,18pl
1aov,h,66a
1aow,h,1daj
1aox,h,1kkz
1aoy,h,1bkn
1aoz,h,1bks
1ap0,h,12f5
1ap1,h,bt1
1ap2,h,ast
1ap3,m,1902
1ap3,m,szd
1ap4,h,ls6
1ap4,m,1auk
1ap4,m,129f
1ap5,h,1ggc
1ap6,h,6dw
1ap7,h,iw
1ap8,h,mc7
1ap9,h,1h4j
1apa,s,im7
1apb,h,y6o
1apc,h,6g2
1apd,h,19ss
1ape,h,1hmg
1apf,h,g3p
1aph,h,rrb
1api,h,1jgz
1apj,h,65p
1apj,m,j1f
1apj,m,ruc
1apj,m,9as
1apj,m,1jcy
1apj,m,1bvt
1apj,m,cpe
1apk,h,805
1apl,h,oav
1apm,h,xnh
1apo,h,3et
1apo,m,aat
1apo,m,157k
1app,h,9qy
1apq,h,s4w
1apr,h,t13
1aps,h,1kca
1apt,h,zxy
1apu,h,k2c
1apv,h,75x
1apx,h,1kql
1apy,h,5sz
1apz,h,dyc
1aq0,h,1d4t
1aq1,h,udu
1aq2,h,c5f
1aq3,s,1cg3
1aq4,h,js7
1aq5,h,y3i
1aq6,h,udo
1aq7,h,e43
1aq8,h,pdb
1aq9,h,1jsy
1aqa,h,udo
1aqb,h,pna
1aqc,h,1grj
1aqd,h,18wj
1aqe,h,bzf
1aqf,h,duq
1aqg,s,duo
1aqh,h,e43
1aqj,h,1an8
1aqk,h,1j2h
1aql,h,yij
1aqm,h,pu8
1aqn,h,a96
1aqo,h,olj
1aqp,h,1fib
1aqq,h,doi
1aqr,h,e5z
1aqu,h,1brq
1aqv,h,8k
1aqw,s,qnj
1aqx,h,12p3
1aqy,h,ton
1aqz,h,595
1ar0,h,5vk
1ar1,h,1d63
1ar3,h,om1
1ar4,h,aud
1ar6,s,p9c
1ar7,h,swz
1ar8,h,df0
1ar9,h,df9
1ara,h,df9
1arb,h,15x6
1arc,s,111p
1ard,s,den
1are,h,3gw
1arf,h,1jtk
1arg,s,gvl
1arh,h,1d79
1ari,h,1duw
1arj,h,a96
1ark,s,g0
1arl,h,1ecq
1aro,h,u15
1arp,h,r1x
1arq,h,czn
1arr,h,17ja
1ars,h,1c5c
1art,h,cxr
1aru,h,17je
1arv,h,1aw2
1arw,h,sgh
1arx,h,xjt
1arz,h,11k5
1as0,h,11k5
1as1,h,1klm
1as2,h,11k5
1as3,h,1kl0
1as4,h,oot
1as5,s,1hs3
1as6,h,1j23
1as7,h,13a4
1as8,h,srg
1asa,s,1i24
1asb,s,19in
1asf,s,1fc8
1asg,h,1ita
1asg,m,17ux
1ash,h,1762
1asi,h,3e6
1asj,h,1c3i
1ask,h,1ged
1asl,h,1gg7
1asm,h,niu
1asn,s,n1d
1asp,h,2im
1ass,h,1fon
1ast,h,16ri
1asu,h,by
1asv,h,c4i
1asw,h,16rr
1asx,h,17z3
1asx,h,1f3e
1asx,h,1c78
1asy,h,ft
1asz,h,10du
1at0,h,liv
1at2,h,old
1at5,h,1asq
1at5,m,ggl
1at6,h,60s
1at7,h,10w7
1at8,h,xu
1at9,h,1jgz
1ata,h,1asw
1atb,h,1jgu
1atb,h,1at6
1atc,s,359
1atd,h,11k5
1ate,h,13d5
1atf,h,13cz
1atg,s,lcl
1ath,m,1kq3
1ath,m,hbp
1ath,m,d7g
1ati,h,8f4
1atl,h,4ze
1atm,s,1fc9
1atn,s,xuq
1ato,s,1fc8
1atp,s,1az0
1atr,h,qzg
1ats,h,ta4
1att,h,etq
1atu,h,19r2
1atv,h,mjh
1atw,h,10sg
1atx,h,1brj
1aty,h,olh
1atz,h,df9
1au0,h,1d64
1au1,s,8ei
1au2,h,mji
1au3,h,uqz
1au4,h,slj
1au5,h,df1
1au6,h,utk
1au7,h,jwz
1au8,h,1gro
1au9,s,1avp
1aua,h,12rk
1aub,h,asq
1auc,h,1bi8
1aud,h,1b2b
1aue,m,192u
1auf,h,epi
1aug,h,12gl
1auh,h,xan
1aui,h,kmp
1aui,m,1336
1auj,h,xds
1auk,h,jf3
1aul,h,1h1g
1aum,h,jex
1aun,s,1avp
1auo,h,fn2
1auq,h,fda
1aur,s,1avp
1aus,h,oh5
1aut,h,1jtk
1auu,h,48r
1auv,h,pb7
1auw,h,nlv
1aux,h,xds
1auy,h,oof
1auz,h,1a0a
1av0,h,1fil
1av1,h,1fi6
1av2,h,12gl
1av3,h,1jgz
1av4,h,wqq
1av6,h,1kxs
1av7,h,woi
1av8,h,19ug
1ava,h,ih7
1avb,h,qvi
1avc,h,1knd
1avd,h,i9i
1ave,h,10vl
1avf,h,xdt
1avg,h,xds
1avh,h,kun
1avi,h,mo
1avj,h,smt
1avk,h,e3z
1avl,h,e2i
1avm,h,xan
1avn,h,kqt
1avo,s,1a06
1avp,s,uj3
1avp,s,1aun
1avp,s,1avr
1avp,s,1aur
1avp,s,1au9
1avp,s,yn0
1avp,s,1avy
1avq,s,1ic5
1avr,s,1avp
1avs,h,khs
1avt,h,zhp
1avu,h,cn8
1avv,h,df9
1avw,h,q5x
1avx,h,1gg6
1avy,s,1avp
1avz,h,fxn
1aw0,h,19qu
1aw1,h,6li
1aw2,h,1jea
1aw3,h,12k6
1aw4,h,1jgz
1aw5,h,akb
1aw6,h,11la
1aw8,h,jkw
1aw9,h,xfj
1awa,h,1jnx
1awb,h,kp4
1awc,h,stf
1awd,h,jky
1awe,h,m1b
1awf,h,t9w
1awg,s,mpc
1awi,h,1ibb
1awj,s,1ibd
1awk,s,1k03
1awl,h,aao
1awm,h,1brg
1awn,h,132v
1awo,h,1avt
1awp,h,1ckm
1awq,h,1g82
1awr,h,15od
1awt,h,18lp
1awu,h,16cl
1awx,h,q7o
1awy,h,8bo
1awz,h,1jgz
1ax0,s,1ibd
1ax1,h,61m
1ax2,h,1e19
1ax3,h,cl2
1ax4,h,ifo
1ax5,h,1as9
1ax6,m,6m0
1ax6,m,8az
1ax6,m,1ax4
1ax8,h,ifo
1ax9,h,1as9
1axa,m,u5b
1axa,m,1ax8
1axa,m,1axc
1axc,h,ifo
1axd,h,1her
1axe,s,1axy
1axe,s,t7x
1axe,s,f75
1axf,s,the
1axf,s,wul
1axf,s,t0z
1axf,s,ly
1axf,s,1yy
1axf,s,t0w
1axh,h,1jsy
1axi,h,dzv
1axj,h,ebu
1axn,h,1098
1axo,h,17nd
1axp,h,13cw
1axq,h,vnm
1axs,h,aka
1axt,h,1cf
1axu,h,ltt
1axv,h,olj
1axw,h,pna
1axx,h,6gx
1axy,s,1axe
1ay0,h,1098
1ay1,h,bdb
1ay1,m,1ay6
1ay2,h,138s
1ay3,h,gh7
1ay4,h,1ged
1ay5,h,gfd
1ay6,h,166o
1ay9,h,1bva
1aya,h,g74
1ayb,s,359
1ayc,s,12y6
1ayd,h,eu3
1aye,h,181x
1ayf,h,am7
1ayg,h,glv
1ayi,h,12f4
1ayj,h,eim
1ayk,h,1ehk
1ayl,h,h0u
1aym,s,1hvm
1ayn,h,1dzn
1ayo,h,1jou
1ayp,s,1hsb
1ayr,h,sjl
1ays,h,5vj
1ayt,h,olj
1ayu,h,1dnf
1ayv,h,1eot
1ayw,h,1b5y
1ayx,h,1iku
1ayy,h,1ayr
1ayz,h,5vj
1az0,s,wjb
1az0,s,qlz
1az0,s,hfx
1az0,s,tir
1az0,s,1aza
1az0,s,mg1
1az0,s,f9g
1az0,s,wa7
1az0,s,12n4
1az0,s,gv3
1az0,s,4bm
1az0,s,wlu
1az0,s,1azc
1az0,s,5ki
1az0,s,1ddt
1az0,s,14jz
1az0,s,1atp
1az0,s,1hlk
1az0,s,3f2
1az0,s,wb9
1az2,h,1aln
1az4,s,u3b
1az5,s,jyu
1az7,h,8fp
1az8,h,r49
1az9,h,944
1aza,s,1az0
1azb,h,jd0
1azc,s,1az0
1aze,h,1alm
1azf,h,1t5
1azg,h,1jt8
1azh,h,139w
1azh,m,12n1
1azi,s,7mj
1azi,s,1d43
1azi,s,3cg
1azj,h,10cg
1azk,s,r20
1azl,s,jel
1azm,s,3oz
1azo,h,aog
1azq,h,olj
1azr,h,6ns
1azs,h,olm
1azt,h,olh
1azu,h,ao4
1azv,h,eg9
1azw,h,6np
1azx,h,11k5
1azy,h,1kib
1azz,h,6p8
1b00,h,1brq
1b01,h,1hls
1b02,h,e5z
1b04,h,fda
1b05,h,17q1
1b06,h,190p
1b07,h,19bn
1b08,h,wtq
1b09,h,19ca
1b0a,h,11d6
1b0c,h,1b0b
1b0d,h,11d7
1b0e,h,k3m
1b0f,m,1b0e
1b0g,h,13vq
1b0h,h,12bo
1b0i,h,w2y
1b0j,m,77a
1b0j,m,18ca
1b0k,h,1j4e
1b0m,h,mzt
1b0n,h,iw4
1b0o,h,11k5
1b0p,h,hlr
1b0r,h,1b04
1b0s,h,1b0l
1b0t,h,1b0m
1b0u,h,olj
1b0v,h,xz
1b16,h,anb
1b17,s,y1
1b18,h,e3g
1b19,h,hk2
1b1b,h,x6
1b1c,h,1ipw
1b1d,h,qdr
1b1f,h,6qe
1b1f,m,14fh
1b1g,h,br3
1b1h,h,18tg
1b1i,h,b7u
1b1j,s,13kw
1b1k,h,p43
1b1m,h,br8
1b1n,h,10w7
1b1o,h,9gy
1b1p,s,1b1q
1b1q,s,5m1
1b1q,s,1b1p
1b1r,s,1ep7
1b1s,h,7ch
1b1t,h,jlf
1b1u,s,22f
1b1w,h,y1i
1b1x,s,crx
1b1x,s,18ym
1b1x,s,jer
1b1x,s,1d3o
1b1x,s,mb8
1b1x,s,1iu4
1b1y,s,1hoi
1b1y,s,hyb
1b1y,s,1aix
1b20,h,ck
1b21,s,h0h
1b23,h,175q
1b24,h,k1d
1b25,s,ri7
1b26,h,91v
1b27,h,pht
1b28,h,588
1b2b,h,1f69
1b2c,h,ihz
1b2e,h,74y
1b2f,h,1b1b
1b2g,h,ckb
1b2h,h,sfx
1b2i,h,1dvi
1b2j,h,ckc
1b2k,h,1b7s
1b2l,s,qq1
1b2m,s,cl0
1b2n,s,6qg
1b2o,h,k0w
1b2p,h,k0w
1b2q,h,5qf
1b2r,s,fcz
1b2s,s,bt7
1b2t,h,iv6
1b2t,h,pye
1b2u,h,cvw
1b2v,h,pyp
1b2x,h,b2x
1b2z,h,lhs
1b30,h,91u
1b31,h,1ccv
1b32,h,wx5
1b33,h,qki
1b36,h,z19
1b37,h,4c9
1b38,h,5jc
1b39,h,6t7
1b3a,h,5y5
1b3b,h,1b4n
1b3c,h,76j
1b3d,h,1gi7
1b3e,h,olt
1b3f,h,z2y
1b3g,h,oev
1b3h,h,ltt
1b3i,h,luh
1b3l,m,1h3t
1b3m,h,yzp
1b3n,h,mc7
1b3o,h,1kbs
1b3p,h,1jui
1b3r,h,5jk
1b3t,h,1k2f
1b3u,h,yij
1b3v,h,6ni
1b3w,h,jf3
1b3x,h,xak
1b3y,h,1ehk
1b3z,h,6np
1b40,h,xdt
1b41,h,a96
1b42,h,1bks
1b43,h,xdt
1b44,h,olh
1b45,h,xdt
1b46,h,5jp
1b48,h,1eg7
1b49,h,ki1
1b4b,m,1b4a
1b4c,m,1b4a
1b4e,s,1bza
1b4f,h,11t0
1b4h,h,1d6l
1b4i,h,1gfb
1b4i,m,1avj
1b4j,h,gna
1b4j,m,1b4h
1b4k,h,1ikw
1b4m,h,1bks
1b4n,h,b4g
1b4o,h,l27
1b4p,h,1jwu
1b4q,h,197m
1b4s,h,1fc0
1b4t,s,1dd4
1b4w,h,1jgz
1b4x,h,im
1b4y,h,1fc0
1b4z,s,b7r
1b50,s,cyv
1b51,h,bsu
1b52,h,bsu
1b53,h,iw4
1b54,h,1b0m
1b57,h,1615
1b57,h,1e8c
1b59,h,11k5
1b5a,s,pow
1b5b,h,brq
1b5c,h,olh
1b5d,h,t4s
1b5e,h,t4u
1b5f,h,1b09
1b5g,h,1b0a
1b5h,h,qpi
1b5i,h,11k5
1b5j,s,1esi
1b5k,h,mav
1b5l,h,11y4
1b5o,h,n9j
1b5p,h,pai
1b5q,h,vdx
1b5r,h,19tk
1b5s,h,d4w
1b5t,h,1ehk
1b5u,h,d4r
1b5w,h,2z7
1b5y,h,1g33
1b5z,h,y7d
1b60,h,17dt
1b61,h,12xy
1b62,h,kdd
1b63,h,12f0
1b64,h,1c79
1b66,h,xtm
1b67,h,yij
1b68,h,6qe
1b69,h,6q5
1b6a,h,1asw
1b6b,h,6qf
1b6c,h,189
1b6d,h,fwo
1b6f,h,1iku
1b6g,h,ios
1b6i,h,f4k
1b6j,h,1fcj
1b6k,h,xfi
1b6l,s,fcz
1b6m,h,yqf
1b6n,h,yqf
1b6o,s,cl0
1b6p,s,g0
1b6q,h,13d5
1b6q,m,1b7c
1b6r,h,t7f
1b6t,h,13cz
1b6u,h,7a7
1b6v,h,5bg
1b6z,h,464
1b70,h,q9q
1b71,h,118b
1b72,h,xby
1b73,h,1ddh
1b75,h,5z1
1b76,h,mc7
1b77,h,1anh
1b78,h,1auh
1b79,s,bf8
1b7a,h,cl2
1b7b,h,gio
1b7c,h,d5h
1b7d,h,jur
1b7f,h,1762
1b7h,h,ews
1b7i,h,1gg6
1b7k,h,15mi
1b7l,s,1a27
1b7m,h,93u
1b7n,h,1g2x
1b7o,h,1ft4
1b7p,s,9of
1b7q,h,1b0a
1b7r,h,qpi
1b7s,h,iyl
1b7u,h,6gh
1b7v,h,pxk
1b7w,h,11k5
1b7x,h,br8
1b7y,h,18oz
1b7z,h,6qe
1b80,h,qpi
1b81,s,146w
1b82,s,1fmu
1b8e,h,xxy
1b8f,h,1jmh
1b8g,h,ps9
1b8h,h,4sb
1b8i,h,pzo
1b8j,h,o1u
1b8l,h,a2c
1b8m,h,6s1
1b8n,h,lpx
1b8o,h,a29
1b8p,h,cqg
1b8q,h,1eh8
1b8r,h,kll
1b8s,h,ki1
1b8t,h,17b5
1b8u,h,17b8
1b8v,h,kku
1b8w,h,17b9
1b8x,s,ogn
1b8z,h,d4w
1b90,h,d4r
1b91,s,gog
1b92,h,91u
1b93,h,4u4
1b94,h,4u4
1b95,s,19go
1b97,h,1ex5
1b98,h,7n
1b99,h,19ia
1b9a,h,kpu
1b9a,m,nzl
1b9b,h,1b9x
1b9c,s,1b9j
1b9c,s,ac2
1b9c,s,j0q
1b9c,s,c0j
1b9c,s,ac4
1b9c,s,b0v
1b9d,h,10uj
1b9e,s,bho
1b9h,s,r6w
1b9h,s,mxy
1b9h,s,d8o
1b9j,s,1b9c
1b9k,s,mxw
1b9l,s,l9c
1b9m,h,1igr
1b9n,h,1ebf
1b9p,h,1ckm
1b9q,h,178
1b9s,h,12s2
1b9u,h,12s6
1b9v,s,anj
1b9v,s,ang
1b9w,h,pyk
1b9x,h,xym
1b9z,h,vw0
1ba1,h,r2s
1ba2,h,h5t
1ba3,h,k5l
1ba4,h,91u
1ba5,s,tmf
1ba8,m,9zd
1ba8,m,193a
1ba8,m,1b9n
1ba9,h,hgi
1baa,h,ffw
1bah,m,1d94
1bai,h,1bah
1baj,h,y90
1bal,h,p18
1bam,h,olj
1ban,h,8pd
1bao,h,15ob
1bap,h,15od
1baq,h,1851
1baq,m,15uz
1bar,h,1167
1bau,h,nb4
1bav,h,ckb
1baw,h,p3w
1bay,h,wiu
1baz,s,1k03
1bb1,h,w63
1bb2,h,185n
1bb3,h,ety
1bb3,h,1dod
1bb4,h,4dk
1bb5,h,u7f
1bb7,h,11m3
1bb8,h,c4i
1bb9,h,11m0
1bba,h,18zw
1bbb,h,1a8j
1bbd,h,9x9
1bbe,h,9x8
1bbe,m,1bbd
1bbf,s,k6a
1bbf,s,1061
1bbf,s,ceo
1bbf,s,1iu5
1bbf,s,1c2o
1bbf,s,71x
1bbf,s,xlv
1bbf,s,1bc2
1bbf,s,1kwg
1bbf,s,dds
1bbf,s,ehe
1bbf,s,gc4
1bbf,s,kfg
1bbf,s,b69
1bbg,s,vxo
1bbh,s,xkb
1bbh,s,xkc
1bbh,s,u3f
1bbh,s,if6
1bbh,s,uhj
1bbh,s,gqw
1bbh,s,m0a
1bbh,s,pbx
1bbk,s,l8x
1bbk,s,10eb
1bbl,s,j94
1bbm,s,14tb
1bbn,s,1hrc
1bbo,s,b9q
1bbp,s,gqt
1bbq,h,f3h
1bbq,m,1094
1bbr,h,k84
1bbr,m,1il1
1bbs,h,461
1bbt,h,4iq
1bbv,h,91u
1bbw,h,91v
1bbx,s,wvr
1bby,h,9c5
1bbz,h,xxy
1bc1,h,b92
1bc2,s,1bbf
1bc5,h,bni
1bc9,h,qhd
1bca,h,ahj
1bcb,h,1bca
1bcc,h,1kiy
1bcd,h,1jt5
1bce,h,1k0d
1bch,h,gyn
1bcj,h,10uj
1bck,h,1ckv
1bcl,h,1bva
1bcm,h,16o5
1bcn,h,aom
1bcq,h,auk
1bcr,h,lqn
1bcs,m,j2e
1bcs,m,m0w
1bcs,m,uo3
1bcs,m,3fx
1bcs,m,m0s
1bcs,m,ydc
1bcs,m,1bcu
1bcs,m,70r
1bcs,m,dsh
1bcs,m,v54
1bcs,m,uo1
1bcs,m,11up
1bcs,m,pfo
1bcu,m,yeh
1bcu,m,5ke
1bcu,m,136k
1bcu,m,h8s
1bcx,h,ivq
1bcz,h,1j2
1bd0,h,rzl
1bd2,h,1kln
1bd3,h,1bva
1bd4,h,1ann
1bd5,s,weo
1bd6,h,6cj
1bd6,m,19qi
1bd7,h,k9v
1bd8,h,2si
1bd8,m,468
1bd9,h,k9w
1bd9,m,1bd7
1bda,h,16gm
1bde,h,z21
1bdf,h,vfb
1bdg,h,91u
1bdi,h,uu9
1bdi,h,ak6
1bdm,h,1aha
1bdn,h,1233
1bdp,h,16lm
1bdq,h,qgt
1bdr,h,34w
1bds,h,hyy
1bdt,h,16lk
1bdu,h,hy9
1bdv,h,11n8
1bdw,h,t6w
1bdx,s,b95
1bdy,s,3hq
1be0,h,b92
1be1,s,19ag
1be1,s,bal
1be1,s,bhh
1be1,s,goa
1be1,s,add
1be2,s,vj0
1be3,h,vnm
1be4,h,1cjc
1be5,h,19qr
1be6,s,mk7
1be7,s,ost
1be8,s,1hd9
1be9,s,1bkj
1bea,s,d6n
1beb,s,zgh
1bec,s,1bki
1bed,s,19go
1bee,s,ost
1bef,s,1hnr
1beg,m,mix
1beh,h,ayn
1bek,h,bni
1bel,h,lfk
1bem,h,eks
1bep,h,14ir
1beq,h,1bub
1ber,h,kk
1bet,h,rwr
1bev,h,1fis
1bew,h,86o
1bey,h,bfa
1bez,h,rmc
1bf0,h,rmc
1bf1,h,1fzp
1bf2,h,1aha
1bf3,h,kh
1bf4,h,xm7
1bf5,h,kcz
1bf6,s,1h98
1bf7,h,kkw
1bf8,h,11fh
1bf9,h,xmc
1bfc,m,n54
1bff,h,14te
1bfg,s,fs7
1bfh,s,27v
1bfh,s,1bfp
1bfi,h,vnm
1bfj,h,wsg
1bfk,h,1cjh
1bfl,h,w7v
1bfm,h,19j9
1bfn,h,1dka
1bfo,h,143k
1bfp,s,1bfh
1bfq,h,b5l
1bfr,h,91u
1bfs,h,924
1bft,h,39i
1bfu,h,1hlo
1bfy,h,vuu
1bg2,h,1j4e
1bg4,h,ddt
1bg5,m,ww2
1bg5,m,1bg7
1bg7,h,10m
1bga,h,oys
1bgb,s,emq
1bge,h,ntm
1bgf,s,2eb
1bgf,s,19lj
1bgf,s,6bu
1bgg,s,xex
1bgh,s,v9i
1bgi,s,izl
1bgm,h,1gwn
1bgr,h,u7f
1bgv,h,1jg7
1bgz,h,9zo
1bgz,m,xe6
1bh0,h,1bgz
1bh4,h,xm7
1bh4,m,upa
1bh4,m,162b
1bh5,h,1bkn
1bh7,h,4ed
1bh9,h,1fis
1bhb,h,66v
1bhd,h,1ah6
1bhe,h,1bhd
1bhf,h,b53
1bhh,s,3jq
1bhj,h,12nu
1bhk,h,13ax
1bhl,h,1iye
1bhm,h,pqp
1bht,h,aef
1bhu,h,1gu7
1bhv,h,16bl
1bhw,s,auq
1bhy,s,fcz
1bhz,h,x8a
1bi0,h,b9h
1bi1,h,6s2
1bi3,h,gss
1bi4,h,j8v
1bi5,h,11qp
1bi7,s,rcm
1bi8,h,tk
1bi9,h,h5u
1bia,h,u5r
1bib,h,b4h
1bic,s,12ro
1bic,s,r1j
1bic,s,5ok
1bid,s,r17
1bie,h,itb
1bif,h,14te
1big,h,j9q
1bii,h,ui2
1bij,s,r59
1bil,h,gmz
1bim,s,emn
1bin,s,ogp
1bio,h,1ah6
1biq,h,126j
1bir,s,ogp
1bit,h,924
1biu,h,vlw
1biv,h,vlw
1biw,h,1arz
1bix,h,1as9
1biz,h,z48
1bj0,h,1biz
1bj1,h,uty
1bj2,s,hj
1bj3,h,fcx
1bj4,h,qkl
1bj9,h,wg9
1bja,h,1ebc
1bjb,h,abv
1bjb,m,1ak1
1bjc,h,xxy
1bjd,h,mxe
1bje,h,ozx
1bjf,s,9of
1bjh,h,1815
1bji,h,1815
1bjj,s,hex
1bjj,s,uk7
1bjj,s,180e
1bjj,s,1khq
1bjj,s,g3b
1bjj,s,svp
1bjj,s,mze
1bjj,s,6xw
1bjj,s,54o
1bjj,s,xcn
1bjj,s,5k1
1bjj,s,22q
1bjl,h,1aet
1bjm,h,11k5
1bjn,h,zie
1bjo,s,1alw
1bjp,h,a4r
1bjq,h,uqz
1bjr,h,wer
1bjs,h,kcz
1bjt,h,n3k
1bjv,m,qho
1bk0,h,4bu
1bk1,h,4bv
1bk2,h,aka
1bk3,h,18e7
1bk4,h,m80
1bk7,h,fkh
1bk8,h,uz3
1bka,s,1jjo
1bkb,h,1bz5
1bkc,h,jlr
1bkd,h,hjj
1bke,h,mmg
1bkf,s,hlu
1bkh,s,qva
1bki,s,o09
1bki,s,1bec
1bki,s,ekv
1bki,s,1cb0
1bkj,s,1be9
1bkl,h,19bn
1bkn,h,nne
1bko,h,61a
1bkp,s,178h
1bkq,s,b3m
1bkr,h,ucg
1bku,h,25e
1bkw,h,15sr
1bkx,h,16pr
1bky,h,ews
1bkz,h,en9
1bl0,h,vrx
1bl1,s,lf5
1bl2,s,3jq
1bl3,h,16pr
1bl5,h,bc2
1bl6,s,pwx
1bl7,h,qzo
1bl8,h,1bkw
1bl9,h,xn8
1bla,h,fkh
1blb,h,b5a
1blc,h,1aku
1bld,h,g6q
1ble,s,1fbe
1blf,s,g6
1blf,s,tg8
1blf,s,fc
1blf,s,1ddn
1blf,s,ex
1blg,h,agw
1blh,h,1eon
1bli,s,v1x
1blj,s,1ep7
1blk,h,924
1blm,h,1gy9
1bln,h,g0u
1blo,h,qxd
1blp,h,j3y
1blq,h,xxy
1blr,h,z2y
1bls,h,g0y
1blt,h,tbj
1blu,h,19kv
1blu,h,145x
1blv,s,z7j
1blw,h,1c20
1bm0,m,1bm1
1bm3,h,18es
1bm4,h,gjd
1bm5,h,c1g
1bm6,h,8gu
1bm7,s,12q9
1bm8,s,1bnd
1bm8,s,1bn4
1bm8,s,1bmr
1bm8,s,1bmx
1bm8,s,1bnh
1bm8,s,1bmy
1bm8,s,1bmu
1bm8,s,1bnc
1bm8,s,1bmk
1bm8,s,1bmq
1bm9,m,m27
1bm9,m,1ezl
1bm9,m,1flu
1bm9,m,11ye
1bm9,m,1j5t
1bm9,m,yp2
1bm9,m,ug3
1bm9,m,wq7
1bm9,m,8af
1bm9,m,vgy
1bm9,m,1bme
1bm9,m,1bn3
1bmb,h,u7f
1bmc,h,fc5
1bme,m,mxj
1bme,m,18f4
1bme,m,arl
1bme,m,96h
1bme,m,kgr
1bmf,m,11yv
1bmf,m,rsk
1bmf,m,41f
1bmf,m,23
1bmf,m,17w7
1bmg,m,9lv
1bmh,h,b1r
1bmi,h,b1r
1bmj,h,1kbn
1bmk,s,1bm8
1bml,h,b1r
1bmn,h,fc5
1bmo,h,u7f
1bmq,s,1bm8
1bmr,s,1bm8
1bms,s,h05
1bmu,s,1bm8
1bmx,s,1bm8
1bmy,s,1bm8
1bmz,s,bdy
1bmz,s,myu
1bn0,s,3mj
1bn0,s,w36
1bn1,h,73u
1bn3,h,1qp
1bn4,s,1bm8
1bn5,h,1kmw
1bn6,h,164e
1bn7,h,b1r
1bn8,m,2v7
1bn8,m,1f60
1bn8,m,yaf
1bn8,m,7pg
1bn8,m,y9x
1bn9,h,fc5
1bna,h,u7f
1bnc,s,1bm8
1bnd,s,1bm8
1bnf,s,1jzp
1bnh,s,1bm8
1bni,h,17so
1bnj,s,g48
1bnl,h,3nm
1bnn,h,cf2
1bno,m,so9
1bno,m,9cx
1bno,m,17wm
1bno,m,1ivz
1bno,m,qp5
1bnp,m,1bno
1bnp,m,8ge
1bnq,h,1cj8
1bnr,h,1e4p
1bns,h,14nw
1bnt,h,9tf
1bnu,h,jd0
1bnw,h,4qw
1bnx,h,tf9
1bnx,m,1bnw
1bnx,m,1bny
1bny,h,4qv
1bnz,h,bc1
1bo0,h,3iy
1bo0,m,x8
1bo0,m,u7f
1bo1,h,u7f
1bo2,h,2sg
1bo3,h,944
1bo4,h,2sk
1bo5,h,2sk
1bo6,h,14nw
1bo7,h,1bo8
1bo8,h,co9
1bo8,h,18cx
1bo8,m,7jy
1bo8,m,wvw
1bo9,s,1hh7
1boa,s,t8o
1bob,h,1jdz
1bod,h,1jgz
1boe,h,15dx
1bof,h,1291
1boi,h,f57
1bok,h,law
1bol,h,1kkw
1bom,h,3ui
1bon,h,10xe
1boo,h,10xf
1bop,m,106w
1bop,m,8da
1bop,m,14pp
1bop,m,2p0
1bop,m,1yt
1bop,m,ut7
1bop,m,1fv5
1bop,m,ump
1bop,m,ln1
1bop,m,8hj
1bop,m,1kzg
1bop,m,uzr
1bop,m,4dn
1bop,m,uxz
1bop,m,7vp
1bop,m,7lp
1bop,m,thk
1bop,m,19lu
1bop,m,rvo
1bop,m,1ims
1bop,m,8j8
1bop,m,c5y
1bop,m,1bp5
1bop,m,4kh
1bor,h,l26
1bou,h,hea
1bov,h,gwy
1bow,h,19b0
1box,h,gtt
1boy,h,fsv
1bp0,h,j2h
1bp1,h,1dwu
1bp2,h,oli
1bp3,h,mcp
1bp4,h,e3g
1bp5,h,ifo
1bp8,h,17i3
1bp9,h,xvy
1bpa,h,1qp
1bpc,h,1ays
1bpd,h,4sb
1bpf,h,fg4
1bpg,h,wiu
1bph,h,12ql
1bpi,h,6h1
1bpj,h,i5a
1bpk,h,bt1
1bpl,h,6gs
1bpm,h,2tq
1bpn,h,18qi
1bpo,s,1fc9
1bpp,s,1i1t
1bpq,s,1i1e
1bpr,h,162c
1bps,h,io8
1bpt,h,m8h
1bpu,h,1ij4
1bpv,h,b4x
1bpx,h,527
1bpy,h,1747
1bq0,h,19oq
1bq1,h,1g5c
1bq3,h,l26
1bq4,h,hlj
1bq5,h,1fp8
1bq6,h,y7d
1bq8,h,1j8m
1bq8,h,iwb
1bq9,h,160o
1bqa,h,4pe
1bqb,h,k2c
1bqd,s,1ci6
1bqe,h,1b0f
1bqe,m,ifp
1bqf,h,bxm
1bqg,h,10wf
1bqh,h,j7o
1bqi,s,fuw
1bqk,h,vql
1bql,m,1bqn
1bqn,h,mwk
1bqo,s,16p7
1bqq,h,1e8c
1bqr,h,bq8
1bqv,h,10n3
1bqw,s,pow
1bqx,h,k4s
1bqy,h,tee
1bqz,h,1kxi
1br0,h,13cz
1br1,h,3g6
1br2,h,oli
1br3,h,14ue
1br4,h,1brm
1br5,h,9f0
1br6,h,zp8
1br7,h,1avi
1br8,h,6ik
1bra,h,143k
1brd,s,b5w
1bre,h,yij
1brf,h,10df
1brg,h,18kk
1brh,h,1c48
1bri,h,1h0o
1bri,m,nko
1bri,m,5nc
1brj,m,5nc
1brk,s,1af9
1brl,h,h8h
1brm,h,t7a
1brn,h,k3l
1bro,s,8hv
1brp,h,y99
1brq,h,azc
1brr,h,1bkt
1brs,h,4hc
1brt,h,319
1brv,h,132u
1brw,s,1fxa
1brx,h,1ikw
1bry,h,1jtk
1bry,m,1bs5
1bry,m,4cl
1brz,h,pxk
1bs0,h,1gba
1bs1,h,1cr5
1bs2,h,5di
1bs3,h,t8s
1bs4,h,wf4
1bs5,h,12op
1bs6,h,nxy
1bs7,h,wle
1bs8,h,z7z
1bs9,h,fkh
1bsb,s,izl
1bsc,s,1bsn
1bsd,h,avy
1bse,h,b8l
1bsf,h,it9
1bsg,h,g0a
1bsi,h,87y
1bsj,h,mg
1bsk,h,91w
1bsl,h,wvj
1bsm,h,1kkz
1bsn,s,f4e
1bsn,s,1bsc
1bsp,h,ijl
1bsq,h,ijg
1bsr,h,1er0
1bsr,m,1iqu
1bsr,m,kvf
1bsr,m,6qt
1bss,h,sh7
1bst,s,pm2
1bsu,s,tve
1bsu,s,9ul
1bsu,s,10tf
1bsu,s,1hwl
1bsu,s,10te
1bsu,s,143f
1bsu,s,10tm
1bsx,h,vua
1bsy,s,1bt5
1bt0,h,epp
1bt1,h,xsy
1bt2,h,g0u
1bt3,h,10tk
1bt4,h,10tk
1bt5,s,w2t
1bt5,s,yjf
1bt5,s,1bsy
1bt6,h,r18
1bt7,h,9m3
1bt8,h,4pe
1bt9,h,haq
1bta,h,ikh
1btb,h,1883
1btc,s,j9c
1bte,h,1c41
1btf,h,vd6
1btg,h,1c48
1bth,h,1aah
1bti,h,fpd
1btj,h,5y5
1btk,m,6sr
1btl,h,11fi
1btm,s,gec
1bto,h,11d9
1btp,h,14hy
1btr,h,11t0
1bts,h,1btw
1btv,h,11th
1btw,m,aob
1btw,m,13rv
1btz,h,2yn
1bu0,h,18px
1bu1,h,iro
1bu2,h,15lb
1bu3,h,re4
1bu4,h,pil
1bu5,h,rec
1bu7,h,1fd9
1bu8,h,lp2
1bu8,h,v3
1bu9,h,wmo
1buc,h,1ikw
1bud,h,1brx
1bue,h,edm
1buf,s,q3n
1bug,h,1acm
1buh,h,1kqf
1bui,h,15dx
1buj,h,1098
1buk,h,xan
1bul,h,1gg6
1bum,h,1bui
1bum,h,bp5
1bun,h,xbc
1buo,h,gkt
1bup,h,w7i
1buq,h,17cx
1bur,h,151x
1buu,h,m1e
1buv,h,3s0
1buw,h,1bub
1bux,h,15pv
1buy,h,vqv
1bv0,h,1egs
1bv1,h,oez
1bv2,h,1mc
1bv3,h,zm1
1bv4,h,1kqg
1bv5,h,13py
1bv6,h,zsd
1bv6,m,tjc
1bv7,h,1k13
1bv8,h,1l0w
1bvb,h,1130
1bvc,h,br6
1bve,h,deg
1bvf,h,113i
1bvg,h,13vi
1bvi,h,lpo
1bvi,m,i7
1bvi,m,k6p
1bvk,h,1jrx
1bvl,h,lpo
1bvm,h,lpp
1bvn,h,lpq
1bvq,h,ioy
1bvr,h,x9l
1bvs,m,1guq
1bvt,h,65p
1bvu,h,hzw
1bvv,h,31c
1bvy,m,1cp2
1bw1,h,17on
1bw3,h,462
1bw4,h,xkz
1bw5,m,v58
1bw5,m,nvz
1bw6,h,11k5
1bw8,h,1ckj
1bwa,h,t3y
1bwc,h,6ft
1bwd,h,13kq
1bwe,h,kaq
1bwf,h,91u
1bwg,h,1a64
1bwh,h,1j7
1bwj,h,13uc
1bwk,h,2ou
1bwl,h,13ye
1bwm,h,lds
1bwn,h,oav
1bwp,h,92k
1bwq,h,1ehj
1bws,h,3iv
1bwt,s,1dsp
1bww,h,qn2
1bww,m,1bom
1bwx,h,17b4
1bwy,h,12op
1bwz,h,13zj
1bx0,h,pxk
1bx2,h,xrq
1bx3,h,4a6
1bx4,h,jey
1bx5,h,evv
1bx6,h,91u
1bx7,h,q9q
1bx8,h,o57
1bx9,s,12p4
1bxa,h,u0a
1bxb,h,khr
1bxc,h,1av7
1bxd,h,xds
1bxe,h,17tv
1bxf,h,xds
1bxg,h,138o
1bxh,h,1ew8
1bxi,h,15x6
1bxj,h,1ids
1bxl,h,bm5
1bxm,h,bdb
1bxn,h,17m2
1bxo,h,17m0
1bxp,h,gk0
1bxq,h,16f7
1bxr,h,171e
1bxs,h,1d3g
1bxt,h,j2i
1bxv,h,1h4b
1bxw,h,13k4
1bxx,h,1409
1bxy,h,1isp
1bxy,m,1bxz
1bxz,h,mxe
1by2,m,1iyo
1by2,m,afr
1by3,h,jra
1by4,h,11y4
1by5,h,17lz
1by6,h,1cqp
1by7,h,1c4u
1by9,h,10sf
1bya,h,13uc
1byb,h,wiu
1byd,h,vvi
1bye,h,1ifw
1byf,h,nrj
1byg,h,nze
1byh,h,uz6
1byk,h,71g
1byl,h,nki
1bym,s,17my
1byr,h,19vd
1bys,h,u6u
1bys,m,1byr
1byt,h,zq2
1byu,m,1bz2
1byv,h,ddf
1byx,h,e3i
1byy,h,17m0
1byz,h,1kbs
1bz1,h,3bg
1bz2,h,1a64
1bz6,h,3eq
1bz7,h,93z
1bz9,h,hvw
1bza,s,1b4e
1bza,s,u48
1bza,s,1j0u
1bza,s,drm
1bza,s,1c5j
1bza,s,16on
1bza,s,pwu
1bza,s,jm3
1bza,s,62p
1bza,s,h1f
1bza,s,1l0e
1bzc,s,1fcc
1bzc,s,o1d
1bzc,s,2ey
1bzc,s,5ud
1bzc,s,fp2
1bze,s,1idm
1bzf,s,q9a
1bzg,h,4z2
1bzi,h,4z2
1bzk,h,rg2
1bzl,h,r78
1bzm,h,14ld
1bzo,h,143j
1bzp,s,1ch
1bzu,h,vrx
1bzv,h,80x
1bzw,h,1an5
1bzx,h,iwr
1bzy,h,irz
1bzz,h,1iku
1c00,h,13zf
1c01,h,126k
1c04,h,11k5
1c05,h,15ob
1c06,h,g1l
1c07,h,pna
1c08,h,yij
1c09,h,1c41
1c0a,h,1k0f
1c0b,h,103n
1c0c,h,1bks
1c0d,h,fda
1c0f,h,1478
1c0g,s,fuw
1c0h,h,1478
1c0j,s,cl0
1c0k,h,1c08
1c0l,h,1arh
1c0m,h,1bks
1c0n,h,ka9
1c0o,h,kaa
1c0p,h,585
1c0r,h,1hrp
1c0t,h,32
1c0v,h,pgz
1c0w,h,s5m
1c0x,h,rzl
1c0y,h,rzl
1c0z,h,r8p
1c10,h,1kjy
1c11,h,1klm
1c13,h,1d79
1c14,h,10pp
1c16,h,1ghu
1c17,h,5jb
1c18,h,6p2
1c1a,s,6p4
1c1c,h,6c6
1c1d,h,19r2
1c1e,h,cn8
1c1h,h,kwe
1c1i,h,q9p
1c1j,s,dem
1c1k,h,1klm
1c1l,h,1er2
1c1m,h,1c48
1c1n,h,ztu
1c1o,h,br4
1c1p,h,kam
1c1q,h,irz
1c1t,h,12zx
1c1u,h,wiu
1c1w,h,qrf
1c1x,h,12l3
1c1y,h,dzp
1c20,h,dzj
1c22,h,7uj
1c23,h,18v
1c24,h,18v
1c27,h,1dv4
1c28,s,zlf
1c28,s,1iwd
1c28,s,iw9
1c29,h,1c2a
1c2a,h,vz
1c2b,h,1c2a
1c2c,h,esq
1c2d,h,w8u
1c2e,h,qmc
1c2f,h,fmp
1c2g,h,77
1c2h,h,re0
1c2i,h,1ken
1c2j,h,i61
1c2k,h,1keo
1c2l,h,luh
1c2m,h,1kly
1c2n,h,130e
1c2o,s,1bbf
1c2p,s,76
1c2q,h,1dv7
1c2r,h,1dv6
1c2s,h,1duy
1c2t,h,xyh
1c2u,s,xxp
1c2u,s,q1q
1c2u,s,rc3
1c2v,h,4i
1c2x,h,wtf
1c2y,h,l9p
1c2z,h,1gav
1c30,h,1kbt
1c31,h,bs4
1c31,h,dge
1c33,h,1kj3
1c34,h,16ed
1c35,h,1jf1
1c37,h,1g82
1c38,s,rm8
1c38,s,r5h
1c38,s,k4p
1c38,s,rjc
1c38,s,11gs
1c3e,h,12bp
1c3f,h,lhm
1c3h,h,137y
1c3i,h,fx7
1c3j,h,z4a
1c3k,h,1ilj
1c3l,h,11k5
1c3m,h,3e6
1c3n,h,nv9
1c3o,h,84i
1c3q,s,v6
1c3t,h,25m
1c3u,h,hy5
1c3v,h,j6u
1c3w,h,3ie
1c3x,s,jy
1c3y,h,13vp
1c3z,h,bzf
1c40,h,192t
1c41,h,vdr
1c42,h,192t
1c45,h,vdc
1c49,h,91v
1c4a,h,vd6
1c4c,h,sw5
1c4d,h,trv
1c4e,h,hn0
1c4f,h,hn0
1c4g,s,q8h
1c4i,h,169s
1c4j,h,zhp
1c4k,h,9ka
1c4l,h,1kp8
1c4m,h,odd
1c4n,h,132t
1c4o,h,too
1c4o,h,1ak9
1c4p,h,1c58
1c4q,s,1ibd
1c4r,h,11mg
1c4v,h,rwh
1c4w,h,18kk
1c4x,h,18kk
1c4y,h,ckb
1c4z,h,srl
1c50,h,2k0
1c51,h,4sa
1c52,h,922
1c53,h,bc1
1c54,h,10bt
1c55,h,m8b
1c56,h,ixf
1c57,s,13il
1c59,h,xdt
1c5a,h,ckd
1c5b,h,9tg
1c5c,h,ckb
1c5f,h,13ye
1c5g,h,r1s
1c5h,h,mts
1c5i,h,e3i
1c5j,s,1bza
1c5k,h,18zh
1c5m,h,m1b
1c5n,h,4x9
1c5o,h,n3y
1c5p,h,1ids
1c5q,h,5z1
1c5r,h,4xa
1c5s,h,lvy
1c5t,h,1cwn
1c5u,h,clg
1c5v,h,1bp6
1c5z,s,hb7
1c60,s,k0
1c61,h,1jq3
1c62,h,18kk
1c63,h,157h
1c64,h,1k08
1c66,h,17ts
1c67,h,17uv
1c68,h,1bph
1c6a,m,1c68
1c6b,h,rwh
1c6c,h,1ca8
1c6d,h,ckb
1c6e,h,17hk
1c6f,h,1k19
1c6h,h,mxe
1c6i,h,n3y
1c6j,s,1idz
1c6k,h,1kiy
1c6l,h,bj4
1c6m,h,jb4
1c6n,h,n1c
1c6o,h,fnm
1c6q,h,69x
1c6r,h,kll
1c6s,h,13zk
1c6u,h,13vg
1c6u,m,17pk
1c6v,h,1410
1c6w,h,hpi
1c6x,h,1d63
1c6y,h,mgs
1c6z,h,i5a
1c70,h,1a64
1c72,h,138q
1c73,h,18cx
1c74,h,1ikw
1c75,h,12yi
1c76,h,91u
1c77,h,1iku
1c78,h,1926
1c79,h,1bto
1c7a,h,x08
1c7b,h,11d6
1c7c,h,re8
1c7d,h,1jod
1c7e,h,r1f
1c7f,h,1bca
1c7g,h,1386
1c7h,h,1bba
1c7i,h,11z7
1c7j,s,1a28
1c7l,h,8ot
1c7o,h,1kbn
1c7p,h,p5k
1c7q,h,5vn
1c7r,s,1i4n
1c7s,s,1cyy
1c7u,h,18hq
1c7v,m,18en
1c7v,m,19h7
1c7w,s,uf8
1c7x,h,1jny
1c7y,s,1c8g
1c7y,s,14ru
1c7y,s,1c8n
1c7z,h,15tk
1c80,h,yvk
1c81,h,19qr
1c82,h,1afe
1c83,h,bmj
1c84,h,31c
1c86,s,10cd
1c87,s,fbo
1c88,s,bye
1c89,h,19qu
1c8a,h,xib
1c8b,h,q0
1c8c,h,1330
1c8d,h,vl2
1c8e,h,19kk
1c8f,h,1c8c
1c8g,s,1c7y
1c8n,s,1c7y
1c8o,h,1j4e
1c8o,m,1c8p
1c8p,h,1iso
1c8r,h,13lm
1c8s,h,152t
1c8u,h,xak
1c8v,s,uhd
1c8w,h,1ak9
1c8x,h,4pe
1c8y,h,z4m
1c8z,h,19kv
1c90,h,rbp
1c91,h,qdg
1c92,h,yij
1c93,h,1a3y
1c94,h,yij
1c95,h,31c
1c96,h,p5j
1c97,h,1iku
1c98,h,jf8
1c9a,h,1ken
1c9b,h,b6c
1c9c,h,uf6
1c9d,h,uh1
1c9e,h,xe4
1c9f,h,bq8
1c9g,h,13lm
1c9i,h,1dvi
1c9j,h,1bks
1c9k,h,1aw4
1c9l,h,9sy
1c9m,h,k2c
1c9n,h,18xq
1c9o,h,dz9
1c9o,m,1c9n
1c9p,h,twk
1c9q,h,18u6
1c9r,s,cyu
1c9s,h,767
1c9u,h,2qh
1c9v,h,d15
1c9w,s,a9p
1c9x,h,ucd
1c9y,h,mzt
1c9z,h,ucf
1ca0,h,uch
1ca2,h,3hd
1ca3,h,sxx
1ca4,h,3hd
1ca5,h,ia0
1ca6,h,17g1
1ca7,h,li9
1ca8,h,ffs
1ca9,h,1k08
1caa,h,yij
1cab,h,1ca9
1cac,m,s91
1cac,m,ap6
1cac,m,1ai6
1caf,h,czp
1cah,h,5vj
1cai,h,1fiu
1caj,h,3gw
1cak,s,nq6
1cal,h,18wh
1cam,s,1cay
1can,h,1clf
1cao,h,zn1
1cap,h,1cfu
1caq,h,q16
1car,h,91u
1cas,h,91v
1cat,s,1cay
1cau,h,9c5
1cav,h,18v
1caw,h,ews
1cax,s,o7r
1cay,s,1cat
1cay,s,1cam
1cay,s,k2m
1cay,s,t2h
1caz,m,1cdv
1cb0,s,1bki
1cb1,s,1i4q
1cb2,s,44q
1cb3,h,19vi
1cb4,h,lw7
1cb5,h,ok8
1cb6,h,c4
1cb9,s,5k
1cbc,h,1209
1cbd,h,u5n
1cbe,h,2yb
1cbf,h,2yb
1cbh,h,srl
1cbj,h,1d96
1cbj,m,12gd
1cbj,m,1cf5
1cbk,h,krf
1cbk,m,1cbs
1cbl,h,1cqp
1cbm,h,60z
1cbm,m,13xa
1cbo,h,1e74
1cbp,m,1bo5
1cbq,h,1493
1cbr,h,19ho
1cbs,h,hn0
1cbt,h,73a
1cbv,h,10uj
1cbw,h,12e0
1cbw,m,1igg
1cbx,h,geq
1cby,h,1gg5
1cbz,h,18l3
1cc0,h,12e0
1cc2,h,qqt
1cc3,h,1a4c
1cc3,h,doo
1cc4,h,1du7
1cc5,h,16je
1cc6,h,ad2
1cc7,h,cob
1cc9,h,hn0
1cca,h,1jgz
1ccb,h,1jgz
1ccc,h,2yb
1ccd,h,106o
1cce,h,1168
1ccg,h,p3i
1cci,h,31j
1ccj,h,1gg5
1cck,h,ffa
1ccm,h,4pe
1ccn,h,91v
1cco,h,4pe
1ccp,h,q2l
1ccq,h,q2l
1ccr,s,1f7p
1ccs,h,2im
1cct,h,aqw
1ccu,h,gve
1ccv,h,91u
1ccw,h,gve
1ccy,s,10d5
1ccz,h,1klm
1cd0,h,gvf
1cd1,h,1bci
1cd2,s,1hcj
1cd4,h,1cd5
1cd5,h,1jsb
1cd5,m,sxi
1cd5,m,1coa
1cd6,h,1jxu
1cd8,h,loy
1cd9,h,1349
1cda,h,vd6
1cdb,h,jey
1cdc,h,y9b
1cdd,h,din
1cde,h,din
1cdf,s,al6
1cdf,s,ng
1cdf,s,415
1cdf,s,kl7
1cdf,s,15af
1cdf,s,cba
1cdf,s,17mm
1cdf,s,14oh
1cdf,s,tvq
1cdf,s,wxd
1cdf,s,nop
1cdf,s,14oe
1cdg,h,uz1
1cdh,h,gf4
1cdi,h,xe0
1cdj,h,zbn
1cdm,h,kod
1cdn,m,yi4
1cdn,m,15oc
1cdn,m,r6n
1cdo,h,pag
1cdp,h,14my
1cdq,h,lmc
1cdr,h,1jgz
1cds,h,14mr
1cdt,h,1168
1cdu,h,pap
1cdv,h,b1i
1cdw,h,68x
1cdx,h,v0z
1cdy,h,190b
1cdz,h,z2t
1ce0,h,1cxv
1ce1,h,ebv
1ce2,h,19vi
1ce3,h,1cxv
1ce4,h,1cxy
1ce5,h,1cxy
1ce7,s,16p7
1ce8,s,6m9
1ce9,m,29c
1cea,h,hsf
1cec,h,1brt
1ced,h,9zb
1cee,h,1e74
1cef,h,uqz
1ceg,h,f30
1ceh,h,pzw
1cei,h,14ta
1cej,h,z4
1cek,h,1b7s
1cel,h,19qt
1cem,h,1c8r
1cen,h,hqf
1cep,h,922
1ces,h,im
1cet,h,kbe
1ceu,h,1kly
1cev,h,1168
1cex,h,132t
1cey,h,1349
1cez,h,117b
1cf0,h,132r
1cf1,h,1it1
1cf2,h,1ecf
1cf3,h,1cxq
1cf4,h,1cxs
1cf6,h,e71
1cf7,h,16rf
1cf8,h,4pe
1cf9,h,4pe
1cfa,h,16oq
1cfb,h,igf
1cfc,h,1ckz
1cfd,h,bug
1cfe,h,vrt
1cff,h,14nw
1cfg,h,19hy
1cfh,h,4pe
1cfi,s,1cus
1cfi,s,1661
1cfi,s,1cfx
1cfi,s,166m
1cfi,s,wvn
1cfj,s,8fi
1cfj,s,4je
1cfj,s,3nj
1cfk,s,ap
1cfk,s,9zm
1cfl,h,1ebl
1cfn,h,1inx
1cfo,h,1349
1cfp,h,k6b
1cfq,s,ay1
1cfr,s,165t
1cft,h,bc2
1cfv,h,166f
1cfw,h,vru
1cfx,s,1cfi
1cfy,h,1fcj
1cfz,s,191l
1cg0,h,1cg2
1cg1,h,dgj
1cg2,h,zou
1cg3,s,1csh
1cg3,s,1aq3
1cg3,s,duy
1cg6,h,1ckm
1cg7,h,u15
1cg8,h,xak
1cg9,s,i6a
1cga,s,11hx
1cgb,s,165u
1cge,h,124i
1cgh,h,8bn
1cgm,h,1f62
1cgm,m,twn
1cgr,h,afp
1cgt,h,xrq
1cgv,s,iaz
1cgw,h,jey
1cgx,h,uqz
1cgy,h,uqz
1cgz,h,8sx
1ch2,h,kl
1ch4,h,nv9
1ch5,h,11ff
1ch6,h,vd6
1ch7,h,1fzx
1ch8,h,1a8j
1ch9,s,177q
1cha,h,1cmy
1chb,h,12vi
1chc,h,kx8
1chd,h,1crk
1che,h,kp9
1chf,s,1chg
1chg,s,1chf
1chh,s,kvo
1chj,h,17io
1chk,h,ucd
1chl,h,ucf
1chm,h,1bto
1chn,h,h24
1chp,h,lvv
1chr,h,z1w
1cht,s,psu
1chx,h,tv1
1chz,h,kn
1ci0,h,1ch1
1ci1,h,tr9
1ci2,s,1ci6
1ci4,s,1ci6
1ci6,s,1ci2
1ci6,s,1bqd
1ci6,s,1ci4
1ci7,h,1bo8
1ci8,h,4x6
1ci9,h,1gzl
1cia,h,twu
1cib,h,uo
1cic,h,4wy
1cig,h,12f0
1cih,h,923
1cij,h,btk
1cik,h,z8t
1cil,h,d8s
1cim,s,148k
1cin,s,zhh
1cio,h,1abc
1cip,h,1615
1ciq,h,19zu
1cir,h,xdt
1cis,s,1dy1
1cit,s,1dy2
1civ,h,4xa
1ciw,h,pa2
1cix,h,13sh
1ciy,h,1dm6
1ciz,h,f32
1cj0,h,en6
1cj1,h,en6
1cj2,s,v1t
1cj3,h,111z
1cj4,h,1104
1cj5,h,q2l
1cj7,h,3iy
1cj8,h,mnk
1cj9,m,ibh
1cja,h,hlw
1cjb,h,iw5
1cje,h,kvz
1cjf,h,q0d
1cjg,s,1ehn
1cjh,h,w52
1cji,h,1f8a
1cjj,h,w52
1cjl,h,aka
1cjm,h,16o5
1cjn,h,7jw
1cjo,h,10ui
1cjp,h,12s6
1cjr,h,1kff
1cjs,h,1cjp
1cjt,s,b5w
1cju,h,yil
1cjv,h,cxr
1cjw,s,1he6
1cjx,h,vsj
1cjy,h,j3y
1cjz,h,132r
1ck1,h,xds
1ck2,h,xaq
1ck3,s,ylo
1ck4,s,k5u
1ck5,h,w28
1ck7,h,vjb
1ck8,h,19gc
1ck8,h,exu
1ck9,h,dsg
1ckc,h,vmo
1ckd,h,7og
1cki,h,anb
1ckj,h,18wh
1ckk,h,ibi
1ckm,h,1cj7
1ckp,s,tdn
1ckr,h,1arh
1cks,h,i5a
1ckt,h,7dq
1cku,h,tk
1ckv,h,ii
1ckw,h,e47
1ckx,h,1d78
1cky,h,6hq
1ckz,h,4pe
1cl1,h,4pe
1cl3,h,99r
1cl4,h,1cxw
1cl5,h,jey
1cl6,h,239
1cl8,h,lgf
1cl9,s,bp3
1cla,h,uim
1clb,h,16p9
1cle,h,16p9
1clg,h,1668
1clh,s,eku
1clh,s,ihn
1clh,s,tkb
1clh,s,k2l
1clh,s,1dwm
1clh,s,1dwl
1cli,s,193p
1clk,h,1cas
1cll,s,o7r
1clm,h,deu
1cln,h,16ro
1clo,h,4iq
1clp,h,1egc
1clq,h,xdt
1clr,h,lm0
1cls,h,b7u
1clu,h,1ipt
1clv,h,hlj
1clw,h,17b8
1clx,h,214
1cly,h,a1p
1clz,h,c1g
1cm0,h,5zm
1cm1,s,c1l
1cm2,h,c1s
1cm3,h,19y9
1cm4,h,1gg6
1cm5,s,1k03
1cm8,h,1e8c
1cma,h,1j2
1cmb,h,19s4
1cmc,h,6hr
1cmd,h,ckb
1cme,h,j4o
1cmg,h,uz6
1cmh,s,no9
1cmi,s,noa
1cmj,h,44k
1cml,s,11j4
1cml,s,5m
1cml,s,o3k
1cml,s,5xv
1cmm,h,epl
1cmn,s,ogo
1cmo,h,b8c
1cmp,h,1b8i
1cmq,h,91v
1cmr,h,91u
1cms,h,1izm
1cmt,h,1g4e
1cmu,h,kqm
1cmw,h,ozx
1cmw,h,151v
1cmy,h,bxa
1cmz,h,bxa
1cn0,s,v3w
1cn1,h,c4
1cn2,h,bx6
1cn3,h,bx6
1cn4,h,nlh
1cne,h,2d1
1cne,h,1cwn
1cnh,m,9fb
1cnj,h,1j2
1cnk,h,1guu
1cnm,h,zpo
1cnn,h,9a4
1cno,h,16ed
1cnp,h,1gzk
1cnq,s,1cnt
1cnr,h,1gi8
1cnt,s,1cnq
1cnu,h,1klm
1cnv,h,1ef
1cnw,h,1eiw
1cnx,h,ews
1cny,h,19ui
1cnz,h,13re
1co0,h,192c
1co2,h,nlk
1co3,s,bq2
1co4,h,1104
1co5,h,1guu
1co6,h,1brt
1co8,h,9rn
1co9,h,u8e
1coa,h,1dv4
1coa,m,1gh5
1coa,m,17bj
1coc,h,5sz
1cod,h,1gg6
1coe,h,1gg6
1cof,h,17u2
1cog,h,1duw
1coh,h,1gg6
1coi,h,1jgz
1coj,h,14nw
1cok,h,xdv
1col,h,doo
1col,m,dol
1com,h,st7
1con,h,6zg
1coo,h,9fx
1cop,h,1coo
1coq,h,1cov
1cor,h,1a64
1cou,h,1cov
1cov,h,10oz
1cow,h,129z
1cox,h,xb5
1coy,h,ozx
1coz,h,10zq
1cp0,h,1coo
1cp4,h,16kh
1cp4,m,1u0
1cp5,h,11t0
1cp6,s,5em
1cpb,h,16jd
1cpc,s,bye
1cpd,s,1hr5
1cpd,s,4gv
1cpd,s,1cpk
1cpe,s,1hhy
1cpg,h,zig
1cph,h,a21
1cpi,h,flb
1cpj,h,zi5
1cpk,s,1cpd
1cpl,h,wzg
1cpm,h,15kt
1cpm,m,ia2
1cpm,m,1ami
1cpo,s,ef1
1cpt,h,35w
1cpu,h,1i2s
1cpw,h,1fo3
1cpx,h,65p
1cpx,m,v91
1cpx,m,ma8
1cpz,h,oys
1cq0,h,1cpy
1cq0,h,1cg
1cq1,h,rcq
1cq2,h,fbw
1cq5,h,srl
1cqb,h,oav
1cqc,h,oav
1cqd,h,fkh
1cqe,h,16mw
1cqf,h,c1g
1cqg,h,jsk
1cqh,h,z8o
1cqi,h,3hd
1cqj,h,1cqi
1cqk,h,132u
1cqn,h,14h
1cqo,h,wiu
1cqp,h,pxk
1cqq,h,tu8
1cqr,h,tkj
1cqs,h,vbn
1cqs,h,7gt
1cqu,h,pxk
1cqv,h,14je
1cqw,h,4pe
1cqx,h,11k0
1cqy,h,e3g
1cqz,h,jez
1cr0,h,jez
1cr1,h,jez
1cr2,h,11yp
1cr3,h,11yp
1cr4,h,krh
1cr6,h,11js
1cr7,h,4iq
1cr8,h,1j74
1cr9,h,2tq
1crb,h,vgd
1crc,h,121n
1crd,s,1k03
1cre,s,oy
1crf,h,v3k
1crh,s,psm
1cri,s,1d8k
1crj,h,91v
1crk,h,91u
1crl,h,16sr
1crm,h,jwh
1crn,h,13u5
1cro,h,xxy
1crq,h,qik
1crr,h,3tp
1crs,h,16p9
1crt,h,rzs
1cru,h,1dvi
1crv,h,11k5
1crx,h,1byt
1cry,h,5qf
1crz,h,1koa
1cs1,h,11k5
1cs2,h,bc4
1cs3,h,bc2
1cs4,h,1aai
1cs5,h,fec
1cs6,h,sr2
1cs7,h,vd6
1cs8,h,1ifv
1cs9,h,dlq
1csa,h,pai
1csd,h,11t0
1cse,h,2hv
1cse,m,bbp
1cse,m,16vr
1csh,s,1cg3
1csi,h,auo
1csj,h,91u
1csk,s,duo
1csl,h,7s3
1csm,s,14yl
1csn,h,12ql
1csq,h,5r7
1csr,h,gmz
1css,s,1ct2
1cst,h,xx
1csu,h,2xw
1csv,h,xy
1csw,h,19co
1csx,s,imf
1csy,s,1256
1csy,s,17os
1csy,s,imj
1csy,s,8zv
1csy,s,1fh5
1csz,h,2xt
1ct0,h,qnp
1ct1,h,xxy
1ct2,s,im9
1ct2,s,1vw
1ct2,s,t2
1ct2,s,rkt
1ct2,s,1css
1ct3,h,10cg
1ct4,h,qrd
1ct5,h,11yq
1ct6,h,pbl
1ct7,h,agw
1ct8,h,8j
1ct9,h,1dws
1cta,h,zoc
1ctb,h,5vj
1ctd,h,1g8v
1ctf,h,15gw
1ctg,s,990
1ctg,s,4wt
1ctg,s,10s4
1ctg,s,vqu
1ctg,s,a9x
1ctg,s,9bk
1ctg,s,n4k
1cth,h,4pe
1cti,h,1fcm
1ctj,h,lhs
1ctk,h,rya
1ctl,h,1duw
1ctm,h,1cdn
1ctp,h,uu4
1ctq,h,hun
1ctr,h,10cw
1cts,h,10cw
1ctt,h,xbt
1ctu,h,bv7
1ctv,h,n5o
1ctw,h,bv7
1ctx,h,b9h
1cty,h,16sw
1cu0,h,fvj
1cu1,h,14h
1cu2,h,xds
1cu3,h,xdt
1cu4,h,1klc
1cu5,h,8n1
1cu6,s,14e
1cu7,h,pxk
1cu8,h,14j
1cu9,s,xef
1cub,h,1dv4
1cuc,h,19m3
1cud,h,10cg
1cue,h,k0e
1cuf,h,i78
1cug,h,1cqp
1cuh,s,15al
1cuj,h,81g
1cuj,m,19r3
1cuk,h,w27
1cul,h,1dv4
1cul,h,nko
1cum,h,16li
1cun,h,1cdn
1cup,h,ki1
1cuq,h,ukm
1cur,h,nko
1cus,s,1cfi
1cut,h,nv8
1cuu,h,i5a
1cuv,h,1duw
1cuw,h,1duw
1cux,h,1duw
1cuy,h,1duw
1cuz,h,193z
1cv0,h,kxx
1cv1,h,1jht
1cv2,h,12p
1cv3,h,6gt
1cv4,s,lir
1cv6,h,k3m
1cv7,h,rej
1cv8,h,143j
1cv9,h,107p
1cvb,h,p18
1cvb,m,qy3
1cvc,h,149p
1cvd,s,1i8k
1cve,h,jd0
1cvf,h,1209
1cvg,h,16iw
1cvh,h,1367
1cvi,h,l30
1cvj,h,l30
1cvl,h,15kp
1cvn,h,1ktn
1cvo,h,yxh
1cvp,h,muf
1cvq,s,qej
1cvr,s,byc
1cvs,h,9rg
1cvu,h,11qp
1cvv,h,tk
1cvw,s,1how
1cvz,h,15ee
1cw2,h,1eyi
1cw4,h,srl
1cw6,h,18jz
1cwa,h,2fb
1cwb,h,zq2
1cwc,h,r5q
1cwd,h,q6f
1cwe,h,2jb
1cwf,h,f5c
1cwg,h,fk
1cwh,h,ls6
1cwk,h,qmc
1cwm,h,1jgz
1cwo,m,1389
1cwp,h,11g6
1cww,h,alj
1cwx,s,9of
1cwy,h,sfx
1cwz,h,zbf
1cx0,h,194y
1cx1,h,14uj
1cx4,h,3gw
1cx5,h,z2n
1cx6,h,ebv
1cx7,h,1cdz
1cx9,h,vi4
1cxc,h,d33
1cxd,h,it
1cxe,h,in
1cxf,h,18zw
1cxg,h,1dbr
1cxh,h,hy8
1cxi,h,15hj
1cxj,h,n3y
1cxk,h,in1
1cxl,h,q6g
1cxm,h,12zy
1cxn,h,1388
1cxo,h,1awf
1cxp,h,oof
1cxq,h,hqy
1cxr,h,ii
1cxs,h,1ckv
1cxt,h,1fzp
1cxu,h,sm4
1cxw,h,13no
1cxx,h,r7w
1cxz,h,z2x
1cxz,m,12j3
1cxz,m,py1
1cy0,h,jgu
1cy2,h,1cxt
1cy4,s,z2q
1cy6,h,12jw
1cy7,s,a9n
1cy8,h,12gb
1cy9,h,hq3
1cya,h,1foz
1cyb,h,16ui
1cyc,h,awt
1cye,m,mz2
1cye,m,8mj
1cye,m,26f
1cyg,h,e1
1cyh,h,say
1cyi,h,say
1cyj,h,em6
1cyk,h,17jj
1cym,h,1jf1
1cyo,h,fvj
1cyp,h,36z
1cyq,h,119e
1cys,h,5vn
1cyt,h,3gr
1cyw,h,10wp
1cyx,s,146w
1cyy,s,5wi
1cyy,s,nal
1cyy,s,22g
1cyy,s,fd9
1cyy,s,1fjy
1cyy,s,1c7s
1cyy,s,5dx
1cyy,s,5yv
1cyy,s,9mq
1cyy,s,62q
1cz0,h,jrz
1cz0,m,2b4
1cz0,m,a5n
1cz1,h,66v
1cz2,h,12j6
1cz3,h,tm6
1cz5,h,4k0
1cz6,h,1cx
1cz7,h,1aln
1cz9,h,1d46
1cza,m,mtf
1czb,h,o21
1czc,h,9gy
1czd,h,kma
1cze,h,10a6
1czf,h,94w
1czg,h,1cyc
1czh,h,10w6
1czj,h,1cfs
1czk,h,3p
1czl,h,1j5b
1czm,h,132s
1czo,h,xak
1czo,m,7qy
1czo,m,14o3
1czp,h,zl0
1czq,h,4pg
1czt,h,3gk
1czu,h,3gr
1czv,h,n3b
1czw,h,dt8
1czx,s,fuw
1czy,s,1icc
1czy,s,1fc
1czy,s,1hcf
1czz,s,1hig
1d00,s,51
1d00,s,n7p
1d04,s,bum
1d05,s,i6a
1d06,s,e7
1d07,s,1flz
1d08,s,oeh
1d09,s,c9r
1d0a,h,192w
1d0d,h,91u
1d0f,h,2yb
1d0g,h,ews
1d0h,s,1hpg
1d0i,s,fbn
1d0j,h,dde
1d0k,h,19qq
1d0n,h,e9k
1d0o,h,y6n
1d0p,h,qrd
1d0q,h,h80
1d0r,h,1ij2
1d0s,h,1fn0
1d0t,s,1ezz
1d0u,h,jxb
1d0v,h,92j
1d0w,s,xuq
1d0x,h,1gr8
1d0y,h,bf6
1d0z,h,oj4
1d10,h,ls6
1d11,h,kvc
1d12,h,twt
1d13,h,1a1u
1d15,h,sx3
1d16,s,mmv
1d16,s,cre
1d16,s,2am
1d16,s,l4u
1d16,s,dbn
1d16,s,zut
1d16,s,14st
1d16,s,14su
1d16,s,h6s
1d16,s,1jx5
1d16,s,z6e
1d16,s,ir0
1d17,s,1hqk
1d18,h,14ua
1d19,h,kap
1d1a,h,rbp
1d1b,h,11k5
1d1c,h,sfx
1d1d,h,1dmq
1d1e,h,1397
1d1g,h,18a
1d1h,h,b63
1d1i,h,bq1
1d1j,h,fnm
1d1k,h,bq8
1d1m,h,nma
1d1n,h,48j
1d1o,h,1k2n
1d1p,h,1fm7
1d1q,h,19rv
1d1r,h,jey
1d1s,h,b0h
1d1t,h,10w6
1d1u,h,ghb
1d1v,s,1ia9
1d1w,h,1g1s
1d1z,s,pyi
1d22,h,18oe
1d23,h,12bh
1d25,h,8ll
1d26,h,bc4
1d28,h,19qq
1d29,h,1293
1d2a,s,knb
1d2a,s,svr
1d2a,s,t7j
1d2b,h,fu0
1d2c,h,2yb
1d2d,h,91v
1d2e,h,14nw
1d2f,h,qv2
1d2g,h,m1e
1d2h,h,t7f
1d2i,h,t7f
1d2j,h,1d2i
1d2k,h,aat
1d2p,h,xlw
1d2r,h,1guu
1d2s,s,9of
1d2t,h,ckb
1d2v,h,55p
1d2w,h,oav
1d2x,h,5ig
1d2y,h,1a64
1d31,s,uf8
1d32,h,1gg6
1d33,s,uf8
1d34,h,1dke
1d35,h,949
1d36,h,k8n
1d37,h,xdt
1d38,h,17ts
1d39,s,111p
1d3a,h,ipe
1d3a,h,yuy
1d3b,h,61a
1d3b,m,vqz
1d3b,m,ks1
1d3b,m,wco
1d3c,h,cik
1d3d,h,xal
1d3e,h,keq
1d3f,h,j11
1d3g,h,17tv
1d3i,h,tr9
1d3j,h,nyt
1d3l,s,1i3w
1d3m,h,bux
1d3n,s,h7t
1d3o,s,1b1x
1d3p,h,1g8f
1d3r,h,1ff6
1d3s,h,1ff6
1d3t,h,hzw
1d3u,h,zjq
1d3v,h,y4b
1d3w,h,1d3z
1d3x,h,csk
1d3y,h,ast
1d3z,h,1ihq
1d41,h,sw5
1d41,m,swa
1d42,h,146d
1d43,s,1azi
1d46,h,143k
1d47,h,1460
1d48,h,91u
1d49,h,91v
1d4a,h,ews
1d4b,h,1gbh
1d4c,h,q9p
1d4d,s,hsp
1d4f,h,ki1
1d4i,h,j6
1d4j,h,2aj
1d4k,h,145q
1d4l,h,hmb
1d4m,h,f4l
1d4n,h,krd
1d4o,h,iw4
1d4p,h,1423
1d4q,s,vh9
1d4q,s,hme
1d4r,s,1grb
1d4s,h,12m
1d4t,h,ir9
1d4u,h,1d0a
1d4v,h,iod
1d4w,h,ixf
1d4x,h,gtt
1d4y,h,hba
1d4z,s,ubb
1d50,s,hb7
1d51,h,4pg
1d52,h,1f05
1d53,h,n3u
1d54,h,tos
1d55,h,14gk
1d56,h,1k80
1d57,h,xdt
1d58,s,hb7
1d59,s,kcc
1d5a,s,ixa
1d5b,h,l30
1d5d,h,u36
1d5e,h,ira
1d5f,h,1c58
1d5g,h,ckc
1d5h,h,n1f
1d5j,h,vd6
1d5l,h,kk0
1d5o,h,blj
1d5p,h,cxr
1d5q,h,ul
1d5r,h,1jgz
1d5s,h,1ggp
1d5t,s,pvl
1d5v,h,1168
1d5w,h,1e8c
1d5x,h,yij
1d5y,h,bfu
1d60,h,3gk
1d61,h,18qi
1d62,h,126k
1d63,h,1g33
1d64,h,3gr
1d65,h,15i9
1d66,h,147q
1d67,h,1g33
1d68,h,19qu
1d69,h,uya
1d6a,h,ec7
1d6b,h,119e
1d6c,h,1bfu
1d6d,h,bgn
1d6e,h,zvu
1d6f,h,3e6
1d6g,h,5xh
1d6k,h,c5f
1d6l,h,c5f
1d6m,h,19gc
1d6n,h,19f2
1d6o,h,jra
1d6q,h,anb
1d6r,h,2yb
1d6s,h,mn
1d6t,h,u6
1d6u,h,2yb
1d6v,h,jey
1d6w,h,16ed
1d6x,h,91u
1d6y,h,1931
1d6z,h,ssd
1d70,h,12g2
1d71,h,1klm
1d72,h,6hq
1d73,h,1fo3
1d74,s,1fc9
1d75,s,qzc
1d76,h,ieg
1d77,h,10sg
1d78,h,31c
1d79,h,ukm
1d7b,h,16ed
1d7c,h,16ed
1d7d,h,1b22
1d7e,h,16ed
1d7f,h,16ed
1d7g,h,wfd
1d7h,h,16ed
1d7i,h,41i
1d7j,h,sh7
1d7k,h,vdr
1d7l,h,vd6
1d7m,s,111p
1d7n,h,18xd
1d7p,h,19ik
1d7q,h,vdt
1d7r,s,wjl
1d7s,s,1hf1
1d7t,h,b5l
1d7u,h,1klm
1d7v,h,11fm
1d7w,h,zaa
1d7x,h,1gw8
1d7y,h,3h4
1d81,h,v5e
1d82,h,3go
1d83,h,1g2s
1d84,h,1g2w
1d85,h,18qc
1d86,h,yys
1d87,h,vcy
1d88,h,u8e
1d89,h,xak
1d8a,h,1g33
1d8b,h,1d64
1d8c,h,17pg
1d8d,h,kac
1d8e,h,1jgz
1d8i,m,b9j
1d8j,h,r9j
1d8k,s,1it8
1d8k,s,1cri
1d8k,s,1j65
1d8k,s,6ml
1d8k,s,nom
1d8k,s,ysk
1d8k,s,ky0
1d8k,s,sm7
1d8k,s,1683
1d8k,s,17ek
1d8l,s,r20
1d8m,s,rj8
1d8n,s,l7o
1d8o,h,6gh
1d8p,h,e7l
1d8r,h,11fm
1d8s,h,f2o
1d8t,h,w63
1d8u,h,1d1l
1d8u,h,19s4
1d8v,h,19rv
1d8w,h,1a64
1d8x,h,1cgm
1d90,s,lgj
1d91,s,bqk
1d92,h,tyk
1d93,h,1f9d
1d94,h,1f9d
1d96,h,31c
1d96,m,12dr
1d96,m,l00
1d97,h,bpp
1d98,h,aj8
1d9a,h,zp7
1d9c,h,10y8
1d9d,h,3h4
1d9e,h,h80
1d9f,h,hqp
1d9g,h,11k5
1d9h,s,1grb
1d9i,h,1bkn
1d9j,h,1bkv
1d9l,h,lmc
1d9m,h,6hq
1d9n,h,1fz
1d9o,m,nf7
1d9q,h,17so
1d9r,h,17py
1d9r,h,gvy
1d9r,m,1d9q
1d9r,m,rsc
1d9r,m,rsd
1d9r,m,rse
1d9t,h,15no
1d9u,h,15sa
1d9v,h,1ig4
1d9w,h,1b7t
1d9x,h,1jvt
1d9y,h,oli
1d9z,h,hqf
1da0,h,4rf
1da1,s,np3
1da1,s,63x
1da1,s,5uu
1da1,s,77v
1da1,s,g1v
1da1,s,eul
1da3,h,ra7
1da4,h,16p9
1da6,s,1a27
1da7,h,12cp
1da8,h,e3g
1da9,h,aef
1dab,s,11je
1dac,h,v3k
1dad,h,e3i
1dae,h,1ce6
1daf,h,12q4
1dag,h,mn
1dah,h,164o
1dai,s,ss
1daj,h,hwn
1dak,h,132u
1dam,h,1km1
1dan,h,1km1
1dao,h,2ex
1dap,s,886
1dar,h,f7a
1das,h,tak
1dat,h,b8l
1dau,h,17jj
1daw,h,xm7
1day,h,9e7
1daz,h,tag
1db0,h,1fcv
1db1,h,yzp
1db2,h,11kl
1db3,h,ymm
1db4,h,14te
1db5,h,qno
1db6,h,scx
1db7,h,con
1db8,h,a84
1db9,h,pzo
1dba,h,jw8
1dbb,s,lf4
1dbc,s,lf4
1dbd,h,9t6
1dbe,h,bhw
1dbf,h,14te
1dbg,h,ba8
1dbh,h,10b5
1dbi,s,z2q
1dbj,h,ea8
1dbk,h,148q
1dbl,h,176s
1dbm,h,1jgz
1dbn,h,xdt
1dbp,h,i7q
1dbq,h,1168
1dbt,h,1349
1dbu,h,11jd
1dbv,h,7uh
1dbw,h,a2w
1dbx,h,7uk
1dby,h,pst
1dbz,h,eq2
1dc0,h,1dxx
1dc1,s,1dy2
1dc2,s,fo0
1dc3,s,4tk
1dc4,h,jiq
1dc5,h,239
1dc6,h,pv8
1dc7,h,11ff
1dc8,h,1a5l
1dc9,h,3bk
1dca,h,j9
1dcb,s,fo0
1dcc,s,1b3
1dce,s,ygw
1dce,s,27h
1dce,s,eiv
1dce,s,a81
1dce,s,1jsw
1dce,s,5tp
1dce,s,ul6
1dcf,h,1afe
1dcg,h,q2d
1dch,h,wqq
1dck,h,mkr
1dcl,h,1d46
1dcm,h,16p9
1dcn,s,17rv
1dco,h,lqo
1dcp,m,10xz
1dcs,h,qkl
1dct,h,118m
1dcu,s,qld
1dcv,h,sh7
1dcw,m,1crw
1dcx,h,fc7
1dcy,h,13uc
1dcz,h,xsk
1dd0,h,uya
1dd1,h,1kq8
1dd2,s,ga4
1dd3,h,1dcy
1dd4,s,9eo
1dd4,s,1b4t
1dd4,s,9eu
1dd4,s,a09
1dd6,h,31s
1dd7,s,172h
1dd9,h,7f
1dda,h,1cfu
1ddb,h,16j9
1ddc,h,ews
1ddd,h,1fy1
1dde,h,1aku
1ddf,h,z2e
1ddg,s,3bw
1ddh,h,1a64
1ddj,h,12vm
1ddj,h,klm
1ddm,h,moo
1ddn,s,1blf
1ddo,s,la
1ddq,s,2nv
1ddt,s,1az0
1ddu,h,wx9
1ddv,h,1kkw
1ddw,h,1er0
1ddz,h,axs
1de0,s,1hgj
1de1,h,wi1
1de4,h,sxw
1de5,h,bv4
1de6,h,ok6
1de7,h,1kl0
1de8,h,bvh
1dec,h,oqf
1dec,h,a4l
1ded,h,19e0
1dee,h,fxn
1def,h,1g6f
1deg,h,fyp
1deh,h,yrs
1dej,s,1eif
1dek,h,16sk
1dem,h,h5k
1den,h,1er0
1deo,h,1er0
1dep,h,n3b
1deq,h,n3d
1der,h,nyq
1det,s,1hrb
1deu,s,1hkx
1dev,h,w52
1dew,h,1fcq
1dex,h,bpl
1dey,h,11k5
1dez,h,1f1r
1df0,s,1dh1
1df1,s,y1
1df2,h,xx
1df3,h,1dgq
1df4,s,13gz
1df4,s,11kf
1df4,s,1i1j
1df7,h,14te
1df8,h,r18
1df9,h,s35
1dfa,h,2j1
1dfb,h,g4d
1dfc,s,e6b
1dfd,h,169q
1dff,h,x43
1dfg,h,tam
1dfh,h,tap
1dfi,h,lst
1dfj,s,14ko
1dfk,h,15we
1dfl,h,1gbh
1dfm,h,91l
1dfn,s,hbg
1dfo,h,91v
1dfp,h,lt3
1dfs,s,pvr
1dft,h,yhc
1dfx,s,gz1
1dfy,h,ung
1dfz,h,1dge
1dfz,m,11h8
1dfz,m,1bgy
1dfz,m,1b6c
1dg0,s,1djc
1dg1,h,1ang
1dg2,h,ke4
1dg3,h,gau
1dg4,h,zi3
1dg5,h,3gr
1dg6,h,5xh
1dg7,h,1aii
1dg8,h,ckc
1dg9,h,ps9
1dga,s,1djc
1dgb,h,1ain
1dgd,h,2hv
1dge,h,1jm5
1dgf,h,1k0f
1dgg,h,w52
1dgi,h,bc2
1dgk,h,165
1dgl,h,bta
1dgm,s,6fi
1dgm,s,cwh
1dgm,s,vvf
1dgm,s,2w
1dgm,s,g4g
1dgn,h,yzf
1dgo,h,15zb
1dgp,h,144j
1dgr,h,1kwe
1dgs,h,kod
1dgt,h,2jx
1dgv,h,1afe
1dgw,s,3l
1dgz,h,1er0
1dh0,s,1hjb
1dh0,s,396
1dh0,s,191p
1dh0,s,pw
1dh1,s,1df0
1dh1,s,jqq
1dh1,s,17sn
1dh1,s,1di2
1dh2,h,38x
1dh3,h,15e0
1dh4,h,uhw
1dh6,h,ekx
1dh8,h,1dgn
1dh9,h,cbb
1dha,h,13va
1dhb,h,qgt
1dhc,h,10se
1dhd,h,1er0
1dhe,h,1kq6
1dhf,h,19hw
1dhg,h,12zq
1dhh,h,1diz
1dhi,h,1dj3
1dhj,h,z85
1dhk,h,15v
1dhl,h,7i1
1dhm,s,1abs
1dhn,h,1dvb
1dho,h,deg
1dhp,h,g5s
1dhr,h,944
1dhs,h,113h
1dht,h,16a
1dhu,h,bwu
1dhv,h,nlk
1dhw,h,192w
1dhx,s,t35
1dhx,s,3hg
1dhz,h,o7k
1di0,h,bc2
1di2,s,1dh1
1di3,h,19j9
1di4,h,1jsy
1di5,h,fal
1di6,h,1aii
1di7,h,b0y
1di8,h,wze
1di9,h,1dv7
1dia,h,1130
1dib,s,1dv9
1dic,h,mrl
1did,h,1dv1
1die,h,1dyt
1dif,h,4yc
1dig,h,1bch
1dij,h,1er0
1dik,h,10se
1dik,h,vnm
1dim,h,vnm
1din,h,wra
1dip,s,iaz
1diq,h,vm9
1dis,h,1d48
1diu,h,1kki
1div,h,1cjy
1diw,s,1ea7
1dix,h,i5n
1diy,h,3e6
1diz,h,91u
1dj0,h,ilu
1dj1,h,1dug
1dj2,h,1iqe
1dj3,h,91n
1dj4,h,9zb
1dj5,h,1dik
1dj6,h,1dwv
1dj7,h,1d2i
1dj9,h,q6o
1dja,h,q6p
1djb,h,9zw
1djc,s,1dga
1djc,s,50w
1djc,s,1djh
1djc,s,1dg0
1djd,h,1ebf
1dje,h,4pe
1djf,h,wpl
1djg,s,r59
1djh,s,1djc
1dji,s,cl6
1djj,h,1gcv
1djk,h,1fs6
1djl,h,1duw
1djm,s,11dk
1djn,h,f4m
1djp,h,1dp5
1djq,h,7o8
1djr,h,15x6
1djt,h,e41
1dju,s,36
1dju,s,15xw
1djx,h,16o8
1djz,h,16o5
1dk0,h,1dea
1dk1,h,1dic
1dk2,h,149p
1dk3,h,1065
1dk4,h,esi
1dk5,h,ufz
1dk8,s,koi
1dk8,s,3xh
1dk8,s,135o
1dk8,s,hx2
1dk8,s,koh
1dk9,h,nne
1dka,h,3h0
1dkb,h,1460
1dkc,s,usu
1dkc,s,13w8
1dkc,s,1j2f
1dkc,s,q25
1dkc,s,681
1dkc,s,61l
1dke,h,19gc
1dkf,h,zn8
1dkg,h,xxy
1dkh,h,hh
1dkj,h,117b
1dkk,h,1dix
1dkl,h,z9i
1dko,h,o7k
1dkp,h,fkh
1dkr,h,ewz
1dku,h,f32
1dkw,s,xex
1dkx,s,tt8
1dky,h,gjc
1dkz,h,gfd
1dl0,h,70
1dl1,h,4pe
1dl2,h,1a0y
1dl3,h,gjh
1dl5,h,zoc
1dl6,m,1dl4
1dl7,h,brj
1dl8,h,jl2
1dlb,h,jlb
1dlc,m,8sy
1dle,h,fdl
1dlf,h,13m0
1dlh,h,iga
1dli,h,1cxz
1dlj,m,yet
1dlj,m,zd3
1dlj,m,sej
1dlj,m,yxr
1dlj,m,dpv
1dlj,m,1dlm
1dlm,h,10m
1dln,m,11vy
1dlp,s,9mp
1dlp,s,hkt
1dlp,s,lfo
1dlp,s,5l
1dlp,s,iuv
1dlp,s,19rt
1dlq,h,dx4
1dls,h,14ou
1dlt,h,1ir4
1dlt,m,1a6j
1dlu,h,4vy
1dlv,h,1jmn
1dlx,h,tay
1dly,h,j2h
1dlz,h,12a9
1dm2,h,isr
1dm3,h,iss
1dm4,h,jlf
1dm5,h,1knd
1dm6,h,4pe
1dm7,h,4pe
1dm8,h,1eyg
1dm9,h,isr
1dma,h,1knd
1dmb,h,hsf
1dmc,h,wo6
1dmd,h,10ch
1dme,s,1grb
1dmf,h,18dm
1dmg,h,1jtc
1dmh,h,14te
1dmi,s,aut
1dmi,s,on
1dmk,h,z3
1dmk,h,hqx
1dml,h,z5
1dmm,h,z7
1dmn,h,z2o
1dmo,h,4u5
1dmp,h,1cru
1dmq,h,f32
1dmr,h,jlh
1dms,h,sgh
1dmt,h,pis
1dmu,h,5ix
1dmv,h,1dmw
1dmv,h,jne
1dmw,h,vz
1dmx,h,kk2
1dmy,h,91v
1dn0,h,xmz
1dn1,h,xqg
1dn2,h,1e3i
1dn3,h,1e3g
1dn4,h,nd8
1dn5,h,55p
1dn6,h,7ww
1dn7,m,1dn6
1dn8,h,1e3g
1dn9,h,1bxw
1dna,s,1dnd
1dnb,s,1iam
1dnc,h,7wt
1dnd,s,ouh
1dnd,s,1dna
1dnd,s,7wg
1dne,h,py4
1dnf,h,iw4
1dng,h,zqn
1dnh,h,1dz6
1dni,s,1dz7
1dnj,h,plc
1dnk,h,144h
1dnl,h,11la
1dnn,s,qb6
1dnq,h,sgh
1dnr,h,sgc
1dns,h,ls6
1dnt,h,7fc
1dnu,h,hyy
1dnw,h,vvq
1dnx,h,4pe
1dny,h,14te
1dnz,s,k4g
1do0,h,xm7
1do1,h,2ex
1do2,h,19j8
1do3,s,aaj
1do4,h,j2h
1do5,h,r8
1do6,h,fkh
1do7,m,1bcr
1do7,m,66p
1do9,h,k4a
1doa,h,2ag
1dob,h,1doa
1doc,h,1doa
1dod,h,185n
1doe,h,bzf
1dof,h,b5l
1dog,h,185n
1doh,h,9c7
1doj,h,1ewu
1dow,h,13ue
1doy,h,17so
1dp0,h,chp
1dp2,h,19m8
1dp3,s,p2a
1dp4,h,381
1dp5,h,14tx
1dp6,h,anb
1dp7,h,1k68
1dp8,h,16h1
1dp9,h,1kiy
1dpa,h,1a64
1dpb,m,vt5
1dpb,m,1dpd
1dpd,h,qgk
1dpe,m,1ih5
1dpg,h,3wm
1dpi,h,16id
1dpj,h,1cjb
1dpk,h,1cjh
1dpl,h,1dpk
1dpo,s,na
1dpp,h,18zh
1dpp,m,1dpt
1dpr,h,1bva
1dps,h,1a64
1dpt,h,1bfd
1dpu,s,xl
1dpv,h,vvx
1dpw,h,15hc
1dpx,h,7qc
1dpy,h,7qc
1dpz,h,zmz
1dq0,h,1kq6
1dq2,h,1c3j
1dq2,h,1kpi
1dq3,h,16ni
1dq4,h,1jxr
1dq5,s,16sx
1dq7,s,13kw
1dq8,m,11tp
1dq8,m,9ou
1dq9,h,pyk
1dqa,h,1ch0
1dqb,h,too
1dqc,h,ivd
1dqd,h,17jj
1dqe,h,eac
1dqf,h,4ql
1dqg,h,66c
1dqh,h,i8u
1dqi,h,fgm
1dqj,s,1htf
1dqk,h,1dr4
1dql,h,eqm
1dqm,h,6yt
1dqn,h,qgl
1dqq,h,6p2
1dqt,h,1foy
1dqt,m,mg2
1dqu,h,1im8
1dqv,h,gj9
1dqw,h,1db1
1dqy,m,1dqx
1dqz,h,ki1
1dr0,h,gvy
1dr2,h,1btk
1dr2,m,12qj
1dr4,h,tr9
1dr4,m,1dqf
1dr5,s,tr6
1dr6,h,1jsa
1dr7,h,192o
1dr7,m,1dr8
1dr8,h,xmz
1dr9,h,1k9m
1dra,h,1h80
1drd,s,ya5
1dre,h,17j7
1drf,h,crl
1drg,h,p3l
1drj,s,zb6
1drk,s,t21
1drl,h,1c41
1drm,h,14vp
1drn,h,o2b
1dro,h,br3
1drp,s,b5w
1drq,s,t0j
1drr,s,8h
1drs,h,fn8
1drt,s,mk7
1dru,h,z8o
1drv,h,91u
1drw,s,139h
1drx,h,b6e
1dry,s,1hft
1drz,h,1er0
1ds0,h,uww
1ds2,s,cxi
1ds3,h,blb
1ds4,h,1er0
1ds5,s,f78
1ds5,s,19pl
1ds5,s,mc1
1ds5,s,ucm
1ds5,s,j3p
1ds5,s,2i0
1ds7,s,qwb
1ds8,h,ena
1ds9,h,19pp
1dsb,h,2im
1dsc,h,1dwu
1dsd,s,jyu
1dse,s,56h
1dsg,h,13yc
1dsh,h,1ch0
1dsi,h,qnz
1dsj,h,y7u
1dsk,s,ob7
1dsk,s,fy3
1dsl,h,14nw
1dsn,h,qkl
1dso,h,88n
1dsp,s,mw4
1dsp,s,4bb
1dsp,s,81n
1dsp,s,13i5
1dsp,s,1fyq
1dsp,s,il5
1dsp,s,6bf
1dsp,s,9kl
1dsp,s,19y2
1dsp,s,zzl
1dsp,s,1g9z
1dsp,s,14g7
1dsp,s,1bwt
1dsp,s,eq
1dsp,s,1dw2
1dsp,s,5wq
1dsp,s,6u8
1dsq,s,2qi
1dsq,s,uxf
1dsq,s,t8z
1dsq,s,1ifm
1dsq,s,1dtj
1dsq,s,hl8
1dss,h,t8s
1dst,h,16bx
1dsv,s,g48
1dsw,s,1h9v
1dsx,h,14tf
1dsy,h,uo
1dsz,h,2z7
1dt0,h,13av
1dt1,h,v9
1dt1,h,pj
1dt3,h,n11
1dt4,h,v7i
1dt6,h,u08
1dt7,s,1dva
1dt8,s,h6r
1dt8,s,96v
1dt8,s,1ehe
1dt8,s,ylr
1dt8,s,hfw
1dt8,s,y20
1dt8,s,hc0
1dt8,s,w6p
1dt8,s,2i7
1dt8,s,vgo
1dt9,h,8nw
1dt9,m,1fbb
1dt9,m,ese
1dta,h,4z2
1dtb,h,1i1a
1dtd,s,10no
1dte,s,3l
1dtf,h,1ch0
1dtg,h,11k5
1dth,h,kl
1dti,h,1er0
1dtj,s,1dsq
1dtk,h,15e0
1dtl,h,108b
1dtm,h,242
1dtn,h,i0h
1dto,h,14nw
1dtp,h,em2
1dtq,h,1293
1dtr,h,1293
1dtt,h,944
1dtu,h,qui
1dtv,h,quj
1dtw,h,16hw
1dty,s,q3v
1dtz,h,4z2
1du0,s,riw
1du2,h,1d96
1du3,h,yrs
1du4,h,nna
1du6,h,v3x
1du7,h,1dss
1du9,h,13ye
1dua,h,17m0
1dub,h,xkz
1dud,h,vqm
1duf,h,h12
1dug,h,1dk7
1duh,h,16hw
1dui,h,91u
1duj,h,q9o
1duk,h,mn
1dul,h,bpn
1dum,s,na
1dun,h,ird
1duo,s,55y
1dup,h,4wl
1duq,h,11n7
1dur,h,16lm
1dus,h,hyy
1dut,h,7fe
1duw,h,m8h
1dux,h,kh
1duy,h,177
1duz,h,qn7
1dv0,h,zif
1dv1,h,16q1
1dv3,h,kh
1dv4,h,ews
1dv5,h,16q1
1dv7,h,m8h
1dv8,h,io
1dv9,s,1dib
1dva,s,4iy
1dva,s,1hll
1dva,s,m73
1dva,s,1dt7
1dva,s,6hv
1dva,s,1195
1dva,s,1dzj
1dvb,h,vz
1dvc,s,b8
1dvc,s,amu
1dvc,s,bm
1dvc,s,hpn
1dvd,h,1bu2
1dve,s,z0g
1dvf,s,q0q
1dvg,h,bj9
1dvh,h,vua
1dvi,h,bxb
1dvj,h,kum
1dvk,h,e43
1dvl,s,1i5p
1dvl,s,14wq
1dvm,s,1aco
1dvn,h,n46
1dvo,h,16sl
1dvp,h,13nr
1dvq,s,16sx
1dvr,h,16sk
1dvs,h,lxe
1dvu,h,gfv
1dvw,s,r5v
1dvy,s,1hx9
1dvz,h,vz
1dw1,s,1h7i
1dw2,s,1dsp
1dw3,s,vp2
1dw8,h,192t
1dw9,h,94w
1dwa,h,955
1dwb,h,101o
1dwc,h,104l
1dwd,h,jw8
1dwe,h,1a4g
1dwf,h,aed
1dwg,h,1gxw
1dwh,h,bo9
1dwi,s,193o
1dwj,s,1gtx
1dwk,s,1gs4
1dwl,s,1clh
1dwm,s,1clh
1dwo,h,1clf
1dwp,h,8wo
1dwq,h,1jrc
1dwr,h,1e5o
1dwt,s,52
1dwt,s,zhc
1dwu,h,31c
1dwv,h,6dx
1dww,h,t7f
1dww,m,61a
1dww,m,zhi
1dwx,h,35m
1dwy,h,32n
1dwz,h,h96
1dx0,h,5z1
1dx1,h,mc7
1dx2,h,5zm
1dx3,h,lfk
1dx4,h,1duw
1dx5,h,qhb
1dx6,h,1e4h
1dx8,h,1jpd
1dx9,h,q9p
1dxa,h,57x
1dxb,h,g0a
1dxe,h,17jj
1dxg,s,135r
1dxg,s,13ie
1dxh,s,e7
1dxj,m,vvj
1dxn,h,e4q
1dxo,h,ny1
1dxq,s,10vv
1dxs,h,xse
1dxt,h,4sa
1dxv,h,1j00
1dxw,h,3bk
1dxx,h,91l
1dxy,h,fr2
1dxz,h,xz
1dy0,h,im
1dy1,s,gro
1dy1,s,mhj
1dy1,s,1og
1dy1,s,1cis
1dy1,s,rxa
1dy2,s,1oh
1dy2,s,1cit
1dy2,s,1dc1
1dy4,m,1dy5
1dy5,h,31s
1dy6,h,edx
1dy7,h,1kwd
1dy8,h,m8l
1dy9,h,11k5
1dyc,h,8bn
1dyd,h,1cez
1dye,h,1g36
1dyf,s,hp5
1dyh,h,1eqd
1dyi,h,mw0
1dyl,h,ika
1dym,h,1wq
1dyn,h,ikd
1dyo,h,1wq
1dyp,h,7o8
1dyq,h,vrx
1dyr,h,hu4
1dys,h,1ckd
1dyt,h,23r
1dyu,h,xxy
1dyv,h,bu9
1dyw,h,11k5
1dyy,h,m4i
1dyz,s,ix1
1dz0,h,1hrz
1dz1,h,11k5
1dz2,h,239
1dz4,m,1k93
1dz4,m,onm
1dz4,m,11zn
1dz6,h,bc2
1dz7,s,80g
1dz7,s,1jeg
1dz7,s,c0g
1dz7,s,1hb
1dz7,s,tm1
1dz7,s,1dni
1dz7,s,jrx
1dz7,s,1qb
1dz7,s,13f5
1dz7,s,1qc
1dz7,s,1ick
1dz8,s,q05
1dz9,h,fkh
1dza,h,11k5
1dzb,h,n6t
1dzc,h,1fcu
1dze,h,nlv
1dzf,h,91u
1dzg,h,isd
1dzh,h,91u
1dzi,h,135t
1dzj,s,1dva
1dzk,h,2lj
1dzl,h,g94
1dzm,h,2ax
1dzn,h,wsg
1dzo,h,r82
1dzp,m,1a00
1dzq,h,1dv3
1dzr,h,dxo
1dzs,s,qbd
1dzt,h,48r
1dzu,h,p28
1dzv,h,fvd
1dzz,h,nv8
1e00,h,re
1e01,h,143k
1e03,s,bum
1e04,h,1dux
1e06,h,1dut
1e08,h,1dnq
1e09,h,rzs
1e0a,h,18yf
1e0b,h,1fg5
1e0c,h,18yh
1e0e,h,1cj9
1e0f,h,g4w
1e0g,h,g3g
1e0i,h,l5q
1e0j,h,pxk
1e0l,h,1keo
1e0m,h,18v5
1e0n,h,78w
1e0o,h,5ep
1e0p,h,1ins
1e0q,h,794
1e0r,h,17ex
1e0s,h,19qt
1e0t,h,in
1e0u,s,v6
1e0v,h,row
1e0w,h,4bv
1e0x,h,1grg
1e0y,h,rpy
1e0z,h,1eoq
1e10,h,brj
1e12,h,br3
1e13,h,eg9
1e14,h,1ehk
1e15,h,fo1
1e16,h,1dvj
1e17,h,4z3
1e18,h,oja
1e19,h,1k0c
1e1a,h,1akv
1e1b,h,kfs
1e1c,h,1l29
1e1e,h,1e2p
1e1f,s,jeg
1e1i,h,1gg6
1e1j,h,n3b
1e1j,m,qum
1e1k,h,1jrc
1e1l,h,1gg6
1e1m,h,ef6
1e1n,h,hjf
1e1o,h,5vj
1e1p,h,olj
1e1r,h,1bo1
1e1s,h,10zq
1e1t,h,48r
1e1u,h,cl3
1e1v,h,pxk
1e1w,h,1c0e
1e1x,h,1397
1e1z,h,10m
1e21,m,1e1z
1e22,h,1jdu
1e23,h,e21
1e24,h,5oo
1e25,h,azp
1e26,h,bbh
1e27,h,in1
1e28,h,1grj
1e29,h,ls6
1e29,m,1e28
1e29,m,1e2f
1e2a,h,48j
1e2b,h,48j
1e2c,h,8r8
1e2d,h,ews
1e2e,h,ls6
1e2e,m,y1k
1e2e,m,y1s
1e2f,h,14h5
1e2g,h,j4o
1e2h,h,ifo
1e2i,m,ulm
1e2i,m,v1r
1e2i,m,mmn
1e2i,m,1cva
1e2i,m,1ift
1e2i,m,1e2h
1e2k,h,18j5
1e2l,m,zo5
1e2m,h,18px
1e2n,h,yyq
1e2o,h,xak
1e2p,h,xdt
1e2q,h,1ken
1e2r,h,a1p
1e2s,h,1kbf
1e2t,h,ckd
1e2u,h,hn0
1e2v,h,1eve
1e2w,h,a21
1e2x,s,1k7n
1e2y,s,qf9
1e30,h,ufn
1e31,s,abt
1e31,s,1e3n
1e34,h,dm3
1e35,h,1eon
1e36,s,12hc
1e37,m,7ni
1e39,h,n9a
1e3a,h,n8y
1e3b,h,vy8
1e3b,m,xmr
1e3c,h,838
1e3d,h,4v8
1e3e,h,1iqw
1e3f,h,17kt
1e3h,h,91u
1e3i,h,kaq
1e3j,h,18zu
1e3k,h,uh1
1e3m,s,13sn
1e3n,s,1e31
1e3q,h,1e34
1e3s,h,1jrc
1e3t,h,xxu
1e3u,h,cuf
1e3v,h,q9q
1e3w,h,in
1e3x,h,ir4
1e3y,h,n3w
1e3z,h,hvi
1e3z,h,1e8c
1e40,h,1dm7
1e41,h,1e27
1e42,s,p2a
1e44,h,1gzk
1e45,h,1gzr
1e49,h,1e48
1e4b,h,gjc
1e4c,h,1gg6
1e4d,h,4pe
1e4e,h,4pe
1e4f,h,1gg6
1e4g,h,3e6
1e4h,h,1ggj
1e4i,h,j0f
1e4j,h,1jpd
1e4k,h,12xs
1e4l,h,ls6
1e4n,h,l4c
1e4o,h,dzu
1e4p,h,ihe
1e4q,h,obh
1e4r,h,ja
1e4s,h,12gl
1e4t,h,5vj
1e4u,h,xan
1e4v,h,run
1e4x,h,xds
1e4z,h,1gg6
1e50,h,qna
1e51,h,1k8e
1e52,h,17l
1e53,h,91v
1e54,h,u42
1e55,h,4pe
1e56,h,1ba1
1e57,h,12f2
1e58,h,kxb
1e59,s,411
1e5a,h,3e6
1e5b,h,tn4
1e5c,h,1d81
1e5d,h,olj
1e5e,h,1bkn
1e5f,s,yit
1e5h,h,xvy
1e5i,h,bx7
1e5j,h,nf3
1e5k,h,157c
1e5n,h,91n
1e5p,h,91u
1e5q,h,kfl
1e5r,h,1fie
1e5s,h,920
1e5t,h,12nf
1e5u,h,8u1
1e5v,h,zke
1e5w,h,1e5n
1e5x,h,zit
1e5y,m,1lk
1e5y,m,1l2s
1e5y,m,7
1e5y,m,4j0
1e5y,m,173n
1e5y,m,t5p
1e5y,m,172s
1e5y,m,lza
1e5y,m,18fv
1e5y,m,55f
1e5y,m,vnr
1e5z,h,cid
1e61,h,mck
1e62,h,kr2
1e63,h,epj
1e64,h,xdt
1e65,h,1b4q
1e66,h,yij
1e67,h,1jtk
1e67,m,oin
1e67,m,kmm
1e67,m,12oj
1e67,m,kxn
1e67,m,5nc
1e67,m,ndp
1e69,h,18pl
1e69,m,1e68
1e6a,h,1ann
1e6b,s,6du
1e6c,h,taj
1e6d,h,1kiy
1e6e,h,v9z
1e6g,h,z1s
1e6h,h,kad
1e6k,h,18un
1e6o,s,x24
1e6o,s,fvs
1e6o,s,12vn
1e6o,s,z60
1e6q,h,fyh
1e6s,h,gj9
1e6t,h,es6
1e6u,h,e4y
1e6u,m,ba1
1e6u,m,wl1
1e6w,h,1kib
1e6y,h,1bz8
1e6z,s,1kji
1e71,h,xok
1e72,s,eky
1e74,h,1abc
1e7a,h,1e74
1e7b,h,13a4
1e7d,h,31s
1e7e,h,r7f
1e7f,h,vr2
1e7g,h,16ja
1e7h,h,jum
1e7i,h,zck
1e7j,s,ihm
1e7j,s,5ce
1e7j,s,173i
1e7j,s,153d
1e7j,s,153f
1e7j,s,d28
1e7j,s,r39
1e7j,s,rn6
1e7l,h,1bra
1e7m,h,44i
1e7p,h,32
1e7r,s,hm4
1e7t,s,1aer
1e7w,h,jlf
1e7y,h,azp
1e7z,h,1dvb
1e80,h,q6c
1e81,h,jlr
1e82,h,yp
1e84,h,z4q
1e86,s,nqk
1e87,h,1bgz
1e88,h,zmb
1e89,h,ow
1e8b,h,be6
1e8c,h,iiv
1e8d,h,qdr
1e8h,h,s5l
1e8k,h,1ebe
1e8m,s,1e8x
1e8o,h,qc
1e8p,h,c35
1e8q,h,pz
1e8r,h,nna
1e8s,h,91u
1e8t,h,2ye
1e8u,h,zi3
1e8v,h,1f7
1e8w,s,1e8x
1e8x,s,aif
1e8x,s,10ms
1e8x,s,1e8w
1e8x,s,1e8m
1e8x,s,aia
1e8x,s,bsn
1e8x,s,akh
1e92,h,dih
1e94,h,1a2q
1e95,h,wvj
1e96,s,1742
1e97,h,173y
1e98,h,xlw
1e99,h,315
1e9c,h,1hw7
1e9d,h,ljx
1e9e,h,dk9
1e9g,h,12p
1e9i,h,zpc
1e9k,h,bk7
1e9l,h,kvk
1e9m,h,198n
1e9n,h,zoz
1e9o,h,198v
1e9p,h,7fc
1e9q,h,b42
1e9r,h,1e8c
1e9s,h,1gqe
1e9v,s,c2q
1e9x,h,gmz
1ea2,h,xxy
1ea3,h,19bn
1ea5,h,cf4
1ea6,h,1kki
1ea7,s,1aes
1ea7,s,1diw
1eab,s,187n
1eae,h,qmc
1eai,h,1d98
1eaj,h,1ebf
1eak,h,mqg
1eam,h,15ll
1ean,h,r18
1eao,h,b5o
1eap,h,91v
1eas,s,136
1eau,h,b5l
1eav,s,cgi
1eax,h,1iug
1eax,m,917
1eaz,h,1a85
1eb4,m,1ae
1eb4,m,f7u
1eb4,m,nfn
1eb4,m,ifc
1eb4,m,1fn8
1eb4,m,spx
1eb4,m,1eb6
1eb6,h,34m
1eb7,m,11vy
1eb8,m,ttp
1eb9,m,768
1eba,h,1c4x
1ebb,h,1d99
1ebc,h,1e3i
1ebd,s,1fbe
1ebe,h,qz5
1ebe,m,wvy
1ebe,m,qo5
1ebf,h,n3b
1ebf,m,og9
1ebg,h,vnm
1ebh,h,w7v
1ebl,h,vrp
1ebm,h,1ebl
1ebp,h,18oe
1ebq,h,zp1
1ebr,h,znc
1ebt,s,lxl
1ebu,h,um3
1ebv,h,14ho
1ebx,m,abh
1ec0,h,tjc
1ec1,h,1d78
1ec2,h,sdm
1ec3,m,p09
1ec4,h,1gxw
1ecb,h,188s
1ecc,h,3g0
1ece,h,2yn
1ece,m,17pe
1ece,m,ary
1ecf,h,liv
1ecf,m,1ect
1ecf,m,1ecs
1ecf,m,tdi
1ecg,h,liv
1ech,h,lun
1eci,h,2yd
1ecj,h,txt
1eck,h,2yi
1ecl,h,1j36
1ecm,h,1ecj
1ecn,h,ohi
1ecp,h,1c31
1ecq,h,1apy
1ecr,h,7n4
1ect,h,1jko
1ecu,h,ybl
1ecv,h,592
1ecw,h,qq3
1ecx,s,17zy
1ecy,h,16sq
1ecz,h,gna
1ed2,s,12ah
1ed3,h,19qu
1ed4,h,qno
1ed5,h,re9
1ed7,m,11vm
1ed9,h,1eda
1edb,h,86y
1edc,h,1f8r
1ede,s,16uo
1edg,h,4rs
1edh,h,xrq
1edj,h,182w
1edk,h,jey
1edl,h,182r
1edm,h,1klm
1edn,h,txn
1edo,h,txp
1edq,h,3gt
1edr,h,kpx
1eds,s,1k03
1edt,h,fkh
1edv,h,9db
1edw,h,bn6
1edx,s,ffh
1edy,s,fb6
1ee3,h,12bh
1ee5,s,1ejx
1ee6,h,143k
1ee9,h,q8f
1eed,h,t16
1eef,h,1jwr
1eeg,h,ny7
1eeh,h,1emh
1eei,h,j2h
1eej,h,1578
1eek,h,7wt
1een,h,sr1
1eeo,h,sr1
1eeq,h,1g2w
1eer,h,3g4
1ees,h,1g33
1eet,h,xsk
1eeu,h,173t
1eev,h,jw6
1eew,h,11qc
1eex,h,11k5
1eey,h,11k5
1eez,h,13ye
1ef1,m,1ef3
1ef3,h,12v1
1ef4,h,z51
1ef6,h,1ef5
1ef7,h,13uc
1ef7,m,fzw
1ef8,h,13zk
1ef9,h,koe
1ef9,h,1c79
1efa,h,16zj
1efb,h,15kt
1efb,m,1cav
1efc,h,1fz4
1efd,h,e3i
1efe,s,8nj
1eff,h,lu1
1efg,h,ko2
1efh,h,sw5
1efj,h,mc
1efk,s,129x
1efl,h,1g6s
1efm,h,2j2
1efn,h,124i
1efo,h,1jps
1efp,h,hy
1efq,h,1dv4
1eft,m,1efs
1eft,m,1efw
1eft,m,9hk
1efw,h,34m
1efx,h,34m
1efy,h,idb
1efz,h,rh3
1eg0,m,gu8
1eg0,m,1efx
1eg1,m,10dp
1eg2,h,jx9
1eg3,h,im
1eg4,h,1ij4
1eg6,h,r78
1eg8,h,1ij2
1eg9,h,iss
1ega,h,1hkj
1egd,h,15nt
1ege,h,nxx
1egf,h,4u4
1egg,h,7i1
1egi,h,1asv
1egk,h,1kbf
1egl,h,gn1
1egm,h,pr9
1egn,h,15x6
1ego,h,1eg7
1egp,h,v3u
1egq,h,p8s
1egs,h,l5g
1egt,h,b9h
1egu,h,v5e
1egv,h,j7x
1egw,s,y1
1egx,h,ekp
1egy,h,17b6
1eh0,h,5a8
1eh1,s,1313
1eh2,h,7i8
1eh3,h,deg
1eh4,h,581
1eh8,h,wiu
1eh9,h,138z
1ehb,h,it9
1ehe,s,1dt8
1ehf,h,byw
1ehg,h,fj4
1ehh,h,tc1
1ehi,h,mmj
1ehj,h,azc
1ehk,h,azc
1ehl,h,jlw
1ehm,h,xec
1ehn,s,1cjg
1ehn,s,lqe
1ehn,s,ubg
1ehn,s,teg
1ehn,s,1ehu
1ehn,s,tef
1eho,h,1aln
1ehp,s,f4j
1ehq,h,v1q
1ehu,s,1ehn
1ehv,h,1ckl
1ehx,h,15sg
1ehy,h,1ggk
1ehz,h,a4r
1ei0,m,woj
1ei0,m,lx1
1ei1,h,a0q
1ei2,h,m1b
1ei3,h,805
1ei5,h,fkh
1ei6,h,28m
1ei7,h,ved
1ei8,m,1ei9
1eia,h,1a64
1eib,m,1eia
1eic,h,l30
1eid,h,gna
1eie,h,gna
1eif,s,1dej
1eig,s,1eij
1eig,s,g3q
1eig,s,fzq
1eig,s,d8e
1eig,s,6xn
1eih,s,1hpw
1eii,h,91u
1eij,s,1eig
1eil,h,1g6i
1eim,h,23c
1eiq,h,gf1
1eit,h,zoy
1eiv,h,j2h
1eiw,h,1fy1
1eix,h,b62
1eiz,h,v72
1ej0,h,12ju
1ej1,h,12ju
1ej2,h,12jw
1ej3,h,z2s
1ej4,h,pgi
1ej6,s,9of
1ej7,h,bzf
1ej8,h,fgm
1ej9,m,1ekt
1ej9,m,10d8
1ej9,m,14pr
1ej9,m,jqu
1ejb,m,143x
1ejb,m,ne0
1ejb,m,1g0f
1ejc,h,4ev
1ejd,h,1291
1ejg,h,gvy
1ejh,h,190j
1ejl,h,9vu
1ejl,m,1ejm
1ejn,h,brr
1ejs,h,v4m
1ejs,m,1ejt
1ejt,h,v4q
1ejv,s,9of
1ejw,h,vm9
1ejx,s,1ee5
1ejy,s,15jg
1ejy,s,15jy
1ek2,h,11jf
1ek3,s,hxb
1ek3,s,hw0
1ek3,s,sn2
1ek3,s,1fin
1ek3,s,10e
1ek3,s,vni
1ek6,h,doi
1ek7,h,14ov
1ek8,m,n9e
1ek8,m,7xv
1ek9,h,1izm
1ekb,h,1cyi
1ekc,h,gjd
1ekd,h,13ue
1ekf,h,12nu
1ekg,h,10dd
1eki,h,94w
1ekj,h,1cyc
1ekl,h,1bd1
1ekn,h,coi
1eko,h,1km1
1ekq,h,11pg
1ekr,h,60s
1eks,h,1g6s
1ekt,h,b57
1eku,h,wiu
1ekv,s,rf5
1ekw,s,rf5
1eky,h,w63
1el1,h,747
1el3,h,746
1el4,m,1ejj
1el4,m,1ejk
1el4,m,sfv
1el4,m,1kz7
1el4,m,19fv
1el4,m,1el6
1el6,h,10m
1el8,h,13r1
1el9,h,911
1ela,h,192o
1ela,m,1elg
1elb,h,16bs
1elb,m,1elg
1elc,h,16br
1eld,m,1el8
1elg,h,ffw
1elh,h,14f6
1elj,h,12dh
1elk,h,1fy1
1ell,h,12ju
1elm,h,1g2w
1eln,h,df9
1elo,h,1kgi
1elp,h,1d63
1elq,h,1duw
1elr,h,1bks
1els,h,1jgz
1elt,h,gfd
1elu,h,11yq
1elv,h,dom
1elw,h,4ev
1elx,h,j2h
1ely,h,doi
1elz,h,1d78
1em0,h,15sr
1em3,h,3g4
1em4,h,vso
1em6,s,k5u
1em7,s,15sl
1em8,h,bzw
1em9,h,xuy
1ema,h,e42
1emb,h,fh4
1emc,s,xuq
1emd,h,ui4
1eme,h,b4d
1emf,h,j2h
1emg,h,nmb
1emg,m,h52
1emh,h,kak
1emi,h,kp9
1eml,s,5f
1emm,h,11k5
1emn,h,1klm
1emo,h,h14
1emp,h,tkj
1emq,h,1bkn
1emr,h,17jw
1ems,h,1blo
1emu,h,14e2
1emv,h,aef
1en2,h,1bwk
1en4,m,dop
1en5,h,30n
1en5,m,1dd3
1en6,h,1fp8
1en7,s,t2r
1en8,h,1iy
1en9,h,1j0c
1ena,h,1jwl
1enb,h,chk
1enc,h,15zn
1enc,m,76y
1end,h,1fzp
1enf,h,17l
1eng,h,1eqd
1enh,h,112b
1enj,h,sub
1enk,h,1ccs
1enl,h,1c48
1enm,h,17jw
1enn,h,32a
1enn,m,1enm
1enn,m,1eno
1enp,h,86i
1enq,h,7zv
1ent,h,300
1ent,m,1enu
1enu,h,oaw
1env,h,ebu
1enw,h,tb9
1eny,h,65p
1enz,h,13pm
1eo0,m,1enz
1eo1,m,1eny
1eo2,h,11y3
1eo3,h,10y8
1eo4,h,j2h
1eo5,h,d49
1eo8,h,1eo2
1eoa,h,185n
1eob,h,pht
1eoc,h,v3k
1eof,h,ec5
1eog,h,1du7
1eoi,m,omq
1eol,h,st
1eon,h,19bn
1eoo,h,fiu
1eop,h,isq
1eor,h,wtq
1eos,h,19ca
1eou,h,11d6
1eov,h,pmc
1eow,h,sn9
1eox,s,1hlw
1eox,s,xi
1eoz,h,hep
1ep0,s,5nv
1ep0,s,1i6t
1ep0,s,1hrh
1ep1,s,4ct
1ep1,s,zty
1ep1,s,6lz
1ep1,s,712
1ep1,s,qc3
1ep1,s,7ua
1ep3,h,qil
1ep4,h,cxf
1ep5,h,1882
1ep6,h,h12
1ep7,s,1kem
1ep7,s,yxo
1ep7,s,5k3
1ep7,s,5kh
1ep7,s,ec0
1ep7,s,1blj
1ep7,s,186a
1ep7,s,m7j
1ep7,s,14j4
1ep7,s,yg8
1ep7,s,ldd
1ep7,s,1b1r
1ep7,s,p2h
1ep7,s,9km
1ep7,s,kar
1ep7,s,dm6
1ep7,s,1pn
1ep7,s,lf1
1ep7,s,1255
1ep7,s,11cp
1ep9,h,wzq
1epa,h,17wm
1epb,h,1gz9
1epe,s,1kmx
1epf,h,y2o
1epg,h,fge
1eph,h,189f
1epi,h,mmk
1epj,h,gnj
1epk,h,eqm
1epl,h,e3k
1epm,h,1ccu
1epp,h,tjc
1epr,h,6zu
1ept,h,b5l
1epu,h,11k5
1epv,m,12i0
1epv,m,1cp
1epx,s,1f01
1epy,s,1ezz
1epz,h,1fn0
1eq0,h,1fmz
1eq2,h,1kot
1eq3,h,1gu2
1eq4,h,16hr
1eq5,h,75x
1eq6,h,tjc
1eq7,h,vat
1eq9,s,9of
1eqa,h,1d1o
1eqb,s,yn7
1eqc,h,tl6
1eqd,h,tl8
1eqe,h,eug
1eqf,h,1d0r
1eqg,h,957
1eqh,h,7b5
1eqi,h,7b5
1eqk,h,tdt
1eql,h,e41
1eqn,h,tly
1eqo,s,gur
1eqo,s,37v
1eqo,s,15dt
1eqp,h,pyu
1eqq,h,1gg6
1eqr,h,1762
1eqs,h,coi
1eqt,h,2zx
1equ,h,gkt
1eqv,h,w7i
1eqw,h,15hp
1eqx,h,zig
1er2,h,5g4
1er3,h,og9
1er4,h,1ebp
1er5,h,8ll
1er6,h,113f
1er7,s,ykt
1er9,h,1ef5
1erd,h,xnh
1erg,h,588
1erh,h,vqm
1eri,h,1a64
1eri,m,1erk
1erj,h,15of
1erk,h,oaw
1erm,m,1keh
1ern,h,c1o
1ero,h,7n5
1erq,h,qnf
1err,h,ncm
1ers,h,h67
1ert,h,7w
1eru,h,h60
1erv,h,g0s
1erw,h,w7v
1ery,h,d9o
1ery,m,nko
1erz,h,1kiy
1es0,h,1gi7
1es1,h,sd7
1es2,h,gpe
1es3,h,1hwv
1es3,m,51f
1es3,m,1d70
1es5,h,n3f
1es6,h,393
1es7,h,gku
1es8,h,gkt
1es9,h,c2o
1esa,h,1367
1esb,h,gln
1esc,h,19e9
1esd,h,19dv
1ese,h,19dv
1esf,h,17vx
1esg,h,d4r
1esh,h,glm
1esi,s,1esl
1esi,s,1jwc
1esi,s,1b5j
1esi,s,u0c
1esk,s,go8
1esl,s,1esi
1esn,h,nnv
1eso,h,1g0n
1esp,h,wte
1esq,h,v73
1esr,h,1a51
1est,h,fjo
1esu,h,19dw
1esv,h,176s
1esw,h,asq
1esx,s,imf
1esy,h,oav
1esz,h,1klm
1et0,h,lr
1et1,h,zho
1et2,h,ews
1et3,h,16ro
1et4,h,12ey
1et5,s,194u
1et7,h,1c31
1et8,m,nmy
1et9,h,1eto
1eta,h,w63
1ete,h,11x7
1etf,s,1anp
1etg,s,awp
1eth,h,kzl
1eti,h,smq
1etj,h,18n9
1etk,h,et8
1etp,h,it9
1etq,h,w7v
1etr,h,w7v
1ett,h,rtn
1etv,h,it9
1etw,h,12s6
1etx,s,18oh
1etz,h,13wv
1etz,h,2jy
1eu0,m,1es0
1eu3,h,x7w
1eu6,h,12gl
1eu7,h,gra
1eu8,h,1akh
1eu9,h,1dv4
1eua,h,117i
1eub,h,14nw
1euc,h,bk6
1eud,h,p7b
1eue,s,8h
1euh,h,12f0
1eui,h,xdt
1euj,h,n3y
1euk,h,n46
1eul,h,7e
1eum,h,7g
1eun,h,7n
1eup,h,12d3
1euq,h,sv2
1euu,h,6wa
1euv,h,17y
1euw,h,6we
1eux,h,vup
1euy,h,hcw
1euz,h,w51
1ev0,h,2hv
1ev1,h,zit
1ev3,s,b9r
1ev5,h,1eux
1ev6,h,14c5
1ev7,h,1gzk
1ev8,h,198v
1eva,h,vrx
1evb,m,8vz
1evf,h,9zg
1evf,m,1eve
1evg,s,izr
1evi,m,1evn
1evi,m,xdg
1evj,h,1eux
1evk,h,1ik7
1evl,h,bkm
1evm,h,zit
1evn,h,gyg
1evp,h,11t0
1evq,h,1ged
1evr,h,1geg
1evs,h,141i
1evt,h,uv4
1evt,m,13rv
1evt,m,jyo
1evt,m,2fa
1evu,h,1c8r
1evv,h,f5i
1evw,s,1a27
1evx,s,1j7h
1evy,s,jdp
1evz,s,amb
1ew2,h,6wg
1ew2,m,1j2q
1ew2,m,3jv
1ew3,m,8mh
1ew3,m,3jx
1ew3,m,x05
1ew3,m,1ew5
1ew4,m,x99
1ew4,m,ovg
1ew5,h,15o1
1ew5,m,shm
1ew6,h,9ji
1ew8,h,qnf
1ew9,h,qnf
1ewa,h,n6u
1ewb,h,qnh
1ewd,h,z8s
1ewe,h,4au
1ewf,h,qo1
1ewi,h,qpb
1ewk,h,b5l
1ewl,h,9c7
1ewm,h,hq2
1ewn,m,1jk3
1ewn,m,1jk4
1ewq,h,c04
1ewr,h,gf1
1ewt,h,1klm
1ewu,h,jlr
1eww,h,hba
1ewx,h,wvj
1ewy,h,pz
1ewz,h,1jsx
1ex1,h,hlx
1ex2,h,qc
1ex5,h,16sm
1ex6,h,at7
1ex7,s,i43
1ex8,s,wue
1ex8,s,7i
1exd,s,dah
1exf,s,wui
1exg,h,1kcq
1exh,h,wu0
1exj,h,jjb
1exk,h,75x
1exk,m,hx4
1exk,m,as2
1exm,h,15dx
1exp,s,pwf
1exq,s,gz1
1ext,h,1bzo
1exv,h,bkm
1exv,h,t1p
1exw,h,1409
1exx,h,rf1
1exy,h,1csu
1exz,h,2xy
1ey0,h,11l8
1ey1,h,qn7
1ey2,h,er3
1ey3,h,11k5
1ey4,h,fkh
1ey5,h,1c46
1ey7,s,872
1ey9,s,15lc
1eya,h,113f
1eyb,h,oot
1eyc,h,16o5
1eyd,h,12zl
1eye,h,anb
1eyf,h,dje
1eyg,h,4pe
1eyh,h,3h7
1eyi,h,1egp
1eyj,h,fpy
1eyk,h,fc4
1eyl,s,10tr
1eyn,s,1476
1eyn,s,19df
1eyo,s,k79
1eyo,s,9e9
1eyo,s,cww
1eyp,s,ecq
1eyr,h,84j
1eys,h,5zm
1eyt,h,19y9
1eyu,s,1kxh
1eyv,s,ecn
1eyw,h,m8l
1eyx,h,z81
1eyy,h,91u
1eyz,h,87q
1ez0,h,ytl
1ez1,s,uh6
1ez2,s,b1u
1ez3,h,deu
1ez5,h,y9
1ez6,h,10cg
1ez7,h,b1s
1ez8,h,qmc
1ezc,m,1gkp
1ezd,s,dq1
1ezg,h,1bqq
1ezi,s,xhv
1ezj,h,5d5
1ezk,h,1qp
1ezl,m,d91
1ezl,m,snp
1ezl,m,1ezm
1ezl,m,vzd
1ezl,m,ark
1ezl,m,xvg
1ezl,m,rqk
1ezl,m,98c
1ezn,m,16xr
1ezn,m,up
1ezp,h,13zj
1ezr,h,126j
1ezs,h,1ah6
1ezt,h,fc6
1ezu,h,vr3
1ezv,s,ogp
1ezw,s,ogp
1ezx,h,1ez8
1ezx,h,1eae
1ezy,h,6gd
1ezz,s,h53
1ezz,s,hcl
1ezz,s,1d0t
1ezz,s,14i7
1ezz,s,rne
1ezz,s,2dv
1ezz,s,y6k
1ezz,s,2y0
1ezz,s,a5a
1ezz,s,1epy
1f00,s,bq3
1f01,s,1epx
1f03,h,91u
1f04,h,924
1f05,h,xy
1f06,s,k0j
1f09,h,1d0o
1f0a,h,bc2
1f0b,h,44g
1f0c,h,1d4n
1f0d,h,1d5e
1f0f,h,1iq5
1f0g,h,xkz
1f0h,h,k82
1f0i,h,19vf
1f0i,m,nb6
1f0j,h,1jum
1f0k,h,n0e
1f0l,h,13uc
1f0p,h,l30
1f0p,m,1f0q
1f0q,h,ovz
1f0r,h,15bb
1f0s,s,znp
1f0t,h,uz6
1f0u,h,kmx
1f0v,s,1fca
1f0w,s,1fc8
1f0y,h,1f1p
1f10,h,1411
1f11,s,rjt
1f13,h,u8w
1f13,h,1f0i
1f15,h,alj
1f16,h,u0p
1f18,m,m6a
1f19,m,m6b
1f1a,m,m6c
1f1c,h,hk9
1f1d,h,1gx2
1f1e,h,w63
1f1g,h,259
1f1m,s,17o7
1f1n,h,fkh
1f1o,h,1kki
1f1p,h,1fon
1f1p,m,wcq
1f1q,h,14tx
1f1r,h,bpl
1f1s,h,12oh
1f1t,h,xsk
1f1u,h,11k5
1f1w,s,pwf
1f20,h,1cjy
1f21,h,bru
1f22,m,sds
1f23,s,jfh
1f25,s,itg
1f26,h,hq3
1f29,h,1kki
1f2a,h,1ckj
1f2b,h,hq2
1f2c,h,hq3
1f2d,h,qum
1f2f,s,xhv
1f2g,s,b5j
1f2h,h,pdk
1f2k,h,1ecn
1f2l,h,17pc
1f2m,h,1duw
1f2n,h,19qu
1f2o,h,1g6f
1f2p,h,1h1g
1f2q,h,1j9n
1f2r,s,zfs
1f2r,s,103h
1f2x,s,r20
1f2y,s,1b3
1f2z,h,l9p
1f30,h,fkh
1f33,s,164i
1f33,s,1937
1f33,s,s6s
1f34,h,1bd1
1f35,h,n5x
1f36,h,4xt
1f38,h,2sh
1f3a,h,11k5
1f3b,h,pu7
1f3c,h,ai8
1f3d,h,1f3c
1f3e,h,1544
1f3f,h,788
1f3g,h,ai7
1f3i,h,1g4d
1f3i,h,j2h
1f3j,h,iwk
1f3m,m,10f7
1f3m,m,i0j
1f3m,m,wm6
1f3m,m,12iv
1f3m,m,zc0
1f3n,m,lvd
1f3p,h,k4l
1f3q,h,1fng
1f3r,s,111p
1f3s,s,ss
1f3t,h,s7u
1f3u,h,e3k
1f3v,h,1fnd
1f3w,h,d6d
1f3y,h,3h4
1f3z,h,3h4
1f40,h,cl2
1f41,h,igf
1f42,h,4pe
1f43,h,18qn
1f44,h,eui
1f45,h,1ega
1f48,h,cte
1f49,h,1f4r
1f4d,h,11k5
1f4e,s,148u
1f4f,s,16b6
1f4g,h,16qy
1f4h,h,7yw
1f4j,h,1kh0
1f4k,h,e21
1f4l,h,qnf
1f4p,h,iix
1f4q,h,37p
1f4r,h,iiw
1f4s,h,rkn
1f4t,h,isw
1f4u,h,ika
1f4v,h,164e
1f4w,h,mjo
1f4w,m,i1w
1f4x,h,1zh
1f4y,h,1478
1f50,h,dti
1f53,h,qkl
1f54,h,bve
1f55,h,1e9r
1f56,h,tjc
1f57,h,3g4
1f59,s,6dp
1f5b,h,1aj7
1f5d,h,1ixj
1f5e,h,b5l
1f5f,h,2ag
1f5i,h,12ui
1f5k,h,19g4
1f5l,h,1iyd
1f5m,m,817
1f5n,h,1iys
1f5q,h,1guv
1f5r,h,108b
1f5s,m,m2z
1f5t,h,m2v
1f5u,h,ifo
1f5x,h,1qp
1f60,m,6n0
1f60,m,wcg
1f60,m,1jet
1f60,m,vpz
1f60,m,t0i
1f60,m,1h4z
1f60,m,p4w
1f60,m,10pu
1f60,m,uiv
1f60,m,dmp
1f60,m,15up
1f60,m,3mh
1f60,m,1j28
1f60,m,19w3
1f60,m,12bm
1f60,m,los
1f60,m,aqe
1f60,m,z6p
1f60,m,70d
1f60,m,4tg
1f60,m,2o
1f60,m,1f5y
1f60,m,17yt
1f60,m,7vc
1f60,m,ls1
1f60,m,2vg
1f60,m,1o0
1f60,m,115i
1f60,m,72e
1f61,h,t6i
1f62,h,vnp
1f62,m,10vx
1f62,m,ku8
1f62,m,93p
1f62,m,10mf
1f62,m,66z
1f63,h,10vx
1f64,h,vnp
1f66,h,66v
1f69,h,1ee6
1f6a,h,14tg
1f6b,h,xma
1f6d,h,bpp
1f6e,s,17mx
1f6j,h,34m
1f6k,h,1ef5
1f6l,m,xt1
1f6l,m,122n
1f6l,m,49v
1f6l,m,vwu
1f6l,m,1f6j
1f6q,h,moa
1f6t,h,w63
1f6v,h,6dy
1f6w,h,buv
1f6z,h,18oe
1f70,h,iaq
1f72,h,ue9
1f73,h,9vh
1f74,h,bzz
1f77,s,1i6g
1f78,h,go
1f79,h,177
1f7b,h,net
1f7d,h,17j7
1f7e,h,17ja
1f7g,h,17jc
1f7h,h,o28
1f7i,h,1ju4
1f7j,h,16ab
1f7k,s,vyf
1f7l,s,1hsb
1f7n,h,75x
1f7n,m,10rl
1f7n,m,mxd
1f7n,m,zmd
1f7n,m,1cbw
1f7n,m,zmc
1f7n,m,9ss
1f7n,m,10rm
1f7p,s,1ccr
1f7p,s,ol9
1f7p,s,1a4y
1f7q,h,11fi
1f7r,h,13w1
1f7v,h,h9a
1f7w,h,mwk
1f7y,m,1f7v
1f7z,m,1f7w
1f80,h,cl2
1f81,h,19tn
1f82,h,16br
1f84,h,4z8
1f89,h,plc
1f8a,h,1gxe
1f8b,h,1duw
1f8d,h,12oh
1f8h,s,10x8
1f8j,h,2si
1f8m,m,7ko
1f8o,h,12s2
1f8q,h,1f8y
1f8r,m,1eo
1f8t,h,fg0
1f8u,h,18mw
1f8y,h,fg0
1f8z,h,1ebh
1f91,h,v6o
1f92,h,6yc
1f93,h,144m
1f94,h,plc
1f95,s,ysr
1f95,s,bj7
1f95,s,w6q
1f96,s,7r
1f96,s,95
1f96,s,14kr
1f99,h,r18
1f9a,h,bj9
1f9b,h,15lb
1f9c,h,15lb
1f9d,h,itl
1f9d,m,t69
1f9d,m,pil
1f9e,h,4z2
1f9h,h,4z8
1f9i,h,1ebh
1f9l,h,vu9
1f9m,h,it9
1f9o,h,u7f
1fa5,m,6vo
1fa8,h,1kbn
1fa9,s,p2a
1fad,h,199o
1fae,h,9ch
1faf,h,1fan
1fai,h,11v3
1fak,h,hd0
1fal,h,msd
1fan,m,81d
1fap,h,vrx
1faq,s,yub
1far,h,1fan
1fat,h,12d3
1faw,h,166o
1fax,h,bxb
1fb0,h,1f9n
1fb4,h,13hy
1fb6,h,mwk
1fb7,h,mwk
1fb9,h,tjc
1fba,h,y66
1fbb,h,8nw
1fbd,s,e5h
1fbd,s,14z1
1fbd,s,1fbm
1fbd,s,o3f
1fbd,s,o3e
1fbd,s,jfd
1fbe,s,17kj
1fbe,s,1fbn
1fbe,s,1ebd
1fbe,s,lwu
1fbe,s,crw
1fbe,s,a8b
1fbe,s,1ble
1fbe,s,eis
1fbe,s,adc
1fbg,s,b8e
1fbh,s,r20
1fbi,s,8h
1fbj,h,91u
1fbk,h,924
1fbm,s,1fbd
1fbn,s,1fbe
1fbo,h,vlw
1fbp,h,bbs
1fbq,s,b41
1fbr,h,zbg
1fbv,h,f7y
1fbw,h,315
1fbx,h,1k81
1fby,h,bni
1fbz,s,b8e
1fc0,h,cvw
1fc1,s,fkq
1fc2,h,fks
1fc3,h,tu7
1fc3,m,ojo
1fc3,m,jnl
1fc3,m,14s2
1fc4,h,19ob
1fc6,h,807
1fc6,h,bs4
1fc7,h,204
1fc8,s,f0u
1fc8,s,jyx
1fc8,s,pga
1fc8,s,tro
1fc8,s,1ato
1fc8,s,b66
1fc8,s,1asf
1fc8,s,jva
1fc8,s,1f0w
1fc8,s,emp
1fc8,s,5nf
1fc8,s,81f
1fc8,s,10kv
1fc9,s,277
1fc9,s,18s2
1fc9,s,1h3l
1fc9,s,1bpo
1fc9,s,1a5x
1fc9,s,lqf
1fc9,s,66k
1fc9,s,syu
1fc9,s,15gq
1fc9,s,1kg8
1fc9,s,15yd
1fc9,s,1atm
1fc9,s,1d74
1fca,s,1f0v
1fca,s,15cv
1fcb,s,10ex
1fcc,s,1bzc
1fcd,h,924
1fce,h,15x6
1fcf,h,11k5
1fcg,h,1akt
1fch,h,j9
1fci,h,7w
1fcj,h,31c
1fck,h,nne
1fcl,h,1cjh
1fcm,h,hyj
1fcn,h,3iy
1fco,h,17j
1fcp,h,jlr
1fcr,h,143j
1fcs,h,ech
1fct,h,igf
1fcu,h,iro
1fcw,h,pqo
1fcx,h,b8c
1fcy,h,1fcv
1fcz,h,1fcv
1fd0,h,1fct
1fd1,h,1fcv
1fd3,h,91u
1fd4,h,1fct
1fd5,h,397
1fd7,s,aj1
1fd7,s,b84
1fd7,s,13mf
1fd8,h,r18
1fd9,h,r18
1fdf,h,f7y
1fdg,h,bni
1fdi,h,185n
1fdj,h,15bb
1fdk,h,r8s
1fdm,s,znp
1fdn,h,4i5
1fdo,h,132x
1fdp,h,ibh
1fdq,h,lw6
1fdr,h,gk1
1fds,h,fm
1fdv,s,go0
1fdw,s,76
1fdy,s,872
1fdz,h,15bb
1fe0,s,znp
1fe2,h,dys
1fe3,h,15bb
1fe4,s,znp
1fe6,s,872
1fe7,h,1jvr
1fe8,h,10l8
1fe9,h,1ef5
1fen,h,1hl2
1fer,h,q61
1fet,m,115n
1fet,m,1cpx
1fet,m,6pq
1fet,m,lnj
1fex,h,w63
1fey,h,17uq
1fez,s,1haw
1ff1,s,f4j
1ff2,s,886
1ff3,h,tk
1ff4,h,151q
1ff5,h,239
1ff6,h,17cx
1ff9,h,blj
1ffd,h,4z2
1ffe,s,51a
1ffe,s,ecj
1ffe,s,6z1
1fff,s,13xx
1ffg,s,19go
1ffh,s,bn2
1ffk,h,1g8v
1ffl,s,1i5e
1ffl,s,q8d
1ffm,s,q8c
1ffq,s,872
1ffr,h,15bb
1ffs,s,znp
1fft,m,1ffv
1ffv,h,ifo
1ffz,h,4sb
1fg0,h,4sd
1fg1,h,1e1i
1fg2,h,4sc
1fg4,h,e6a
1fg5,h,c5f
1fg6,h,n7f
1fg7,h,iz2
1fg8,h,n7f
1fg9,s,1kmx
1fgc,h,1jll
1fgd,h,e1x
1fge,h,1jlf
1fgf,h,60h
1fgg,s,1jef
1fgh,h,1awv
1fgi,h,f5v
1fgj,s,872
1fgk,s,872
1fgm,h,aka
1fgn,s,1alw
1fgo,h,19j8
1fgr,h,19rh
1fgs,h,19e5
1fgt,h,4x7
1fgu,h,19bn
1fgy,h,q18
1fgz,s,18fi
1fgz,s,h3c
1fh0,h,imb
1fh1,h,1csw
1fh2,h,1csu
1fh3,s,imf
1fh5,s,1csy
1fh7,h,924
1fh8,m,11p2
1fh8,m,1fx2
1fh8,m,xvi
1fh8,m,zrf
1fh9,h,zhp
1fha,h,10vy
1fhc,s,y1m
1fhd,s,uhe
1fhe,h,10cg
1fhf,h,14ho
1fhg,h,fm
1fhh,h,1bkn
1fhi,s,1742
1fhj,h,15l
1fhk,h,fuj
1fhl,h,1dmd
1fhm,h,adb
1fho,h,11r1
1fhq,h,z3z
1fhq,m,1fhr
1fhr,h,aaf
1fht,h,132u
1fhu,h,mnf
1fhv,h,d1l
1fhw,s,d1m
1fi3,s,fbn
1fi5,h,zyf
1fi6,h,1450
1fi7,h,zjq
1fi8,h,xe4
1fi9,h,4ul
1fia,h,lp4
1fib,h,1436
1fic,h,xdt
1fid,h,14nw
1fie,h,hto
1fif,h,14nw
1fig,h,19qt
1fih,h,fmr
1fii,h,1gzv
1fij,h,kk
1fik,s,fpo
1fil,h,11k5
1fim,s,gaa
1fin,s,1ek3
1fio,h,1klm
1fip,h,1bkn
1fiq,h,7wf
1fir,h,1ah6
1fit,h,cxr
1fiu,h,14nb
1fiv,h,14nb
1fix,h,1cr5
1fiy,h,17fd
1fiz,h,1bks
1fj0,h,oli
1fj1,h,xjt
1fj2,h,cvt
1fj6,h,w63
1fj7,h,jza
1fj7,m,1fja
1fj8,h,cl3
1fj9,s,1kmx
1fja,h,jzp
1fjb,h,jzr
1fjd,h,18tx
1fje,h,1edh
1fjf,h,1edk
1fjg,h,1bkn
1fjh,h,5vj
1fji,h,olj
1fjj,h,yij
1fjk,h,xdt
1fjl,h,1a3x
1fjn,h,17df
1fjo,h,1bz8
1fjp,h,tso
1fjq,h,1fjj
1fjr,h,yiq
1fjs,h,d9b
1fjt,s,yit
1fju,s,q0a
1fjv,s,1i46
1fjw,h,157t
1fjx,h,1cyn
1fjy,s,1cyy
1fjz,h,1bkn
1fk0,m,5xa
1fk0,m,1kv8
1fk0,m,1gxb
1fk1,h,1jw1
1fk3,h,5vj
1fk4,h,d0p
1fk5,h,13no
1fk7,h,oav
1fk8,h,oaw
1fk9,h,14pw
1fka,h,11pg
1fkb,m,1fk7
1fkc,h,hr9
1fkg,h,hr9
1fkh,h,32
1fki,h,qmc
1fkj,h,oys
1fkn,h,1a64
1fkt,m,iia
1fkt,m,oir
1fkt,m,uy5
1fkt,m,tlu
1fkt,m,s8y
1fkt,m,19w4
1fkw,h,34m
1fkz,h,1h4h
1fl0,h,1bkn
1fl2,h,vnw
1fl3,h,1bks
1fl4,h,19lv
1fl7,h,1dq0
1fl8,h,2me
1fl9,h,672
1fla,h,1duw
1flb,h,j2h
1fld,h,1g2w
1fle,h,rog
1flf,h,88k
1flg,h,jvf
1flh,s,imi
1fli,h,1fl0
1flm,m,17b3
1flm,m,1hm7
1fln,h,1iqe
1flo,h,1fon
1flp,h,17tv
1flq,h,kes
1flr,h,keq
1fls,h,18zd
1flv,h,92j
1flx,h,znk
1fly,h,a23
1flz,s,y0o
1flz,s,17sq
1flz,s,1d07
1flz,s,19yn
1flz,s,a17
1flz,s,1hf5
1flz,s,y0n
1fm0,h,15ob
1fm1,h,znc
1fm2,h,i4b
1fm3,h,4qj
1fm4,h,1ayh
1fm5,h,6hq
1fm6,h,c5f
1fm7,h,jey
1fm8,h,i49
1fm9,h,16sr
1fma,h,19qu
1fmb,h,jef
1fmc,h,bk6
1fmd,h,16sf
1fme,h,1068
1fmf,s,sn1
1fmg,s,1hx9
1fmh,s,i46
1fmi,h,17ca
1fmj,h,1klm
1fmk,h,17ka
1fml,h,t7e
1fmm,h,nvt
1fmp,h,11k5
1fmq,h,5bg
1fmr,s,w2f
1fms,s,1fmt
1fmt,s,9lc
1fmt,s,a93
1fmt,s,1fms
1fmt,s,1aor
1fmt,s,a4h
1fmu,s,t9p
1fmu,s,1b82
1fmu,s,157s
1fmu,s,1jqm
1fmu,s,19r
1fmu,s,oci
1fmv,s,rfw
1fmw,s,18ju
1fmx,s,193p
1fmy,s,b0i
1fmz,h,91u
1fn0,h,91v
1fn1,h,1m3
1fn5,h,17ka
1fn6,h,p18
1fn7,h,1fmq
1fnb,h,ez7
1fnd,h,1apy
1fnf,h,v3q
1fng,h,ckb
1fnh,s,cl0
1fnj,h,1klm
1fnk,m,twe
1fnl,h,2k0
1fnm,h,1bch
1fnn,h,1kl2
1fno,h,d8u
1fnq,s,12ji
1fnr,h,1a0y
1fns,h,jd0
1fnt,h,tkj
1fnu,h,d8h
1fnv,h,10t1
1fnw,h,132v
1fnx,h,s22
1fny,h,17ca
1fnz,h,ews
1fo0,h,bc2
1fo1,h,fkh
1fo2,h,10y8
1fo3,h,4qj
1fo4,h,1349
1fo6,s,1kji
1fo7,h,107n
1fo9,h,gna
1fob,h,8f2
1foc,h,1fon
1fod,h,1fon
1foe,h,wy9
1fof,h,3iy
1fog,h,isq
1foh,h,18lp
1foi,h,euf
1foj,h,pz
1fok,h,pz
1fol,h,13k1
1fom,h,vrp
1foo,h,1fom
1foq,h,86l
1for,s,165t
1fos,h,z8t
1fot,h,a4r
1fou,h,kh
1fov,h,9p6
1fow,s,14il
1fox,s,zjk
1foy,m,44p
1foy,m,njm
1foy,m,i9m
1foy,m,nf6
1foy,m,ezp
1foz,h,1foy
1fp0,h,mns
1fp1,h,1fon
1fp2,h,18lo
1fp3,h,18lo
1fp4,s,4j9
1fp4,s,cmj
1fp4,s,xd3
1fp4,s,r9l
1fp4,s,jic
1fp5,h,11c5
1fp6,h,ji4
1fp7,h,jif
1fp9,h,166l
1fpc,h,34m
1fpe,h,mt1
1fpe,m,1fpg
1fpg,h,nw8
1fph,h,w63
1fpi,h,1izm
1fpj,h,12du
1fpk,h,12du
1fpm,h,aqw
1fpn,h,vua
1fpo,h,1fqj
1fpp,h,1fpn
1fpp,h,2d5
1fpq,h,1akv
1fpr,h,6gh
1fps,h,141w
1fpt,h,lhm
1fpv,h,kmn
1fpw,h,1bkn
1fpx,h,1bkv
1fpy,h,1bks
1fpz,h,xx
1fq0,h,rog
1fq1,h,it8
1fq2,h,row
1fq3,h,1kl0
1fq4,h,16gm
1fq6,h,1bks
1fq7,s,16yw
1fq8,h,2k0
1fq9,h,2k0
1fqa,h,1e8c
1fqc,s,w60
1fqd,h,e3i
1fqe,h,1fg5
1fqf,h,tgd
1fqg,h,e3g
1fqh,h,1jug
1fqi,h,1b14
1fqj,h,aq8
1fqk,h,aqv
1fqm,h,hq2
1fqn,h,n79
1fqo,h,16gc
1fqp,h,vd6
1fqq,h,m8l
1fqr,h,16ed
1fqs,h,15vd
1fqu,h,g5s
1fqv,h,80y
1fqw,h,gjd
1fqx,h,gji
1fqy,h,vv
1fqz,s,1i9b
1fr0,h,1fqm
1fr2,s,14yl
1fr3,h,1jgz
1fr4,h,1fyt
1fr6,h,e1v
1fr6,h,ejj
1fr7,h,es6
1fr9,h,owp
1fra,h,exk
1frb,h,qff
1frc,s,1k0j
1frc,s,ip0
1frc,s,3t7
1frc,s,6a3
1frc,s,88r
1frc,s,sl4
1frc,s,1g8
1frc,s,5q4
1frc,s,156d
1frc,s,glj
1frc,s,kqn
1frc,s,rr8
1fre,h,oax
1frf,m,1dkq
1frg,h,ljf
1fri,h,10kf
1frl,h,j6z
1frm,s,t0j
1frn,h,w63
1fro,h,11zo
1fro,h,108b
1frp,h,f9p
1frq,h,b8h
1frr,h,tl6
1frs,h,z8a
1frt,h,955
1fru,h,tl8
1frw,h,1130
1fs0,h,1csu
1fs1,s,imi
1fs2,h,ipk
1fs3,h,2xt
1fs4,h,nyq
1fs5,h,xse
1fs6,h,1der
1fs7,h,2ix
1fs9,h,1kqj
1fsa,h,2ix
1fsd,h,14tr
1fsf,h,t4s
1fsg,h,t4w
1fsh,h,1jgz
1fsp,h,qdg
1fss,h,1kcv
1fsu,h,ki1
1fsv,h,11p
1fsw,h,6n5
1fsx,h,8qm
1fsy,h,ouz
1fsz,s,c1l
1ft0,h,1dvb
1ft2,h,c1r
1ft3,h,vjn
1ft5,h,oav
1ft6,h,1a1g
1ft7,h,1a1m
1ftc,h,1asg
1ftd,h,1ash
1fte,h,1asj
1ftf,h,xg6
1ftg,h,xm7
1fti,h,1az
1ftj,h,4ze
1ftk,h,1jwr
1ftl,s,1h97
1ftm,h,gf1
1fto,h,13k1
1ftp,h,dtg
1ftt,h,1jgz
1ftu,h,9fw
1ftw,h,f5w
1ftw,h,j0j
1ftw,m,1fu9
1ftw,m,1fr0
1ftx,h,cl3
1ftz,h,10sf
1fu0,h,1jgz
1fu1,h,kri
1fu2,h,olh
1fu3,h,olh
1fu4,h,1g33
1fu6,h,1ckm
1fu7,h,kq7
1fu9,h,xrp
1fub,h,a7j
1fui,h,aa0
1fuj,h,qyp
1fuk,h,jf3
1ful,h,1duw
1fum,h,jey
1fun,h,tj4
1fuo,h,1e5i
1fup,m,ijm
1fuq,h,aao
1fur,h,1klm
1fus,h,17jj
1fus,m,1fut
1fuu,h,gi4
1fuv,h,qz5
1fuw,h,1kcz
1fuy,h,14fh
1fuz,h,1e74
1fv0,h,1aaw
1fv1,h,fmd
1fv3,h,w68
1fv6,s,4rc
1fv6,s,1fvb
1fv7,h,hsf
1fv8,h,1j0
1fv9,h,3if
1fvb,s,1fv6
1fvc,s,1109
1fve,h,16qa
1fvf,h,1dm2
1fvg,h,11ih
1fvh,h,tnu
1fvj,h,jkp
1fvk,h,179n
1fvl,h,tl8
1fvm,h,68v
1fvn,h,1abh
1fvo,h,lu1
1fvp,h,hn0
1fvr,h,xrg
1fvs,h,47p
1fvt,h,1bfy
1fvu,h,5l7
1fvw,h,1jtk
1fvx,h,df9
1fvy,h,sfx
1fw0,m,1fw1
1fw3,h,oav
1fw3,m,1fw2
1fw4,h,ufn
1fw5,h,m80
1fw6,h,66v
1fw8,s,nf8
1fw9,h,81e
1fwa,h,dtg
1fwb,h,lkf
1fwd,s,sdw
1fwd,s,1fxi
1fwd,s,1fwr
1fwd,s,f1n
1fwe,h,v7n
1fwf,h,126j
1fwg,h,1bkl
1fwh,h,r8s
1fwi,h,14te
1fwj,h,1ehk
1fwk,h,1ehk
1fwl,h,fgm
1fwm,h,aq8
1fwn,h,ioi
1fwp,h,91u
1fwr,s,1fwd
1fwt,h,1bfj
1fwu,h,vlw
1fwv,h,ufk
1fww,m,1fwz
1fwx,h,4bv
1fwz,h,12v1
1fx0,h,v03
1fx1,h,ews
1fx2,h,31a
1fx2,h,zoc
1fx3,h,13zk
1fx4,h,v7n
1fx5,h,1iqw
1fx6,h,k82
1fx7,h,12f4
1fx8,h,to7
1fxa,s,1brw
1fxg,h,yrs
1fxh,h,vua
1fxi,s,1fwd
1fxk,h,1f0a
1fxl,h,13k1
1fxn,h,gux
1fxp,h,vrx
1fxs,h,32
1fxt,h,qmc
1fxv,h,10z0
1fxw,h,19sn
1fxx,h,19so
1fxy,s,nex
1fy0,h,261
1fy1,h,pxk
1fy2,h,gk5
1fy3,h,1duw
1fy4,h,1kl2
1fy5,h,9dl
1fy6,h,uz6
1fy7,h,19tv
1fy9,h,1bkn
1fya,h,65p
1fya,m,ejc
1fya,m,ddz
1fya,m,d1p
1fya,m,14hc
1fya,m,17jz
1fya,m,1dbs
1fyb,h,13zj
1fyc,h,1d99
1fyd,h,vre
1fye,h,13zj
1fyf,h,1ban
1fyg,h,fk
1fyh,h,1fuv
1fyh,h,71h
1fyi,s,1h1t
1fyi,s,1fyn
1fyi,s,aj0
1fyj,s,h4l
1fyk,s,qi9
1fyl,h,eja
1fym,h,1d79
1fym,h,11wa
1fyn,s,1fyi
1fyo,h,1bkn
1fyp,h,oup
1fyq,s,1dsp
1fyr,s,1fzo
1fyr,s,2g2
1fyr,s,d24
1fyr,s,1ifk
1fys,h,164d
1fyt,h,1a8i
1fyu,h,1gzo
1fyv,h,r2e
1fyw,h,12e0
1fyx,h,12gl
1fyy,h,cl3
1fz0,h,ton
1fz1,h,1duw
1fz2,h,15hc
1fz3,h,olh
1fz4,h,1b5m
1fz5,h,b3p
1fz6,h,15hc
1fz7,h,14vp
1fz8,h,wiu
1fz9,h,jph
1fzb,h,182o
1fzc,h,1fzn
1fzd,h,lrb
1fze,h,2zw
1fzf,h,bt4
1fzh,s,u6z
1fzi,s,dcc
1fzj,h,r3y
1fzk,h,nya
1fzl,h,cur
1fzm,s,tog
1fzn,h,vj4
1fzo,s,1fyr
1fzp,h,12of
1fzs,h,19qq
1fzt,h,m19
1fzv,h,1fzt
1fzx,h,bf1
1fzy,h,1f29
1fzz,h,tlo
1g00,h,1f89
1g01,s,toe
1g02,h,1klm
1g03,h,1klm
1g04,h,1kgc
1g05,h,aed
1g06,h,lsa
1g07,h,14nb
1g08,h,182o
1g0a,h,1bch
1g0b,h,ntm
1g0c,h,17es
1g0d,h,oic
1g0f,m,evh
1g0f,m,yvt
1g0f,m,iqg
1g0f,m,lz1
1g0f,m,tl3
1g0g,h,18uy
1g0h,h,tra
1g0i,h,7cf
1g0j,h,t8s
1g0k,h,tr9
1g0l,h,77o
1g0m,h,10ck
1g0n,h,nnq
1g0o,h,k9h
1g0p,h,zke
1g0q,s,fxp
1g0r,h,di4
1g0s,h,1be5
1g0w,h,k2c
1g0x,h,1az
1g0y,h,2vr
1g0z,h,3gr
1g12,h,dce
1g14,s,1hh3
1g15,s,8h
1g17,s,p2b
1g18,s,p2a
1g1a,h,krd
1g1b,m,1a3o
1g1b,m,7hg
1g1b,m,1a8h
1g1b,m,1fet
1g1b,m,1h
1g1b,m,3xj
1g1b,m,50c
1g1b,m,1a3q
1g1b,m,uak
1g1b,m,ojn
1g1b,m,7hh
1g1b,m,f0y
1g1b,m,wbz
1g1b,m,1jg1
1g1b,m,nuv
1g1c,h,1kqz
1g1d,h,7n5
1g1e,h,3p
1g1f,h,10hw
1g1h,h,1h1g
1g1i,h,oyz
1g1m,h,fu6
1g1n,s,cyu
1g1o,s,qeu
1g1r,h,10cg
1g1s,h,11jm
1g1t,h,qra
1g1u,h,zke
1g1w,h,wx9
1g1x,h,1qp
1g1y,h,huh
1g1z,h,178n
1g20,h,1bj
1g21,h,xak
1g22,h,14c
1g23,h,gjc
1g24,h,vkl
1g25,h,1fil
1g26,h,uje
1g28,h,4pe
1g29,h,cfd
1g2a,h,dn7
1g2b,h,dq3
1g2c,s,esk
1g2e,h,ffw
1g2f,s,1hiw
1g2g,h,lxx
1g2h,h,b5o
1g2i,h,bj4
1g2j,h,sh3
1g2k,h,hje
1g2m,h,4z2
1g2o,h,17ex
1g2p,s,1i9k
1g2q,s,1i9b
1g2s,h,brs
1g2u,h,1dnk
1g2v,h,v7k
1g2w,h,ii
1g2y,h,3go
1g2z,h,1bds
1g30,h,11dh
1g31,h,ok
1g32,h,1ee6
1g34,h,11d6
1g35,h,xz
1g37,h,v3u
1g38,h,1g33
1g39,h,91u
1g3a,h,1hlo
1g3c,h,huy
1g3e,h,18qi
1g3f,h,sxk
1g3g,s,71v
1g3g,s,mvd
1g3h,h,11k5
1g3i,h,1a91
1g3j,s,1g3k
1g3k,s,no4
1g3k,s,1g3j
1g3l,s,7rq
1g3l,s,hzj
1g3m,s,c6n
1g3m,s,jru
1g3m,s,8dr
1g3m,s,o9r
1g3m,s,9ec
1g3n,h,1d49
1g3r,h,nf3
1g3s,h,s20
1g3t,h,1gg7
1g3v,h,84i
1g3w,h,awt
1g3x,h,1ggj
1g3y,s,12zb
1g3z,h,wiu
1g40,h,btg
1g41,h,btg
1g41,m,s21
1g42,h,bt1
1g44,h,fem
1g45,h,18ij
1g46,h,vn
1g47,h,1424
1g48,h,gf9
1g4a,h,1grv
1g4c,h,1ken
1g4d,h,j2h
1g4e,h,1d96
1g4g,h,jye
1g4h,h,twt
1g4i,h,xjh
1g4j,h,xji
1g4k,h,2re
1g4l,h,25l
1g4m,h,11v1
1g4n,h,1g4r
1g4q,h,117b
1g4r,h,16o5
1g4s,h,10zo
1g4t,h,5u4
1g4u,h,ppv
1g4v,s,12pw
1g4v,s,dvq
1g4v,s,dh6
1g4v,s,y5z
1g4w,h,1e9r
1g51,h,11oy
1g52,h,12pm
1g53,h,qkl
1g54,h,16i6
1g55,h,ews
1g56,h,v72
1g57,h,g1l
1g58,h,1a64
1g5a,h,1a1g
1g5d,h,qdr
1g5e,h,twt
1g5f,h,vcy
1g5g,h,1wq
1g5h,h,vd6
1g5i,h,16xt
1g5j,h,eth
1g5k,h,13u7
1g5l,h,c4o
1g5n,s,3ix
1g5o,h,etp
1g5p,h,qyu
1g5q,h,154u
1g5r,h,1s8
1g5s,h,e3i
1g5t,m,i23
1g5u,h,1gvk
1g5x,h,zig
1g5x,m,1cwb
1g5z,h,gg7
1g60,h,gg6
1g61,h,fi2
1g62,h,31c
1g63,h,50y
1g64,h,10zp
1g65,h,n1f
1g66,h,4ca
1g67,h,17cx
1g69,h,6uw
1g6a,h,z20
1g6b,h,uya
1g6d,h,pap
1g6g,h,1ebi
1g6h,h,1gi0
1g6i,h,1g8v
1g6j,s,gpu
1g6j,s,fzp
1g6k,h,9ny
1g6l,h,14gf
1g6o,h,1grv
1g6q,h,run
1g6r,h,awn
1g6s,h,z4a
1g6t,h,7f5
1g6v,h,ilu
1g6w,h,198o
1g6x,h,ilu
1g6y,h,xse
1g6z,h,1klm
1g71,h,cob
1g72,h,vdc
1g73,h,jvj
1g74,s,144r
1g75,h,ilo
1g76,h,w28
1g78,h,11c5
1g78,m,1a1m
1g79,h,awn
1g7a,h,bt4
1g7b,s,byh
1g7c,s,zs4
1g7d,h,zs6
1g7e,h,3gi
1g7g,h,bmj
1g7j,h,anb
1g7k,h,awn
1g7l,h,azg
1g7m,h,1g6u
1g7n,h,1g6u
1g7o,h,s5k
1g7p,h,10zp
1g7p,m,2m3
1g7q,h,n8y
1g7r,h,1kqf
1g7s,h,kl
1g7t,h,gea
1g7v,s,180d
1g7x,h,1g7t
1g7z,s,180d
1g80,s,p9c
1g82,h,10zq
1g83,h,1g67
1g84,h,1gg6
1g86,h,gdd
1g87,h,xbf
1g88,h,4x9
1g89,h,18rq
1g8a,h,c04
1g8c,h,1grv
1g8c,m,19am
1g8c,m,1g8a
1g8d,h,14my
1g8e,h,1a64
1g8f,m,u8g
1g8f,m,84j
1g8g,h,bm6
1g8i,h,1erq
1g8j,h,tai
1g8k,h,ioi
1g8l,h,bxb
1g8m,h,1762
1g8n,h,1fda
1g8o,s,p4e
1g8o,s,fg8
1g8o,s,gj7
1g8p,h,ytl
1g8q,h,t8s
1g8r,h,kh
1g8s,h,u5j
1g8t,h,hn0
1g8u,h,1jgz
1g8v,h,3iy
1g8w,h,cvw
1g8z,h,1gg6
1g90,h,1jfj
1g91,h,1g62
1g91,m,1g66
1g93,h,16so
1g94,h,k40
1g95,s,1g9t
1g96,h,yp9
1g97,s,ksx
1g98,h,1im8
1g99,h,kq5
1g9a,h,oi5
1g9b,h,1ggp
1g9c,h,1jgz
1g9d,h,1cm3
1g9e,h,1bkn
1g9f,h,qra
1g9h,h,nbk
1g9i,h,c04
1g9j,h,1hgo
1g9k,s,bgy
1g9l,h,19r2
1g9n,h,zn1
1g9o,h,7s4
1g9q,h,r2s
1g9s,h,kt1
1g9t,s,1g95
1g9x,h,4yc
1g9y,h,g4i
1g9z,s,1dsp
1ga0,s,1hyn
1ga2,h,11qw
1ga3,h,11qp
1ga5,s,btz
1ga7,h,mc
1ga8,h,171r
1ga9,h,bzf
1gaa,h,1kqg
1gab,h,11rx
1gac,h,1kqg
1gad,h,1kqj
1gah,h,15sr
1gal,h,xxy
1gam,h,df9
1gan,h,1d96
1gap,h,11k5
1gar,h,1fl6
1gas,h,tak
1gat,h,1g9r
1gau,h,ec5
1gav,h,xds
1gaw,h,xds
1gay,h,1gg6
1gaz,h,19wo
1gb0,h,174m
1gb1,h,ilx
1gb2,h,15pa
1gb3,h,fp8
1gb6,h,wma
1gb7,h,170g
1gb8,h,1gbl
1gb9,h,91u
1gba,h,11yp
1gbb,h,91u
1gbc,h,91u
1gbd,h,91v
1gbe,h,91u
1gbf,h,91u
1gbg,h,91u
1gbh,h,91l
1gbi,h,lgd
1gbm,s,929
1gbn,m,191q
1gbn,m,13pl
1gbo,h,138o
1gbp,h,qj
1gbq,h,qvj
1gbr,h,j9
1gbs,s,otl
1gbt,h,fqw
1gbu,h,1c5a
1gbv,h,10vk
1gbw,h,1kqz
1gby,h,j9
1gbz,h,1kqy
1gc0,h,pwe
1gc1,h,1ggj
1gc2,h,zt3
1gc3,h,rl7
1gc5,h,199o
1gc5,m,anr
1gc5,m,4if
1gc5,m,hlk
1gc6,h,10vk
1gc7,h,10vk
1gc8,h,17h5
1gc9,h,6un
1gca,h,91l
1gcb,h,10w0
1gcc,h,10vx
1gcd,h,bzf
1gce,h,1e5o
1gch,h,1iw7
1gcm,h,16h1
1gcn,h,91u
1gco,h,1gdh
1gcp,h,xds
1gcq,h,i47
1gcr,h,4pe
1gcs,h,xds
1gct,h,10nv
1gcu,h,eue
1gcw,h,922
1gcx,h,1gbi
1gcz,h,10nu
1gd0,h,xan
1gd2,h,tye
1gd3,h,13ye
1gd4,h,171r
1gd5,h,1gaf
1gd6,h,1gaw
1gd7,h,1gav
1gda,h,a3m
1gdb,s,a2h
1gdc,h,167z
1gdd,h,19b1
1gde,h,azg
1gdf,h,lw6
1gdf,m,lw9
1gdf,m,acn
1gdg,h,1488
1gdh,h,xds
1gdi,h,ai0
1gdj,h,19jh
1gdj,m,28y
1gdk,h,1gbl
1gdl,h,bzc
1gdm,h,91l
1gdn,h,91u
1gdp,h,1kca
1gdq,h,d0p
1gds,h,a3m
1gdt,s,z3d
1gdw,h,xxy
1gdx,h,60s
1gdz,h,kht
1ge0,h,igz
1ge1,h,91v
1ge2,h,nna
1ge3,h,j11
1ge4,h,zig
1ge5,h,xe8
1ge6,h,fp4
1ge7,h,4pe
1ge8,h,qvh
1ge9,s,wsr
1gec,h,f52
1ged,h,xds
1gee,h,xds
1gef,h,xds
1geg,h,xe8
1geg,m,11xd
1geh,h,awt
1gei,h,12g
1gej,h,j3y
1gej,m,tww
1gej,m,18t
1gej,m,1jsb
1gej,m,1f20
1gej,m,6sk
1gek,h,1grv
1gel,h,cp8
1gem,s,ily
1gen,h,vn7
1geo,h,1gaw
1gep,h,2yd
1geq,h,91u
1ger,h,3p
1ges,h,xnw
1get,h,7od
1geu,h,15l3
1gev,h,16g6
1gew,h,12gb
1gex,h,26r
1gey,h,11k5
1gez,s,otl
1gf0,h,1gaw
1gf1,h,1geg
1gf4,h,16mp
1gf5,m,1khc
1gf7,s,otl
1gf8,h,13a4
1gf9,h,11k5
1gfb,h,ews
1gfb,m,43t
1gfc,h,gdx
1gfd,h,eql
1gff,h,xd6
1gfg,h,8bn
1gfh,h,bf6
1gfi,h,84d
1gfj,h,ooa
1gfl,m,1jp2
1gfm,h,1e4s
1gfn,h,14s3
1gfp,h,8ay
1gfr,h,12ui
1gfs,h,14s3
1gft,h,8ay
1gfv,h,pap
1gfw,h,x0b
1gfx,h,151e
1gfy,h,ffb
1gg1,s,10cn
1gg2,h,qra
1gg3,h,vu9
1gg4,h,4qj
1gg5,h,xan
1gg7,h,1gg8
1gg9,h,1gg6
1gga,h,1gg6
1ggb,h,1gg6
1ggc,h,1gg6
1ggd,h,n7h
1ggf,h,1gg6
1ggg,h,1gg8
1ggi,s,cdb
1ggj,h,11k5
1ggk,h,1845
1ggk,h,1c2a
1ggl,h,3ip
1ggm,s,10vv
1ggn,h,d0h
1ggo,h,1gg5
1ggp,h,10vk
1ggr,h,xea
1ggs,h,1c2x
1ggu,h,k40
1ggv,h,k3o
1ggw,h,k3s
1ggy,h,15ob
1ggz,s,dp1
1gh0,h,fkt
1gh1,h,1ebc
1gh2,h,19dh
1gh3,h,1dwu
1gh4,h,bru
1gh6,h,1jgz
1gh7,h,1c8r
1gh8,h,6ht
1gh9,h,m8s
1gha,h,c4i
1ghb,h,1gh6
1ghc,h,zi3
1ghe,h,wfn
1ghf,h,z4a
1ghg,h,cvt
1ghh,h,fmu
1ghi,h,1jte
1ghj,h,133p
1ghk,h,anb
1ghl,h,1ghi
1ghn,h,lhf
1ghr,h,em6
1ghs,h,nne
1ght,h,r2s
1ghv,h,m8l
1ghx,h,15hj
1ghy,s,wk
1ghy,s,142j
1ghy,s,g6r
1ghy,s,lg3
1ghy,s,7cr
1ghy,s,jo
1ghz,s,ghu
1ghz,s,48t
1ghz,s,g7q
1gi0,h,1kqj
1gi1,h,87q
1gi1,m,16d7
1gi2,h,v3x
1gi3,h,31w
1gi5,s,xhv
1gi6,h,1agv
1gi7,m,1dbr
1gi7,m,d1u
1gi7,m,7c1
1gi7,m,1gtd
1gi7,m,tu8
1gia,h,12bs
1gib,h,97l
1gic,h,hh9
1gid,h,i6t
1gie,h,1bsf
1gig,h,s20
1gih,h,1gnv
1gii,h,1gg7
1gij,h,1gg7
1gik,h,1ggj
1gil,h,t4i
1gim,h,1g8l
1gio,h,9zg
1gio,m,kj5
1gio,m,o7h
1gip,h,1615
1giq,h,19oq
1gis,h,32j
1git,h,19pc
1giu,h,1j12
1giv,h,1j0z
1giw,h,gz2
1gix,h,19pc
1giy,h,19oq
1gj0,h,fvu
1gj1,h,xxt
1gj2,h,fvu
1gj3,h,ky1
1gj4,h,df9
1gj5,h,14nw
1gj6,h,iku
1gj7,h,f58
1gj9,h,f5s
1gja,h,5z1
1gjb,s,jeg
1gjg,h,gj0
1gjh,h,69x
1gjj,h,zi5
1gjk,h,2lj
1gjl,h,1bzq
1gjm,h,1g1c
1gjn,h,1kqz
1gjo,h,1gbt
1gjp,h,1ij5
1gjq,h,1gbt
1gjs,h,18g6
1gjv,h,1grj
1gjx,h,1bjt
1gjy,h,isx
1gjz,h,13u9
1gjz,m,12gq
1gjz,m,e77
1gjz,m,145i
1gk0,h,btg
1gk1,h,zg
1gk2,h,12ua
1gk3,h,19qr
1gk6,s,22s
1gk8,h,fxn
1gk9,h,vrs
1gka,h,1dyp
1gkb,h,1gmd
1gkc,h,1dyq
1gkh,h,b5l
1gkj,h,1cj7
1gkk,h,4z2
1gkl,m,wwh
1gkm,h,xw0
1gkm,m,vpf
1gkm,m,xrg
1gkn,h,1er0
1gko,h,vyj
1gkr,m,7sg
1gks,h,e6w
1gkt,h,2n9
1gku,s,191l
1gkv,s,z0g
1gkw,h,2ml
1gkx,h,113i
1gky,h,157x
1gkz,h,oo0
1gl2,h,8vh
1gl3,h,qli
1gl3,h,xpq
1gl4,h,9jp
1gl5,h,idr
1gla,h,v68
1glb,h,9zv
1glc,s,aql
1gld,h,ewu
1gle,h,19wk
1glf,h,fkt
1glg,h,1gzl
1glh,h,wpl
1gli,h,e0d
1glj,h,b4d
1glk,h,17tv
1glo,h,f9c
1glp,h,k6b
1glr,h,slu
1gls,s,22s
1glu,h,2ba
1glw,h,1bry
1glw,m,141w
1glx,s,11gr
1gly,h,s2w
1glz,h,11k5
1gm0,s,fxp
1gm1,h,14es
1gm2,s,b5j
1gm3,m,abl
1gm5,h,ews
1gm6,h,8o9
1gm9,h,tzo
1gm9,h,mfe
1gma,h,up5
1gmb,m,jo9
1gmh,s,15pc
1gmi,s,xhl
1gmk,s,xho
1gml,h,yrs
1gmm,h,315
1gmn,h,1423
1gmr,s,872
1gms,s,872
1gmt,s,znp
1gmv,s,b5j
1gmw,h,30n
1gmx,h,1gnp
1gmy,h,y0s
1gmz,h,3ih
1gn0,h,df2
1gn1,h,e3g
1gn2,h,44l
1gn3,h,4pe
1gn4,h,e3g
1gn5,h,pz
1gn6,h,12ul
1gn7,h,1fon
1gn8,h,18nj
1gn9,s,a75
1gna,h,uqz
1gnb,h,80m
1gnc,h,s07
1gnd,h,e3k
1gne,h,st
1gnf,m,1j7d
1gnf,m,6j4
1gnf,m,1akz
1gng,m,mxh
1gng,m,1kvd
1gng,m,15x1
1gnj,h,qpb
1gnk,h,ffw
1gnl,h,147w
1gnm,h,mhw
1gnm,m,pi8
1gnn,h,xm7
1gnp,h,19j8
1gnq,h,lun
1gnr,h,1guv
1gnu,h,108b
1gnv,h,s20
1gnw,h,nhk
1gnx,h,isq
1gny,h,1co9
1gnz,h,5y5
1go1,h,qqt
1go3,h,tah
1go4,s,xhl
1go5,h,1iqw
1go6,s,b5j
1go7,h,4in
1go8,h,xhw
1go9,h,xic
1goa,h,olh
1gob,h,1a7u
1goc,h,c4k
1god,h,16ke
1goe,h,1gnp
1gof,h,xi2
1gog,s,12vb
1goh,h,152g
1goh,m,tdi
1goj,h,ikb
1gok,h,gn5
1gol,h,8k8
1gom,h,2zv
1gon,h,lns
1goo,h,eqm
1gop,h,1bqq
1gos,h,1i25
1got,h,oc3
1got,h,12vq
1gou,m,1k13
1gov,h,pdx
1gp0,h,j16
1gp2,s,1hiu
1gp4,h,qt
1gp5,h,1gnq
1gp6,s,xhv
1gp8,h,4i8
1gp9,h,4i8
1gpa,s,laq
1gpb,h,yzp
1gpc,h,1hlv
1gpf,h,p7w
1gph,h,13uc
1gpi,h,w8u
1gpl,h,5hl
1gpm,h,8bn
1gpn,h,1gp5
1gpp,h,34m
1gpt,h,222
1gpu,h,9sv
1gpv,h,1k1e
1gpw,h,1agu
1gpx,h,21o
1gpy,h,1agv
1gpz,h,13ax
1gq0,h,1ehk
1gq2,h,6lp
1gq3,h,xmc
1gq7,h,1hwv
1gq8,h,d1i
1gq9,h,vb8
1gqa,h,12r8
1gqb,h,12r8
1gqc,h,19y9
1gqd,m,xvo
1gqg,h,vyq
1gqj,h,3so
1gqk,h,3so
1gql,h,t45
1gqn,s,i4o
1gqo,s,juo
1gqp,s,p2a
1gqq,h,157i
1gqs,h,15hp
1gqt,h,t7f
1gqu,h,t7f
1gqu,m,1gqt
1gqv,h,lmb
1gqw,h,17ts
1gqy,h,1jh0
1gr0,h,1544
1gr1,h,23b
1gr2,h,151q
1gr3,h,16gm
1gr4,h,f4k
1gr5,h,nne
1gr6,h,h80
1gr7,h,13gl
1gr8,h,xx
1gr9,h,pbj
1gra,h,1d7x
1grb,s,751
1grb,s,nv1
1grb,s,25s
1grb,s,ab2
1grb,s,l4h
1grb,s,ndq
1grb,s,fun
1grb,s,1d9h
1grb,s,1d4r
1grb,s,1dme
1grb,s,889
1grb,s,fqk
1grb,s,1grf
1grb,s,2e7
1grd,s,f4j
1gre,h,f4m
1grf,s,1grb
1grg,h,xxt
1grh,h,15ob
1grj,h,ls6
1grj,m,tdk
1grj,m,1902
1grj,m,1grk
1grj,m,1auk
1grj,m,szd
1grk,h,ls6
1grl,h,zxe
1grm,h,k3m
1grn,h,1859
1grp,h,f57
1grq,h,1ebm
1grr,m,1gpp
1grs,h,yjr
1grt,h,67
1gru,s,64
1grv,m,17j8
1grv,m,78n
1grv,m,1eff
1grw,h,1ged
1grx,h,1kwb
1gry,h,13x
1grz,s,13s
1gs2,h,oi3
1gs3,h,1168
1gs4,s,1dwk
1gs4,s,2gl
1gs4,s,kr
1gs4,s,1gu5
1gs5,h,1fe
1gs7,s,e7
1gs8,s,j77
1gs9,s,1h5o
1gsa,s,15ja
1gsb,s,m17
1gsc,s,tey
1gsd,s,ihg
1gse,h,1f7
1gsf,h,t5i
1gsg,h,ijz
1gsh,h,lhs
1gsi,h,1iso
1gsj,h,7wt
1gsk,h,1gu2
1gss,h,1dnv
1gst,h,1bks
1gsu,h,xe0
1gsv,h,25e
1gsw,h,j2i
1gsx,h,13ur
1gsy,h,12f5
1gsz,h,1iku
1gt0,h,xmc
1gt1,h,1jf1
1gt2,h,1e1d
1gt3,s,1a27
1gt4,h,1diz
1gt5,h,ibw
1gt6,h,1a2q
1gt7,h,8el
1gt8,h,1a2v
1gt9,h,abw
1gta,h,17hk
1gta,h,1k19
1gtb,h,1gg6
1gtc,h,4ub
1gtd,h,1cdn
1gtd,m,4ev
1gte,h,42n
1gtf,h,48r
1gtg,h,l30
1gth,h,1fm7
1gti,h,ooc
1gtj,s,6dp
1gtk,h,143j
1gtl,h,1g8v
1gtm,h,bog
1gtn,h,4z3
1gto,h,11ij
1gtp,h,tge
1gtq,h,fva
1gtr,h,jsk
1gts,h,132u
1gtt,h,cf2
1gtu,s,1iai
1gtu,s,bf0
1gtw,h,1g8v
1gtx,s,ct6
1gtx,s,3n5
1gtx,s,jsi
1gtx,s,ekt
1gtx,s,1dwj
1gty,s,16r3
1gtz,h,c09
1gu0,h,j48
1gu1,h,ku
1gu2,h,1cjh
1gu4,s,1iw1
1gu4,s,ou1
1gu5,s,1gs4
1gu7,h,ou5
1gu8,h,im
1gu9,h,10ck
1gua,h,za
1gub,h,vya
1guc,h,1jty
1gud,s,f4j
1gue,h,i0h
1guf,h,1gue
1guh,h,drw
1gui,h,kkp
1gul,h,1iku
1gum,m,o95
1gun,h,1jrc
1gun,h,7ng
1guo,h,10m
1gup,h,54i
1gur,h,1izm
1guu,h,bdb
1guv,m,hdj
1guv,m,mz3
1guv,m,8mi
1guv,m,26e
1guv,m,12dp
1guw,h,1d99
1gux,h,1duw
1guy,h,6un
1guz,h,1762
1gv0,h,hzl
1gv4,h,1cdn
1gv5,m,1gsh
1gv6,h,tii
1gva,s,pow
1gvc,h,u0a
1gve,h,ki1
1gvf,h,13uc
1gvi,h,1fz
1gvj,s,oph
1gvk,h,1guw
1gvl,h,aug
1gvm,h,132t
1gvn,h,12hk
1gvo,h,hp4
1gvp,h,kn0
1gvt,h,19m1
1gvu,h,1kwr
1gvx,h,gvy
1gvx,m,1gvz
1gvx,m,hgo
1gvx,m,myn
1gvz,h,17so
1gw0,h,1jw1
1gw1,h,17et
1gw3,h,78w
1gw4,h,cur
1gw5,s,ss
1gw6,h,14gf
1gw7,h,3il
1gw8,h,jui
1gw9,h,1g49
1gwa,h,xds
1gwb,h,14gk
1gwc,h,bt1
1gwd,h,5zm
1gwd,m,o7a
1gwe,h,jkp
1gwf,h,1l29
1gwf,m,917
1gwh,m,1gwg
1gwi,h,1kiy
1gwj,h,y7d
1gwl,h,gf1
1gwo,h,ep9
1gwq,h,18s6
1gwr,h,glv
1gws,h,1g22
1gwt,h,1knd
1gwu,h,ioi
1gwv,h,nbi
1gww,h,mav
1gwx,h,z2r
1gwy,h,1jvr
1gwz,h,1nw
1gx1,s,noa
1gx2,h,n49
1gx3,h,dk3
1gx4,h,280
1gx5,h,fvj
1gx6,h,14h
1gx8,h,4gl
1gxb,h,18pl
1gxb,m,1gxa
1gxc,h,h6o
1gxd,h,129z
1gxe,h,xlw
1gxe,m,11u1
1gxf,h,126j
1gxg,h,1m3
1gxh,h,pz
1gxi,h,pz
1gxo,m,9fr
1gxp,h,185n
1gxq,h,w63
1gxr,h,1gxt
1gxs,h,1gxu
1gxt,h,1ls
1gxu,h,1lt
1gxv,h,vyq
1gxw,h,a7j
1gxx,h,9n0
1gxy,h,7pb
1gy0,m,1gxz
1gy0,m,2u9
1gy0,m,1gy3
1gy3,h,10m
1gy5,h,10w4
1gy5,m,19oe
1gy6,h,119e
1gy8,h,1kiy
1gy9,h,n92
1gyd,h,nya
1gye,s,num
1gyf,h,9zg
1gyf,m,12ai
1gyg,h,ab6
1gyi,h,65p
1gyj,m,17mj
1gyj,m,1ckg
1gyj,m,5nb
1gyk,h,khd
1gyl,m,1gyk
1gyo,h,fnn
1gyq,m,jte
1gyq,m,15y6
1gyq,m,1bh9
1gyq,m,17e7
1gyq,m,5lv
1gys,h,swy
1gyu,h,s6r
1gyv,h,ckb
1gyw,h,1406
1gyy,h,1cj7
1gz1,h,tu3
1gz2,h,1gz8
1gz3,h,g3t
1gz4,m,2pf
1gz4,m,ifc
1gz4,m,7dj
1gz4,m,dpp
1gz4,m,1fn8
1gz4,m,2c7
1gz4,m,rpc
1gz4,m,2pe
1gz4,m,ro0
1gz4,m,h5a
1gz4,m,6bc
1gz4,m,28f
1gz4,m,24d
1gz4,m,spx
1gz4,m,1gz2
1gz5,h,1386
1gz5,m,6ps
1gz6,h,kgg
1gz7,h,1gz3
1gz8,h,34m
1gz9,h,1lt
1gzc,h,1gz9
1gzf,h,1gz9
1gzh,h,1gz8
1gzi,h,oav
1gzi,m,1gzj
1gzj,h,kaq
1gzl,h,kh
1gzm,h,ewd
1gzn,h,921
1gzo,h,10si
1gzp,h,jhf
1gzq,h,1jgw
1gzr,h,xdt
1gzs,h,xds
1gzt,h,1gg6
1gzu,h,91v
1gzv,h,1gdh
1gzw,h,xdt
1gzx,h,xds
1gzy,h,19aw
1gzz,h,19qu
1h00,h,fgm
1h00,h,1gzu
1h01,h,91u
1h02,h,fze
1h03,h,m40
1h04,h,xds
1h05,h,19aw
1h06,h,zi3
1h07,h,17l
1h08,h,19ba
1h09,h,91u
1h0a,h,e43
1h0b,h,1gzr
1h0d,h,2sj
1h0e,h,13if
1h0f,h,cid
1h0g,s,16zl
1h0g,s,17ly
1h0g,s,106i
1h0g,s,re1
1h0l,h,1gwv
1h0n,h,11k5
1h0o,h,c1s
1h0p,h,91n
1h0q,h,10pp
1h0r,h,xe4
1h0s,h,hqj
1h0t,h,kwd
1h0w,h,1ct0
1h0x,h,17cx
1h0y,h,lun
1h0z,h,10sf
1h10,h,3ha
1h11,h,17m0
1h12,h,fkh
1h13,h,lu1
1h14,h,iwo
1h15,h,lu1
1h16,h,12jd
1h17,h,12e0
1h18,h,1ggy
1h19,h,12e0
1h1a,h,zbu
1h1d,h,wiu
1h1e,h,1g4e
1h1f,m,6cg
1h1g,h,9c1
1h1g,m,850
1h1g,m,12dd
1h1h,h,pai
1h1i,h,g9t
1h1j,h,rw5
1h1j,h,1e2e
1h1m,h,ro6
1h1n,h,ro7
1h1o,m,k1u
1h1o,m,125k
1h1o,m,1h1m
1h1p,h,rip
1h1q,h,rio
1h1r,h,1fya
1h1s,h,16ed
1h1t,s,1fyi
1h1v,h,v33
1h1v,m,1h1r
1h1w,h,taj
1h1x,h,1eru
1h1y,h,1erq
1h1z,h,169d
1h21,h,19j3
1h22,h,4bu
1h24,s,aaj
1h25,h,1bkn
1h26,h,xvb
1h27,h,1bkv
1h28,h,1bks
1h29,h,1fhg
1h2a,h,12jp
1h2b,h,1423
1h2c,h,1222
1h2d,h,j2h
1h2e,h,1agv
1h2f,h,12f5
1h2g,h,hy8
1h2i,h,9iu
1h2j,h,1bks
1h2k,h,ufz
1h2l,h,12jo
1h2m,h,15bb
1h2n,s,znp
1h2p,s,872
1h2r,h,dys
1h2s,h,15bb
1h2t,s,znp
1h2v,s,872
1h2x,s,872
1h2z,s,872
1h31,s,872
1h33,s,872
1h35,s,872
1h37,s,872
1h39,s,872
1h3b,s,872
1h3d,s,872
1h3e,h,5d5
1h3f,h,1afe
1h3h,h,1h49
1h3i,h,v72
1h3j,h,v78
1h3k,h,6kx
1h3l,s,1fc9
1h3m,h,p3l
1h3n,h,tr9
1h3o,h,e2j
1h3p,h,1juf
1h3q,h,j2h
1h3r,h,1juh
1h3s,h,1a7u
1h3u,h,vl2
1h3v,h,n3v
1h3w,h,m9b
1h3x,h,lpa
1h3x,m,ye5
1h3y,h,uya
1h3z,h,10ci
1h40,h,pbm
1h42,h,91l
1h43,h,19xm
1h44,s,6tt
1h45,h,d5h
1h46,h,171e
1h47,h,xe4
1h49,h,17m0
1h4a,h,1gzr
1h4b,h,923
1h4c,h,19qu
1h4d,h,doi
1h4e,h,eim
1h4f,h,qra
1h4g,h,13e
1h4h,h,1bqq
1h4j,h,14gk
1h4k,h,5hl
1h4l,s,xhi
1h4m,h,f84
1h4n,h,1j59
1h4o,s,nk7
1h4p,h,18fz
1h4q,h,f5v
1h4r,s,872
1h4s,s,872
1h4u,h,aka
1h4w,h,jf4
1h52,h,gno
1h56,h,sh7
1h57,h,1er0
1h58,h,944
1h59,h,1e74
1h5a,h,5sz
1h5b,h,1kq8
1h5c,h,pmc
1h5e,h,wu0
1h5f,h,8h4
1h5g,h,vnp
1h5h,h,13rf
1h5i,m,sds
1h5i,m,8bp
1h5i,m,174i
1h5j,m,8my
1h5m,h,di4
1h5o,s,hjh
1h5o,s,16jp
1h5o,s,1gs9
1h5o,s,1660
1h5p,s,yo4
1h5q,h,yo8
1h5t,h,16jl
1h5u,h,1h5v
1h5v,h,vqv
1h5w,h,1kql
1h5x,h,hn0
1h60,h,1g6s
1h61,h,13rm
1h62,h,8ll
1h66,h,xjt
1h67,h,f2k
1h68,h,1d8j
1h69,h,1fb1
1h6a,m,si3
1h6b,h,f2o
1h6c,h,17so
1h6d,h,11k5
1h6g,h,ifo
1h6h,h,ntm
1h6l,h,tjc
1h6m,h,13ju
1h6o,h,v39
1h6q,m,yet
1h6q,m,rxu
1h6q,m,1h6s
1h6s,h,10m
1h6u,h,2im
1h6v,s,n28
1h6v,s,fjv
1h6v,s,1i8l
1h6v,s,18ux
1h6v,s,1hzx
1h6v,s,og0
1h6y,h,n89
1h6z,m,8az
1h6z,m,cvv
1h6z,m,sqp
1h6z,m,g5m
1h6z,m,z6o
1h6z,m,9d2
1h6z,m,sei
1h6z,m,dpi
1h6z,m,g5l
1h71,h,1as9
1h72,h,tii
1h73,h,91v
1h74,h,xy
1h77,h,60z
1h77,m,xgy
1h78,m,mma
1h7b,m,hh3
1h7c,m,zbt
1h7f,h,mw0
1h7g,s,ft3
1h7h,h,1e6r
1h7i,s,d23
1h7i,s,1dw1
1h7i,s,ii5
1h7i,s,jxu
1h7j,h,14te
1h7k,s,t21
1h7m,h,ees
1h7n,s,10x8
1h7o,h,8un
1h7p,h,8uo
1h7q,s,bmi
1h7s,h,11zo
1h7t,h,5wr
1h7u,s,9of
1h7v,s,wuq
1h7y,h,12ra
1h7z,h,1bkm
1h81,s,ret
1h82,m,18xh
1h86,h,qn2
1h87,m,kmd
1h87,m,dsn
1h87,m,2g6
1h87,m,i8q
1h87,m,z76
1h87,m,bj6
1h87,m,oan
1h87,m,1aky
1h87,m,9re
1h89,s,9of
1h8b,h,gpr
1h8b,h,lhw
1h8c,h,ocm
1h8d,s,b7m
1h8e,h,bzw
1h8f,h,19nx
1h8g,h,211
1h8h,h,7yw
1h8h,m,1745
1h8h,m,mlv
1h8h,m,nko
1h8i,h,e71
1h8j,h,1hwd
1h8k,s,b5w
1h8m,h,ez7
1h8n,h,azy
1h8o,h,e1a
1h8p,h,z8t
1h8q,s,v9i
1h8r,s,znp
1h8s,s,1hb2
1h8u,s,r20
1h8w,s,q4o
1h8x,s,lf3
1h8y,h,f2s
1h8z,s,1i9s
1h90,h,1i6y
1h91,s,ilb
1h92,s,1i6z
1h93,s,ymv
1h95,s,fnl
1h96,s,1htj
1h97,s,rm9
1h97,s,1kc
1h97,s,1ftl
1h97,s,1hbe
1h98,s,1bf6
1h99,s,19dr
1h9a,s,qjs
1h9b,s,rk6
1h9d,s,1hbk
1h9e,s,yab
1h9e,s,1icf
1h9f,s,1icg
1h9g,s,pyy
1h9h,s,1hbp
1h9h,s,1haq
1h9h,s,1i56
1h9h,s,1hg9
1h9i,s,1hit
1h9j,s,1hqk
1h9k,s,qmy
1h9l,s,1i0x
1h9m,s,uzm
1h9o,s,uzn
1h9q,s,12a2
1h9r,s,14ko
1h9s,s,181f
1h9t,s,1hv9
1h9v,s,1hv8
1h9v,s,pth
1h9v,s,1dsw
1h9v,s,1hv0
1h9w,s,tpw
1h9w,s,1i0a
1h9x,s,qcn
1h9z,s,1hcn
1ha0,s,mwn
1ha2,s,1hb9
1ha4,s,14ko
1ha5,s,qap
1ha5,s,jxv
1ha8,s,q23
1ha8,s,1i5b
1ha8,s,1hou
1ha8,s,1i6f
1ha8,s,dsa
1hab,s,19wz
1had,s,d2p
1hae,s,1jj5
1hae,s,tps
1haf,h,167
1hah,s,1hpz
1hai,s,q8p
1haj,s,ymd
1hak,s,1hpz
1ham,s,1hf1
1hao,s,1hbg
1haq,s,1h9h
1har,s,1hsr
1has,s,z94
1hat,s,q2g
1hav,s,4e7
1hav,s,e7f
1hav,s,1jto
1hav,s,a1m
1haw,s,1fez
1hax,s,18i0
1hb0,s,q3n
1hb1,s,1ahf
1hb2,s,1h8s
1hb2,s,3jj
1hb2,s,19q4
1hb4,s,1i5z
1hb5,s,req
1hb6,s,q8p
1hb7,s,16up
1hb9,s,1ha2
1hb9,s,xs6
1hbb,s,1hp8
1hbc,s,1hgg
1hbd,s,1ia6
1hbe,s,1h97
1hbf,s,ore
1hbf,s,1i3n
1hbg,s,1hao
1hbh,s,1hw0
1hbj,h,1h6u
1hbk,s,1h9d
1hbl,s,1i1w
1hbm,s,q2h
1hbo,s,1hit
1hbp,s,1h9h
1hbr,s,359
1hbs,s,z0y
1hbs,s,1iaj
1hbs,s,1hgl
1hbw,h,usn
1hbx,s,srb
1hby,s,1hpe
1hc0,h,zh1
1hc1,s,1hqq
1hc3,s,1i9p
1hc4,s,1hiu
1hc5,s,q3h
1hc7,s,1hyp
1hc8,h,bt4
1hca,h,1hnv
1hcc,h,1hqo
1hcd,h,1d0d
1hce,h,16a3
1hcf,s,1czy
1hcg,s,ylw
1hch,h,esx
1hci,s,xxi
1hcj,s,1cd2
1hcm,s,1how
1hcn,s,1h9z
1hcq,h,12f0
1hcr,h,rnu
1hcs,h,zh1
1hct,s,1htc
1hcu,h,bel
1hcv,s,udk
1hcw,s,1he4
1hcw,s,1ib8
1hcx,s,l59
1hcy,s,1hiu
1hcz,h,1i2c
1hd0,h,16a2
1hd1,h,1jsx
1hd2,s,1ia9
1hd3,s,6l4
1hd5,s,19sm
1hd7,h,m4g
1hd8,s,1i6a
1hd9,s,1hvw
1hd9,s,1be8
1hdc,s,1k8y
1hdd,s,1hsu
1hde,h,1hnv
1hdf,h,1eg7
1hdg,h,16ed
1hdh,s,1hp4
1hdj,h,1hnv
1hdl,s,1i6a
1hdn,s,1hi7
1hdp,s,1hen
1hdq,s,1hq7
1hdr,s,qni
1hds,s,fhv
1hdu,s,1pf
1hdu,s,n1r
1hdu,s,g99
1hdv,s,qbv
1hdw,s,91a
1hdw,s,bu5
1hdx,s,1i5q
1hdy,s,1p5
1he0,h,14te
1he2,h,1hqo
1he3,h,l5e
1he4,s,1hcw
1he5,s,1hh4
1he6,s,bfo
1he6,s,92d
1he6,s,k5x
1he6,s,1cjw
1he7,s,plv
1he7,s,187o
1he8,s,bnm
1heb,s,dv4
1heb,s,y9e
1hee,s,tnz
1hee,s,h0q
1hee,s,djc
1hee,s,j8y
1heh,h,18un
1hej,s,1icu
1hek,h,tj4
1hel,s,1hu7
1hem,s,ymo
1hem,s,e2b
1hen,s,1hdp
1heo,h,sj0
1hep,h,527
1heq,s,1ibo
1heq,s,ylf
1her,h,1g8v
1hes,s,bh3
1hes,s,z1f
1hes,s,5yj
1het,s,1hv3
1heu,h,1hnv
1hev,s,1ibz
1hex,h,l5h
1hey,s,1i1p
1hez,h,en5
1hf0,h,1hhw
1hf1,s,ivi
1hf1,s,4e8
1hf1,s,6cv
1hf1,s,4du
1hf1,s,1ham
1hf1,s,4ds
1hf1,s,1d7s
1hf1,s,4dr
1hf2,s,a3g
1hf3,s,a2h
1hf4,h,91u
1hf5,s,1flz
1hf7,s,1jcj
1hf8,h,1ide
1hf9,s,1hif
1hfc,s,1hyh
1hfd,s,1hfu
1hfe,s,fql
1hfe,s,3tl
1hff,s,av3
1hff,s,wo3
1hff,s,rku
1hff,s,1hoq
1hff,s,1jl4
1hff,s,414
1hfh,s,yk0
1hfi,s,1hir
1hfi,s,kfa
1hfj,s,1idk
1hfj,s,iag
1hfj,s,1ich
1hfj,s,15cs
1hfl,s,qju
1hfl,s,q7b
1hfl,s,5o5
1hfl,s,1i45
1hfl,s,dvw
1hfl,s,a95
1hfl,s,xip
1hfm,s,np6
1hfn,s,1i2d
1hfo,s,yk5
1hfr,s,q7r
1hfs,s,1af8
1hft,s,gwd
1hft,s,eov
1hft,s,4zc
1hft,s,1dry
1hfu,s,1hfd
1hfv,s,1hnd
1hfw,s,no8
1hfy,s,5pe
1hfy,s,ipg
1hfz,h,jlr
1hg0,s,e9z
1hg0,s,8i1
1hg0,s,qe9
1hg0,s,5sm
1hg0,s,5om
1hg1,s,1ic0
1hg2,s,1hw2
1hg4,s,5ya
1hg4,s,1izw
1hg5,s,qcn
1hg7,s,xs1
1hg8,h,11c5
1hg9,s,1h9h
1hgb,s,l58
1hgc,s,1i1x
1hgd,s,q8h
1hge,s,fdv
1hgf,s,q7h
1hgg,s,iu5
1hgg,s,et3
1hgg,s,2eu
1hgg,s,flz
1hgg,s,1hhu
1hgg,s,1hbc
1hgh,s,1i5o
1hgi,s,qgh
1hgi,s,pzm
1hgi,s,reo
1hgi,s,qzw
1hgj,s,qv8
1hgj,s,sml
1hgj,s,ykf
1hgj,s,1de0
1hgj,s,qsq
1hgj,s,ash
1hgj,s,ale
1hgk,s,rfd
1hgl,s,1hbs
1hgm,h,wi1
1hgm,m,1ds3
1hgm,m,pl9
1hgp,s,udd
1hgq,s,t70
1hgq,s,f16
1hgt,s,l58
1hgu,s,1htj
1hgy,s,14ko
1hh0,s,ra8
1hh1,s,q9g
1hh3,s,ueb
1hh3,s,1hng
1hh3,s,1g14
1hh3,s,1k92
1hh3,s,rjy
1hh3,s,1x9
1hh3,s,15a0
1hh3,s,i7t
1hh3,s,17uo
1hh3,s,udg
1hh4,s,1hnm
1hh4,s,1he5
1hh6,s,rjg
1hh6,s,625
1hh7,s,jc2
1hh7,s,li1
1hh7,s,ewy
1hh7,s,5ks
1hh7,s,1bo9
1hh7,s,1mi
1hh8,h,zqh
1hh9,h,1i29
1hhb,s,1i5h
1hhc,s,gp2
1hhd,s,1i2t
1hhf,s,15gg
1hhg,s,411
1hhi,s,1i22
1hhj,s,uzp
1hhk,h,1hz7
1hhl,h,zh1
1hhn,s,1i4d
1hho,s,1i5n
1hhp,s,1ia8
1hhq,s,11et
1hhr,s,q9h
1hhs,s,q9h
1hht,h,fgv
1hhu,s,1hgg
1hhv,h,1a4e
1hhx,h,1i2c
1hhy,s,1cpe
1hi2,s,1i2z
1hi3,h,1hrp
1hi7,s,1hdn
1hi9,h,b4p
1hia,h,26l
1hid,s,1i7n
1hif,s,1hf9
1hig,s,1czz
1hih,h,ovy
1hik,s,pvx
1hil,s,1hve
1him,s,r0c
1hin,s,ds9
1hin,s,ds8
1hio,s,16p7
1hip,s,6m9
1hiq,h,qnf
1hir,s,1hfi
1hit,s,1hbo
1hit,s,1h9i
1hiu,s,1hcy
1hiu,s,1gp2
1hiu,s,1hc4
1hiv,s,qbs
1hiw,s,3ng
1hiw,s,1g2f
1hiw,s,wyu
1hiw,s,es4
1hiy,s,16si
1hiz,s,q8u
1hiz,s,q8q
1hj1,h,rk5
1hj2,s,j92
1hjb,s,1dh0
1hjc,h,fze
1hjd,h,it
1hje,s,eky
1hjg,h,6cj
1hjh,h,1h
1hjj,h,5aa
1hjk,h,z85
1hjl,h,z85
1hjm,h,71g
1hjn,h,1dv4
1hjn,h,l30
1hjo,h,955
1hjp,s,1hlb
1hjq,h,18xx
1hjr,h,lia
1hjs,h,vlw
1hjt,h,yrm
1hjt,h,kty
1hju,h,df1
1hjx,h,olh
1hjy,h,df9
1hjz,h,evz
1hk0,s,prs
1hk1,h,ewf
1hk2,h,ewg
1hk3,h,j5y
1hk4,h,ghe
1hk5,s,aaj
1hk6,s,1hov
1hk7,s,10sd
1hk8,h,ibs
1hk9,h,wop
1hka,h,ivf
1hkb,h,ivd
1hkc,h,ivv
1hkd,h,ivr
1hkg,h,ls6
1hkh,h,1dv6
1hki,h,1d48
1hkj,h,91v
1hkk,h,anx
1hkq,s,148k
1hkr,h,157x
1hks,h,14nw
1hkt,h,1493
1hku,h,4pe
1hkv,h,ton
1hkw,h,vd6
1hkx,s,1deu
1hl0,h,jky
1hl1,h,pa2
1hl2,h,1hkg
1hl4,h,1gy5
1hl5,h,1130
1hl6,h,113h
1hl7,h,113i
1hl8,h,11fh
1hl9,h,ooc
1hla,h,12f7
1hlb,s,1hjp
1hlb,s,en8
1hlc,h,13w4
1hld,h,1d87
1hle,h,1d4o
1hlf,h,192b
1hlg,h,198n
1hlh,h,sx1
1hli,h,wpt
1hlj,h,1ab4
1hlk,s,1az0
1hll,s,1dva
1hlm,h,1bvc
1hln,h,1bvb
1hlq,h,1hlo
1hlr,h,4z3
1hls,h,sng
1hlt,s,11dk
1hlv,h,qnf
1hlw,s,1eox
1hlx,h,1cjh
1hly,s,2l9
1hly,s,r7e
1hlz,h,kl
1hm0,h,vz7
1hm1,h,qqt
1hm2,h,bgh
1hm3,h,140r
1hm4,h,ag
1hm5,h,1kkw
1hm6,h,1g6s
1hm7,h,dce
1hm8,h,1fwe
1hm9,h,vr3
1hma,h,19nk
1hmb,h,q6f
1hmc,h,1hm7
1hmd,h,igh
1hme,h,1io2
1hmf,h,fqx
1hmg,h,1hkg
1hmh,h,yhn
1hmi,h,9zd
1hmi,m,zpc
1hmi,m,152w
1hmj,h,1hm3
1hml,s,1i0n
1hmn,s,1idp
1hmp,h,412
1hmq,s,1hpd
1hms,s,qip
1hmu,s,1icu
1hmv,s,ret
1hmw,s,1i1n
1hmw,s,1hni
1hmx,s,1hq3
1hmy,s,16p7
1hmz,s,74b
1hmz,s,1izz
1hn0,s,fbn
1hn1,s,16b6
1hn2,s,1hyp
1hn3,h,ty7
1hn6,s,qej
1hn7,s,10zu
1hn7,s,ef5
1hn8,s,5lj
1hn8,s,b8f
1hn8,s,y0q
1hn9,s,1i0w
1hnd,s,1hfv
1hnd,s,z37
1hne,s,u5t
1hnf,s,1ibs
1hng,s,1hh3
1hnh,s,cl6
1hni,s,1hmw
1hnj,s,1hyp
1hnk,s,qfa
1hnl,s,1062
1hnm,s,1hh4
1hnn,s,1i0k
1hno,s,qoq
1hnp,s,1hnr
1hnq,s,1ic0
1hnr,s,lxp
1hnr,s,x1b
1hnr,s,1hnp
1hnr,s,1bef
1hns,s,1hx9
1hnt,s,1i8c
1hnu,s,1k65
1hnv,h,920
1hnw,h,17s5
1hnx,h,iq8
1hny,h,16ed
1hnz,s,1i5k
1ho0,h,11k5
1ho1,h,4p
1ho2,s,1k8y
1ho4,s,1hr9
1ho5,s,1hqq
1ho8,s,1i99
1hoa,s,q9x
1hob,h,xsb
1hod,s,1hr8
1hoh,s,1i4z
1hoi,s,1b1y
1hoj,h,91v
1hok,h,xe4
1hon,s,ov5
1hoo,h,u7c
1hop,s,2ln
1hop,s,13c2
1hoq,s,1hff
1hor,s,qih
1hos,s,1jo6
1hou,s,1ha8
1hov,s,1i78
1hov,s,1hk6
1hov,s,po7
1hov,s,po6
1hov,s,1i9z
1how,s,11r4
1how,s,1hcm
1how,s,1cvw
1how,s,11qs
1how,s,gof
1how,s,put
1how,s,9go
1hoz,s,pn6
1hoz,s,ffv
1hp0,h,11c5
1hp1,h,1cj7
1hp2,s,1hr4
1hp2,s,zgv
1hp3,s,a2p
1hp3,s,7av
1hp4,s,1hdh
1hp7,s,pn1
1hp8,s,1hbb
1hp9,s,537
1hpa,s,ngk
1hpa,s,ald
1hpc,s,qip
1hpd,s,1hmq
1hpe,s,wox
1hpe,s,248
1hpe,s,1hby
1hpg,s,1d0h
1hpg,s,1i4j
1hpg,s,6f
1hpi,s,1i57
1hpl,s,cwj
1hpl,s,156e
1hpl,s,rrk
1hpl,s,ul7
1hpl,s,rjf
1hpl,s,10yy
1hpl,s,zw6
1hpm,s,1i9k
1hpp,h,rjh
1hpq,h,qiw
1hpt,s,56h
1hpu,s,ao
1hpw,s,1eih
1hpw,s,ayt
1hpw,s,1hvf
1hpx,s,14dq
1hpy,s,ykt
1hpz,s,1ig9
1hpz,s,1hah
1hpz,s,1htt
1hpz,s,1hak
1hq2,s,1in9
1hq3,s,1hmx
1hq4,s,qjs
1hq5,s,j9a
1hq5,s,1ib1
1hq6,s,pxu
1hq7,s,1hdq
1hq9,s,qjl
1hqa,s,bp3
1hqc,s,99b
1hqc,s,15gk
1hqe,h,10t1
1hqf,h,qri
1hqg,s,2hb
1hqg,s,1ic3
1hqg,s,14j8
1hqh,s,tw
1hqi,s,q2j
1hqk,s,1h9j
1hqk,s,1d17
1hql,h,1icj
1hqm,s,2cx
1hqm,s,zw0
1hqm,s,ga5
1hqm,s,13gs
1hqm,s,kmk
1hqm,s,ds6
1hqo,h,1hnv
1hqp,h,zh3
1hqq,s,1ho5
1hqq,s,1hc1
1hqs,s,q7w
1hqt,s,ve
1hqt,s,rs
1hqt,s,fef
1hqt,s,fiy
1hqu,s,vf
1hqv,s,411
1hqx,s,12js
1hqx,s,1hrj
1hqy,s,1hri
1hqz,s,v1t
1hr1,s,qvc
1hr2,h,qvb
1hr3,s,1idj
1hr4,s,1hp2
1hr5,s,1cpd
1hr7,s,u3u
1hr8,s,1htn
1hr8,s,1hod
1hr8,s,15gm
1hr9,s,1196
1hr9,s,q7s
1hr9,s,1ho4
1hra,s,1hrf
1hrb,s,1ia3
1hrb,s,1det
1hrc,s,fbe
1hrc,s,cwr
1hrc,s,cyt
1hrc,s,zd
1hrc,s,fdh
1hrc,s,lpz
1hrc,s,49b
1hrc,s,1bbn
1hrc,s,uwq
1hrd,h,pp4
1hre,h,1ia2
1hrf,s,kf9
1hrf,s,1hra
1hrf,s,et5
1hrh,s,1ep0
1hri,s,1hqy
1hrj,s,1hqx
1hrk,s,b52
1hrm,s,fuw
1hrn,h,1hhv
1hro,h,923
1hrp,h,1hnv
1hrq,h,ewc
1hrr,s,h82
1hrs,s,1i3h
1hrt,s,qbo
1hru,s,vz0
1hru,s,nv3
1hrv,s,16yt
1hrw,s,1i8b
1hrw,s,1sx
1hrx,s,1i22
1hry,s,qkx
1hry,s,5ld
1hry,s,165q
1hry,s,nn5
1hry,s,g63
1hry,s,gbz
1hry,s,fq0
1hry,s,2u
1hrz,h,11k5
1hs0,s,qkw
1hs3,s,19io
1hs3,s,1as5
1hs4,s,2lr
1hs4,s,841
1hs4,s,3d2
1hs4,s,hxc
1hs5,h,fmi
1hs6,h,fpx
1hs8,s,9gq
1hs8,s,4w7
1hs9,s,p20
1hsa,s,a2h
1hsb,s,u05
1hsb,s,1ayp
1hsb,s,1f7l
1hsc,s,4k
1hsc,s,9g8
1hsd,s,1ia0
1hsf,s,p9b
1hsj,s,1i5d
1hsm,h,px2
1hsn,s,moh
1hsn,s,9qq
1hsq,s,q9c
1hsr,s,1har
1hss,s,1i32
1hsu,s,1hdd
1hsu,s,7ez
1hsw,s,quu
1hsx,s,1jef
1hsy,s,1icv
1hsz,h,1297
1ht2,h,1297
1ht2,m,ovs
1ht2,m,on5
1ht2,m,7xy
1ht3,s,1i6a
1ht4,s,l58
1ht5,h,tj4
1ht7,h,hlw
1ht8,s,uh4
1ht8,s,wo2
1ht9,s,1i32
1hta,s,1hve
1htb,h,1htp
1htc,s,1hct
1htd,s,pow
1hte,s,cws
1hte,s,qkv
1hte,s,1htg
1htf,s,klo
1htf,s,lqj
1htf,s,hvh
1htf,s,1iqn
1htf,s,eaw
1htf,s,fj9
1htf,s,14fx
1htf,s,1dqj
1htf,s,5ul
1htf,s,vys
1htf,s,184v
1htf,s,w0x
1htf,s,qme
1htf,s,qp6
1htf,s,h4i
1htf,s,30i
1htf,s,qma
1htf,s,41a
1htf,s,3bc
1htf,s,89b
1htf,s,22h
1htf,s,alr
1htf,s,5q9
1htf,s,ru2
1htf,s,7xf
1htg,s,1hte
1hth,s,q3v
1hti,s,al2
1htj,s,1hgu
1htj,s,1h96
1htl,s,e1c
1htn,s,1hr8
1hto,h,16ed
1htp,h,1hnv
1htq,h,14te
1htr,s,13wg
1hts,h,esx
1htt,s,1hpz
1htu,h,ep9
1htv,s,h0k
1htv,s,888
1htw,s,1109
1hty,s,1i6v
1htz,h,8mm
1hu5,h,5a2
1hu7,s,1i54
1hu7,s,hho
1hu7,s,r0l
1hu7,s,1hel
1hu8,s,1hyp
1hu9,h,2i5
1hub,s,1aff
1huc,s,1ahh
1hud,h,aao
1hue,s,165t
1huf,h,1duw
1hug,s,aaj
1huh,h,1668
1hui,h,1aet
1huk,h,r0t
1hum,s,tx8
1hun,h,g0s
1huo,h,vz
1hur,s,139z
1huv,s,1i4i
1huw,s,1i1p
1hux,h,1inx
1huy,s,q88
1huy,s,jsc
1huy,s,pro
1huy,s,137w
1huy,s,tsx
1huz,s,1hv1
1hv0,s,1h9v
1hv1,s,1huz
1hv2,s,fcw
1hv2,s,18v6
1hv3,s,1het
1hv4,s,1i22
1hv5,s,2d4
1hv8,s,1h9v
1hv9,s,1h9t
1hv9,s,qsp
1hv9,s,1hvh
1hv9,s,acc
1hv9,s,po8
1hv9,s,1i4s
1hva,s,1hzl
1hvb,s,ub5
1hvb,s,1i86
1hvb,s,1i1v
1hvb,s,1i2p
1hvb,s,p
1hvc,s,gza
1hvc,s,1iaa
1hvc,s,q
1hvd,s,qjr
1hve,s,1hta
1hve,s,r0b
1hve,s,1idq
1hve,s,1hil
1hvf,s,1hpw
1hvh,s,1hv9
1hvi,s,1hvj
1hvj,s,1hvi
1hvk,s,6k0
1hvl,h,q7v
1hvm,s,1aym
1hvo,s,1hvq
1hvo,s,bq
1hvo,s,8o5
1hvp,s,1id9
1hvq,s,1hvo
1hvs,s,fna
1hvs,s,5ol
1hvs,s,gr6
1hvs,s,2ez
1hvt,s,qas
1hvu,s,1169
1hvu,s,xud
1hvu,s,12wz
1hvu,s,6aa
1hvu,s,qwm
1hvv,s,qyj
1hvw,s,1hd9
1hvz,s,1id3
1hw0,s,1hbh
1hw2,s,1hg2
1hw4,s,a9q
1hw4,s,zpb
1hw5,h,zoy
1hw7,h,1cj7
1hw8,h,nzy
1hwa,h,19j8
1hwb,h,nne
1hwc,h,eww
1hwd,h,at7
1hwe,s,ypq
1hwf,m,1hw3
1hwf,m,26i
1hwf,m,gh5
1hwg,h,srj
1hwh,h,bpo
1hwi,h,hwm
1hwj,h,rzi
1hwl,s,1bsu
1hwm,s,1icg
1hwo,s,1i3p
1hwp,s,1zl
1hwq,s,19mu
1hwr,h,167
1hws,h,baz
1hwt,h,1bkk
1hwu,h,10se
1hwv,h,zoy
1hww,h,1k67
1hwx,h,1fcq
1hwx,m,10sg
1hx0,h,ffw
1hx1,h,147w
1hx5,h,rzi
1hx6,h,nv9
1hx7,h,91u
1hx8,h,91u
1hx9,s,adm
1hx9,s,zeu
1hx9,s,1i7v
1hx9,s,1hns
1hx9,s,q93
1hx9,s,1dvy
1hx9,s,jki
1hx9,s,1ns
1hx9,s,bjp
1hx9,s,1fmg
1hx9,s,164
1hx9,s,1hp
1hx9,s,ajs
1hx9,s,bjd
1hxa,m,18r4
1hxa,m,hu9
1hxa,m,1jgr
1hxb,m,1944
1hxb,m,1gtt
1hxf,m,s97
1hxf,m,1ah
1hxf,m,y9x
1hxf,m,wqb
1hxf,m,2ve
1hxf,m,vgy
1hxf,m,1krg
1hxf,m,bkh
1hxf,m,uwv
1hxf,m,1kfc
1hxf,m,kgw
1hxf,m,vim
1hxf,m,1ijv
1hxf,m,1bme
1hxf,m,1ezl
1hxf,m,yad
1hxf,m,zav
1hxf,m,yos
1hxf,m,apw
1hxf,m,1f60
1hxf,m,1738
1hxf,m,yp2
1hxf,m,ppm
1hxf,m,sc9
1hxf,m,yaf
1hxf,m,1b7
1hxf,m,1jzb
1hxf,m,yae
1hxf,m,7pg
1hxf,m,yc9
1hxf,m,nvn
1hxf,m,qdj
1hxf,m,fvc
1hxf,m,1j5t
1hxf,m,z9z
1hxf,m,1jzi
1hxf,m,wkk
1hxf,m,dmj
1hxf,m,ug3
1hxf,m,m27
1hxf,m,1ixs
1hxf,m,za0
1hxf,m,wq7
1hxf,m,wcw
1hxf,m,yam
1hxf,m,aqd
1hxf,m,wq6
1hxf,m,pla
1hxf,m,1kxd
1hxf,m,x37
1hxf,m,1bmf
1hxf,m,11ai
1hxf,m,1kyl
1hxf,m,zo8
1hxf,m,gzs
1hxf,m,rgt
1hxf,m,1jnc
1hxf,m,wqc
1hxf,m,wa2
1hxf,m,bki
1hxf,m,1h3t
1hxf,m,2v7
1hxf,m,y0u
1hxf,m,1bm9
1hxf,m,ebq
1hxf,m,yp4
1hxf,m,1qp
1hxg,h,12g
1hxg,m,187
1hxg,m,181
1hxh,h,12g
1hxh,m,cvz
1hxh,m,2x8
1hxj,h,12g
1hxk,h,vcp
1hxk,m,vcl
1hxm,h,12g
1hxm,m,xza
1hxm,m,xz9
1hxm,m,z8m
1hxm,m,1hxk
1hxp,h,12g
1hxr,h,19at
1hxt,h,bf1
1hxv,h,17sb
1hxw,h,144m
1hxx,h,by9
1hxy,s,lxk
1hxz,s,me
1hy0,h,cid
1hy4,h,lxx
1hy5,h,ly1
1hy7,m,lmt
1hy8,h,bt4
1hy9,h,60z
1hya,h,ibb
1hyb,m,anu
1hyd,h,zia
1hye,s,1kr1
1hye,s,jh
1hyh,s,1hfc
1hyi,s,1ibd
1hyj,s,pbn
1hyj,s,nsb
1hyj,s,dgu
1hyj,s,1hyl
1hyl,s,1hyj
1hym,h,qvb
1hyn,s,1ga0
1hyo,h,1hgo
1hyp,s,1hn2
1hyp,s,1hnj
1hyp,s,1hc7
1hyp,s,97d
1hyp,s,1hu8
1hyq,h,164e
1hyr,h,1iq6
1hys,s,1iah
1hyv,s,1i5d
1hyx,s,t6g
1hyx,s,1k7m
1hyx,s,1kr0
1hyy,s,ppk
1hyz,s,ppf
1hz1,h,14te
1hz4,h,kum
1hz5,h,ffb
1hz6,s,1i77
1hz7,h,tj4
1hz8,h,tj4
1hz9,h,tj4
1hzc,s,fmk
1hzf,h,q0p
1hzg,s,zz8
1hzg,s,t2a
1hzg,s,jcr
1hzh,s,1ibt
1hzh,s,6cu
1hzh,s,z52
1hzj,s,100a
1hzk,s,1i5j
1hzl,s,1hva
1hzm,h,u42
1hzn,h,hnj
1hzo,s,5o6
1hzo,s,gpy
1hzp,h,nkw
1hzq,s,1i85
1hzr,h,zh1
1hzs,h,fjl
1hzt,h,fjm
1hzu,h,1ibe
1hzv,s,nub
1hzw,s,erv
1hzw,s,fll
1hzw,s,54p
1hzw,s,rxk
1hzw,s,1ex
1hzw,s,ugy
1hzx,s,1h6v
1hzy,s,alb
1hzy,s,ugx
1hzy,s,et4
1hzy,s,1i6n
1i00,s,of8
1i04,h,ji3
1i05,s,qg8
1i08,s,1kig
1i08,s,h7j
1i09,s,121b
1i0a,s,1h9w
1i0c,s,1i6s
1i0d,s,1i6s
1i0e,s,1id2
1i0e,s,1k88
1i0e,s,fyx
1i0f,h,dyl
1i0g,h,1hhw
1i0k,s,lcn
1i0k,s,1hnn
1i0l,s,kut
1i0m,s,pwj
1i0n,s,1hml
1i0n,s,mtz
1i0o,s,1idp
1i0p,s,1idp
1i0r,s,1sd
1i0s,h,3hu
1i0u,s,a2g
1i0w,s,2ym
1i0w,s,60g
1i0w,s,47b
1i0w,s,1hn9
1i0x,s,1h9l
1i0x,s,1i6d
1i0y,s,k9n
1i0z,s,1ic0
1i10,s,xaz
1i10,s,8o4
1i17,s,1j56
1i1a,h,14te
1i1b,s,pus
1i1e,s,qja
1i1e,s,1bpq
1i1e,s,ili
1i1e,s,mu0
1i1f,s,10f
1i1g,s,qwc
1i1h,s,fqq
1i1h,s,1i2q
1i1h,s,1i1o
1i1h,s,poe
1i1h,s,103y
1i1i,s,ao
1i1j,s,1df4
1i1l,s,pvr
1i1n,s,1hmw
1i1o,s,1i1h
1i1p,s,a2m
1i1p,s,1hey
1i1p,s,10z7
1i1p,s,1huw
1i1s,s,1i48
1i1t,s,1bpp
1i1t,s,l5c
1i1u,s,16c7
1i1v,s,1hvb
1i1w,s,gnm
1i1w,s,qnk
1i1w,s,1i6u
1i1w,s,1hbl
1i1x,s,1hgc
1i20,s,18y7
1i22,s,1hhi
1i22,s,1hv4
1i22,s,1hrx
1i23,s,ync
1i24,s,a52
1i24,s,6y5
1i24,s,48c
1i24,s,al9
1i24,s,1asa
1i26,h,14te
1i27,s,frq
1i27,s,161y
1i27,s,yk7
1i27,s,frk
1i27,s,pky
1i28,h,zpw
1i29,h,zqi
1i2a,s,14yn
1i2c,h,16ed
1i2d,s,1hfn
1i2d,s,b4t
1i2d,s,zzn
1i2e,s,1jcj
1i2g,s,4dy
1i2g,s,1i9g
1i2h,s,6ii
1i2h,s,ft7
1i2i,s,qjj
1i2i,s,dvr
1i2j,s,jg4
1i2j,s,zro
1i2j,s,xaa
1i2k,s,py6
1i2m,s,yma
1i2p,s,1hvb
1i2q,s,1i1h
1i2r,s,1i9e
1i2s,h,fpx
1i2t,s,1hhd
1i2u,h,1hnv
1i2w,h,1hnv
1i2x,s,1ia0
1i2y,s,8i4
1i2y,s,8i2
1i2y,s,1i3l
1i2z,s,1i7u
1i2z,s,1hi2
1i32,s,4s2
1i32,s,p2k
1i32,s,zh
1i32,s,19rs
1i32,s,ns9
1i32,s,nsa
1i32,s,15ly
1i32,s,g9n
1i32,s,ey
1i32,s,hiq
1i32,s,1ht9
1i32,s,1hss
1i32,s,ggh
1i34,h,10ch
1i35,h,14te
1i36,s,1ibh
1i36,s,j99
1i37,h,1hnv
1i38,s,15gl
1i38,s,17n2
1i3a,h,14te
1i3d,s,qjr
1i3e,s,ya7
1i3g,h,1he0
1i3h,s,1cy
1i3h,s,1hrs
1i3h,s,i32
1i3h,s,82y
1i3i,s,qcu
1i3k,s,q1r
1i3l,s,1i2y
1i3m,s,lp
1i3n,s,1hbf
1i3p,s,1hwo
1i3q,s,ou0
1i3q,s,wv7
1i3u,s,fky
1i3w,s,1d3l
1i3w,s,xxq
1i3x,s,l7p
1i3y,s,gob
1i3y,s,696
1i3y,s,ym4
1i3z,s,qi9
1i41,s,1o6
1i42,s,dux
1i42,s,vbw
1i42,s,t9v
1i43,s,q45
1i45,s,1hfl
1i46,s,1fjv
1i46,s,pp3
1i47,s,ivh
1i47,s,xs5
1i47,s,1i8j
1i48,s,1i1s
1i49,s,1ics
1i4c,s,4yn
1i4c,s,536
1i4d,s,1hhn
1i4e,s,q1u
1i4f,s,zys
1i4f,s,c20
1i4f,s,8lj
1i4f,s,a1d
1i4g,s,14rh
1i4i,s,58q
1i4i,s,gn
1i4i,s,vmj
1i4i,s,1huv
1i4j,s,1hpg
1i4l,s,ct8
1i4n,s,fr3
1i4n,s,1c7r
1i4o,s,pp8
1i4p,h,1hnv
1i4q,s,1cb1
1i4q,s,yhg
1i4q,s,qj2
1i4q,s,q2t
1i4r,s,qv9
1i4s,s,1hv9
1i4t,s,1i6m
1i4t,s,xtz
1i4u,s,j2g
1i4u,s,jb1
1i4u,s,pq6
1i4u,s,nhm
1i4u,s,j2q
1i4u,s,uy7
1i4u,s,ggr
1i4u,s,jbu
1i4u,s,j2j
1i4u,s,i07
1i4u,s,pq7
1i4v,s,ggv
1i4v,s,11ol
1i4v,s,e0e
1i4w,s,9gx
1i4w,s,jbt
1i4w,s,eej
1i4w,s,s89
1i4w,s,11ok
1i4x,h,prq
1i4y,h,yku
1i4z,s,wii
1i4z,s,qbp
1i4z,s,cgm
1i4z,s,1hoh
1i53,s,a9t
1i54,s,1hu7
1i56,s,1h9h
1i57,s,1hpi
1i58,s,q8h
1i5a,s,rk8
1i5a,s,ufb
1i5b,s,1ha8
1i5d,s,17el
1i5d,s,16c
1i5d,s,1hsj
1i5d,s,adr
1i5d,s,pon
1i5d,s,uhk
1i5d,s,17n1
1i5d,s,cqc
1i5d,s,320
1i5d,s,687
1i5d,s,1hyv
1i5e,s,1ffl
1i5f,s,q9g
1i5g,s,zs4
1i5h,s,pvj
1i5h,s,1hhb
1i5h,s,de1
1i5j,s,1hzk
1i5k,s,1hnz
1i5m,s,1i9u
1i5n,s,zs8
1i5n,s,1hho
1i5o,s,1hgh
1i5p,s,1dvl
1i5q,s,i7w
1i5q,s,1hdx
1i5q,s,1i92
1i5r,s,rk6
1i5t,s,1i82
1i5v,s,1i5y
1i5x,s,3j8
1i5y,s,qqg
1i5y,s,1i5v
1i5z,s,1hb4
1i60,s,k2t
1i63,s,qjw
1i64,s,qpk
1i65,s,162a
1i66,s,c1x
1i67,s,1iag
1i68,h,14te
1i69,h,14h
1i6a,s,1hd8
1i6a,s,1hdl
1i6a,s,ohe
1i6a,s,ilk
1i6a,s,1ht3
1i6a,s,l6c
1i6b,s,zgu
1i6b,s,fin
1i6c,s,l58
1i6d,s,1i0x
1i6f,s,1ha8
1i6g,s,13xu
1i6g,s,1f77
1i6k,s,1agt
1i6l,h,pt3
1i6m,s,1i4t
1i6n,s,1hzy
1i6o,s,4dt
1i6p,h,ra7
1i6q,h,16ed
1i6r,s,4e3
1i6s,s,1i0d
1i6s,s,1i0c
1i6t,s,1ep0
1i6u,s,1i1w
1i6v,s,1hty
1i6w,s,qud
1i6y,h,14te
1i6z,s,z7i
1i6z,s,1h92
1i6z,s,j5t
1i6z,s,fe5
1i70,s,qud
1i72,s,12vt
1i73,s,gqx
1i74,s,z6w
1i76,s,iyy
1i76,s,krn
1i77,s,1hz6
1i78,s,1hov
1i79,s,14bm
1i7b,h,91u
1i7c,h,udo
1i7d,h,udo
1i7e,s,lq
1i7h,h,fks
1i7i,h,zh1
1i7k,s,zgx
1i7n,s,1hid
1i7o,s,qjr
1i7p,h,16ee
1i7q,h,xds
1i7s,h,657
1i7u,s,1i2z
1i7v,s,1hx9
1i7x,s,19rg
1i7y,s,lyx
1i80,h,lyv
1i82,s,1i5t
1i82,s,qta
1i83,s,1ijb
1i84,s,zgw
1i84,s,g9a
1i85,s,1hzq
1i85,s,11h0
1i85,s,wd9
1i85,s,ora
1i85,s,17o
1i85,s,17k6
1i85,s,i7v
1i85,s,rox
1i85,s,wsv
1i86,s,1hvb
1i87,h,en5
1i88,h,91u
1i8b,s,1hrw
1i8c,s,1hnt
1i8c,s,imu
1i8c,s,qfq
1i8d,s,gqv
1i8e,s,xna
1i8e,s,4rk
1i8e,s,mh5
1i8e,s,56v
1i8g,h,gfb
1i8j,s,1i47
1i8k,s,4e5
1i8k,s,1cvd
1i8l,s,1h6v
1i8o,s,p89
1i8o,s,6bs
1i8o,s,uit
1i8o,s,zw5
1i8o,s,19af
1i8o,s,79i
1i8o,s,1jss
1i8o,s,d2m
1i8o,s,oxr
1i8o,s,79g
1i8o,s,31z
1i8p,s,3sh
1i8q,s,s2b
1i8r,h,tmu
1i8s,s,2da
1i8t,s,2db
1i8t,s,15qf
1i8t,s,35f
1i8t,s,ub1
1i8t,s,1kb
1i8u,s,a18
1i8w,h,143k
1i8y,s,xs0
1i90,s,dzq
1i90,s,caz
1i91,s,419
1i91,s,ubh
1i91,s,1k9a
1i92,s,1i5q
1i93,h,bc2
1i94,h,wnk
1i95,h,412
1i96,s,q6b
1i97,s,ly4
1i99,s,1ho8
1i9b,s,iuu
1i9b,s,1g2q
1i9b,s,1fqz
1i9b,s,175k
1i9b,s,17fu
1i9b,s,cpg
1i9b,s,197g
1i9b,s,1jbf
1i9c,s,15hy
1i9d,s,rk3
1i9e,s,1i2r
1i9f,s,1iby
1i9g,s,1i2g
1i9i,h,xdm
1i9j,h,rjh
1i9k,s,kcv
1i9k,s,ja0
1i9k,s,14w2
1i9k,s,kif
1i9k,s,19wx
1i9k,s,2yy
1i9k,s,19pe
1i9k,s,1hpm
1i9k,s,1a6i
1i9k,s,1g2p
1i9k,s,1khl
1i9k,s,c16
1i9k,s,10h4
1i9l,s,m3c
1i9m,s,go9
1i9m,s,1ips
1i9m,s,5nw
1i9p,s,1hc3
1i9q,s,16ad
1i9r,h,1hnv
1i9s,s,1h8z
1i9s,s,jna
1i9t,h,16ed
1i9u,s,1p6
1i9u,s,1i5m
1i9x,s,fnw
1i9y,s,7wb
1i9z,s,1hov
1ia0,s,g5k
1ia0,s,zvy
1ia0,s,3h5
1ia0,s,e6d
1ia0,s,hnb
1ia0,s,1hsd
1ia0,s,1i2x
1ia0,s,1kdy
1ia0,s,om0
1ia0,s,18qq
1ia2,h,14te
1ia3,s,1hrb
1ia4,s,411
1ia5,s,a18
1ia6,s,1hbd
1ia7,s,r9o
1ia8,s,1hhp
1ia8,s,4j1
1ia8,s,1ahc
1ia9,s,1hd2
1ia9,s,1d1v
1iaa,s,1hvc
1iab,s,pus
1iac,s,56h
1iaf,h,bc2
1iag,s,q4q
1iag,s,ptn
1iag,s,ptr
1iag,s,ptg
1iag,s,1i67
1iah,s,1hys
1iai,s,1gtu
1iaj,s,1hbs
1ial,s,fdt
1iam,s,1dnb
1iao,s,fcz
1ias,s,3cm
1iay,s,fjp
1ib1,s,1hq5
1ib2,h,1erq
1ib3,h,1erq
1ib4,s,6vw
1ib7,s,ya5
1ib8,s,1hcw
1ib9,s,pz0
1iba,h,1g8v
1ibb,h,fnq
1ibc,h,1her
1ibd,s,lck
1ibd,s,w5j
1ibd,s,1hyi
1ibd,s,1awj
1ibd,s,fns
1ibd,s,5wf
1ibd,s,fkp
1ibd,s,1c4q
1ibd,s,1ax0
1ibd,s,18s1
1ibd,s,acs
1ibe,h,1hnv
1ibf,h,91u
1ibh,s,1i36
1ibi,s,16rq
1ibj,s,15gg
1ibk,s,xex
1ibl,h,zwn
1ibm,s,rfw
1ibn,s,pwj
1ibo,s,1heq
1ibq,s,lf4
1ibs,s,13q4
1ibs,s,1hnf
1ibt,s,1hzh
1ibx,s,15gj
1iby,s,1i9f
1ibz,s,1hev
1ic0,s,ggu
1ic0,s,1hg1
1ic0,s,1i0z
1ic0,s,883
1ic0,s,1hnq
1ic0,s,a2o
1ic1,s,14yk
1ic2,s,j9c
1ic3,s,1hqg
1ic4,h,1g8v
1ic5,s,1avq
1ic5,s,kkn
1ic5,s,ex7
1ic6,s,vzr
1ic7,h,fks
1ic9,h,91u
1icb,h,1d0d
1icc,s,1czy
1icd,h,udv
1ice,s,ya5
1icf,s,1h9e
1icg,s,izn
1icg,s,1hwm
1icg,s,z6b
1icg,s,115p
1icg,s,1h9f
1icg,s,f40
1ich,s,1hfj
1ick,s,1dz7
1icm,h,1hhw
1icn,h,16ed
1ico,s,fgd
1icp,h,13kb
1icq,s,1icr
1icr,s,1icq
1icr,s,194
1ics,s,1i49
1ict,s,1k3q
1icu,s,zwp
1icu,s,8gx
1icu,s,l99
1icu,s,1hmu
1icu,s,1hej
1icu,s,1id4
1icv,s,1hsy
1icv,s,n8o
1icw,s,fcz
1id0,s,ya6
1id1,h,1d0d
1id2,s,1i0e
1id3,s,1hvz
1id4,s,1icu
1id5,s,1752
1id5,s,x68
1id5,s,qu7
1id5,s,xz0
1id5,s,qzd
1id6,h,14te
1id7,s,d92
1id7,s,3ti
1id8,s,pze
1id9,s,1hvp
1id9,s,n4j
1id9,s,u67
1ida,s,rfd
1idc,h,fpx
1idd,h,xds
1ide,h,1hnv
1idf,h,1hnv
1idg,s,kpe
1idj,s,v7s
1idj,s,1hr3
1idj,s,p5p
1idk,s,1hfj
1idm,s,a8j
1idm,s,1bze
1ido,h,412
1idp,s,1i0o
1idp,s,1hmn
1idp,s,1i0p
1idq,s,1hve
1idr,h,1hhw
1ids,h,1ew8
1idw,s,noa
1idx,h,1hqo
1idy,s,dcc
1idz,s,g79
1idz,s,1c6j
1idz,s,17bg
1idz,s,o2q
1idz,s,1ieo
1idz,s,3ta
1idz,s,172
1idz,s,1ih2
1ie5,s,331
1ie6,s,13il
1ie7,s,158d
1ie8,s,lgu
1ie9,s,k08
1iea,h,q9r
1ieb,h,173y
1iec,h,qpw
1ied,h,189
1iee,h,ybd
1ief,h,wvj
1ieg,h,qnf
1ieh,h,wvj
1iei,h,91n
1iek,h,gcs
1iel,h,106g
1iem,h,14nw
1ien,s,1iyv
1ieo,s,1idz
1iep,s,fbo
1ieq,h,1bca
1ier,h,16n3
1ies,h,moy
1iet,h,nph
1ieu,h,q16
1iev,h,15e0
1iew,h,57w
1iex,h,57x
1iey,h,57w
1iez,h,17b6
1if0,h,335
1if3,h,e6q
1if4,h,bfe
1if5,h,1dvb
1if6,h,1duw
1if7,h,coi
1if8,h,cl3
1if9,h,1g6s
1ifa,s,1lg
1ifa,s,1kz
1ifa,s,xcb
1ifb,h,6lx
1ifc,h,17b8
1ife,s,hbg
1iff,h,17b6
1ifg,h,1gde
1ifh,h,1gav
1ifi,s,1ig5
1ifj,m,1iog
1ifj,m,14uz
1ifk,s,1fyr
1ifl,s,ogo
1ifm,s,1dsq
1ifn,h,55u
1ifo,h,ruc
1ifp,s,81p
1ifq,h,5vj
1ifu,s,158d
1ifw,h,11vu
1ifx,s,1iyv
1ifz,h,178k
1ig0,h,32n
1ig2,h,fp4
1ig3,h,esh
1ig4,h,xds
1ig5,s,1ifi
1ig6,h,fvk
1ig7,h,1fy1
1ig8,h,rdu
1ig9,s,1hpz
1iga,s,pow
1igb,h,1g39
1igc,h,2xw
1igd,h,m4i
1ige,h,tjc
1igg,h,10sf
1igi,h,1ght
1igj,h,xds
1igk,h,zyy
1igm,h,10sf
1igp,s,16qc
1igu,h,1d87
1igw,h,1g9r
1igx,h,1fon
1igz,h,16o8
1ih1,h,q16
1ih2,s,1idz
1ih4,s,1kcu
1ih6,h,yuq
1ihb,h,w63
1ihd,h,n3c
1ihe,h,185n
1ihg,s,1ihp
1ihg,s,9vf
1ihj,h,cjf
1ihk,h,14te
1ihl,h,bc2
1ihn,h,91u
1iho,h,91u
1ihp,s,1ihg
1ihq,h,9fw
1ihs,h,18a6
1ihu,h,i0h
1ihv,h,1104
1ihw,h,gpr
1ihx,h,ibk
1ihy,h,gpr
1ii1,h,xat
1ii2,h,er3
1ii3,h,15vd
1ii4,h,y1b
1ii5,h,pyg
1ii6,h,1akv
1ii8,h,vy
1ii9,m,xkh
1iia,h,1bd1
1iid,h,ezb
1iig,h,in1
1iih,h,61b
1iii,h,ni
1iij,h,1iri
1iik,h,1367
1iil,h,1tg
1iim,m,1iil
1iio,h,1bsg
1iip,h,vu9
1iir,m,700
1iit,h,15d8
1iiu,m,x3f
1iiu,m,1iiw
1iix,m,8sy
1iiy,h,syj
1iiz,h,kh
1ij0,h,1ik8
1ij3,h,br3
1ij5,h,iu6
1ij6,h,im
1ij7,s,1ij9
1ij8,s,1ikh
1ij9,s,xie
1ij9,s,15q6
1ij9,s,19ii
1ij9,s,1ik5
1ij9,s,1ij7
1ijb,s,1i83
1ijb,s,lk9
1ijb,s,rcc
1ijd,h,11k5
1ije,h,z8s
1ijf,h,i9z
1ijg,h,t8g
1ijh,h,1ijf
1ijk,s,1663
1ijk,s,9ox
1ijk,s,em
1ijn,h,1ijd
1ijo,h,tgh
1ijo,h,19ri
1ijp,h,1dug
1ijq,h,845
1ijr,h,1kqy
1ijt,h,tgi
1ijv,m,149w
1ijv,m,aqf
1ijv,m,z9s
1ijv,m,1eca
1ijv,m,mwr
1ijw,h,1a3a
1ijy,h,pxk
1ik0,m,j96
1ik0,m,xpl
1ik0,m,hrq
1ik0,m,8xc
1ik0,m,1295
1ik3,h,x5u
1ik4,s,lgj
1ik5,s,1ij9
1ik6,h,g0s
1ik7,h,19i6
1ik8,h,14te
1ik9,h,19i3
1ika,h,1ebl
1ikb,h,j3y
1ikc,s,ql4
1ikd,s,191l
1ike,h,13ye
1ikf,h,1cj7
1ikg,h,91y
1ikh,s,1ij8
1iki,h,tv1
1ikk,h,1cj7
1ikl,h,jrz
1iko,s,19u
1ikp,h,1620
1ikq,h,12s2
1iks,h,1380
1ikt,m,5n3
1ikv,h,9tg
1ikw,m,11rp
1iky,h,1d99
1il0,h,qmc
1il1,h,k84
1il3,s,uh6
1il4,h,1gz8
1il5,h,1gz9
1il6,m,187f
1il6,m,1eoe
1il8,h,tjc
1il9,h,1ilg
1ila,h,hn9
1ilb,s,hnc
1ilc,s,hnc
1ile,h,tbi
1ilf,h,tb9
1ilg,h,tfp
1ilh,h,5j
1ili,h,1bva
1ilk,h,tfq
1ill,h,18jp
1ilm,h,ptq
1iln,h,qkl
1ilo,m,cp4
1ilo,m,5x3
1ilp,s,rk3
1ilr,h,8pd
1ils,h,bc2
1ilt,s,hnc
1ilv,h,1dcg
1ilw,h,hn9
1ilx,h,164d
1ilz,h,a1p
1im0,h,yzp
1im2,h,91l
1im3,h,gpr
1im3,m,pfb
1im5,h,bve
1im6,h,qmc
1im7,h,orb
1im8,h,1jja
1imb,h,qfk
1ime,h,oja
1imf,h,192o
1imf,m,1ime
1img,h,ojc
1imk,h,zm3
1iml,h,jcq
1imm,h,18mw
1imp,h,1397
1imq,h,1397
1imx,h,1e3k
1imz,h,ki1
1in0,m,1imz
1in1,h,v85
1in2,h,19hv
1in3,h,e9m
1in4,h,o2n
1in6,s,6m9
1in8,s,1ine
1in8,s,tdq
1in8,s,15lj
1in8,s,tez
1in8,s,5f1
1in9,s,1hq2
1ina,h,3ns
1inb,h,bfd
1inc,h,bfe
1ind,h,91u
1ine,s,1in8
1inf,h,eub
1ing,h,tdz
1inm,h,xxt
1inn,m,1em5
1inp,h,gvy
1inr,s,1750
1inr,s,rcw
1inr,s,1ko0
1inr,s,19ac
1inr,s,13ct
1ins,h,1ghi
1int,s,1ko7
1inu,h,13oa
1inx,h,1kny
1iny,h,vrp
1io0,h,gtt
1io1,h,plf
1io2,h,eug
1io3,s,14ts
1io4,s,1ko7
1io5,s,1ko3
1io6,h,2l0
1io7,h,4z2
1io8,h,1d99
1io9,h,ews
1ioa,h,bx7
1ioa,m,nlh
1ioa,m,nlg
1iob,h,19v0
1ioc,h,19v0
1iof,h,cc
1ioh,h,j2i
1ioi,h,10yl
1ioj,h,986
1iok,h,16gm
1iom,h,4z2
1ion,h,j9
1ioo,h,84j
1iop,h,7ur
1ioq,h,1grv
1ios,h,185n
1iot,h,w63
1iox,h,zml
1ioy,h,esn
1ioz,h,18ex
1ip0,h,wnh
1ip0,h,esq
1ip1,h,esi
1ip4,h,4rf
1ip5,h,jxn
1ip6,h,5n9
1ip6,m,4cm
1ip9,h,132s
1ipb,h,zml
1ipc,h,kaq
1ipd,h,16cc
1ipe,s,129x
1ipf,h,b5l
1iph,h,hqe
1ipi,h,hqe
1ipj,h,e42
1ipk,s,ykv
1ipl,h,fe1
1ipm,h,fe0
1ipo,h,1ko4
1ipp,h,132r
1ipq,h,1ipp
1ipr,m,1311
1ips,s,1i9m
1ipt,h,1dzn
1ipu,s,lt0
1ipv,h,255
1ipx,h,ews
1ipy,h,clt
1iq0,m,x07
1iq2,h,928
1iq3,s,926
1iq3,s,xim
1iq3,s,cjx
1iq3,s,1iqd
1iq3,s,1iy8
1iq3,s,19ww
1iq3,s,146r
1iq4,h,1fcq
1iq5,h,14tx
1iq6,h,1e74
1iq7,s,me
1iq8,h,1ch0
1iqa,h,wyc
1iqb,h,fop
1iqc,s,f3y
1iqd,s,1iq3
1iqe,h,91l
1iqf,h,kh
1iqg,h,1f8a
1iqh,h,1fcj
1iqi,h,13ud
1iqj,h,11lm
1iqk,h,91n
1iql,h,f6x
1iqm,s,1iqo
1iqn,s,1htf
1iqo,s,1ird
1iqo,s,1iy7
1iqo,s,1iqm
1iqo,s,v9h
1iqp,s,fx3
1iqq,s,929
1iqr,h,91u
1iqs,h,1iq2
1iqt,h,1kcz
1iqu,h,1er0
1iqv,h,f3w
1iqw,h,vs1
1iqx,h,1a4c
1iqy,h,qt3
1ir0,h,h5h
1ir2,h,3p
1ir4,h,n3b
1ir4,m,rtx
1ir5,h,aem
1ir6,h,aef
1ir7,h,1hy9
1ir8,h,1es3
1ira,h,e9m
1irb,h,f3v
1irc,h,fx4
1ird,s,1iqo
1irf,h,143k
1irh,h,qmc
1iri,h,rti
1irj,h,32
1irk,h,11ng
1irl,h,bq8
1irm,h,12m
1irn,h,f70
1iro,h,f72
1irq,h,1irm
1irr,h,kod
1irt,h,im2
1irv,h,1iqx
1irw,h,11fm
1iry,h,7bs
1is0,h,17j7
1is0,m,ulp
1is1,h,s4x
1is2,h,s4y
1is3,h,s4y
1is4,h,3e6
1is5,h,1d96
1is6,h,ozy
1is7,h,5zh
1is9,h,vs1
1isa,h,1iq5
1isc,h,12m
1isd,h,1j6q
1ise,h,1isa
1isf,h,ojc
1isi,h,1e5p
1isj,h,1fis
1ism,h,1ist
1isn,h,16a1
1iso,h,13vo
1isp,h,oav
1iss,s,33r
1ist,h,h10
1isu,h,f3h
1isv,h,u42
1isw,h,n3w
1isx,h,n3v
1isy,h,n3v
1isz,h,n3u
1it0,h,142z
1it1,h,anb
1it2,h,n46
1it3,h,in0
1it4,h,14yf
1it6,s,rfe
1it7,h,r2e
1it8,s,1d8k
1ita,h,c04
1ita,m,1c0f
1itb,h,vup
1itc,h,1dim
1itf,h,ofv
1ith,s,qfj
1itj,h,iwk
1itl,h,m1b
1itm,h,1749
1itn,h,1ccu
1ito,s,111p
1itr,h,bo9
1its,s,noc
1itu,h,j2h
1itv,h,jey
1itw,h,mtb
1ity,h,10oo
1itz,h,5a1
1iu0,h,151x
1iu1,h,j2h
1iu2,h,18e7
1iu3,h,j2h
1iu4,s,1b1x
1iu5,s,1bbf
1iu6,h,j2h
1iu7,h,cbp
1iu8,h,2yi
1iu9,h,1ebi
1iua,h,jqk
1iub,h,198v
1iuc,h,aem
1iud,h,ckb
1iue,h,svz
1iuf,s,zb5
1iug,h,brz
1iuh,h,5ug
1iuh,h,q61
1iuj,h,ro6
1iuk,m,1iup
1iuk,m,1iy0
1iuk,m,10bm
1iul,m,1imr
1iul,m,20o
1iul,m,84r
1iul,m,vab
1iul,m,1iun
1iuo,h,16u8
1iup,m,1iuj
1iuq,h,14iw
1iur,h,lpf
1iuv,h,gpr
1iuw,h,op0
1iux,h,zq2
1iuy,h,cn8
1iuz,h,1avt
1iv0,h,iw4
1iv1,h,162d
1iv2,s,1iv9
1iv3,h,1brt
1iv4,h,1ik0
1iv6,h,ivd
1iv7,h,9th
1iv8,h,91u
1iv9,s,18q
1iv9,s,ugf
1iv9,s,1iv2
1iva,h,q16
1ivb,m,1ivc
1ivc,h,ews
1ive,s,g7h
1ivg,h,8pd
1ivh,h,903
1ivi,s,148k
1ivk,h,2zx
1ivl,h,11fm
1ivm,h,1hm5
1ivn,h,awt
1ivo,h,mgc
1ivp,h,17bq
1ivq,h,w28
1ivs,h,1guu
1ivt,h,18l3
1ivu,h,s6r
1ivv,h,1iti
1ivy,m,14sq
1ivz,h,17wm
1iw1,s,1gu4
1iw2,s,e7
1iw3,h,1gu7
1iw5,h,12zy
1iw6,m,o6y
1iw8,m,1iw7
1iwc,s,azo
1iwd,s,1c28
1iwe,s,1405
1iwf,h,1kkq
1iwg,h,kh
1iwh,h,1ehk
1iwi,h,bzf
1iwl,m,xgz
1iwn,h,ki1
1iwo,m,1eu0
1iwo,m,3rp
1iwp,h,1iwq
1iwq,h,iwk
1iwr,s,8h
1iwt,h,jyp
1iwu,h,11zo
1iwv,h,110c
1iww,h,aq8
1iwx,h,1fsb
1iwz,h,tv1
1ix0,h,69l
1ix1,h,6dw
1ix2,h,88n
1ix3,s,15jr
1ix4,s,z00
1ix5,h,yc
1ix6,s,148u
1ix7,h,bfd
1ix8,h,bfe
1ixa,h,1999
1ixb,h,1gu0
1ixd,h,10xf
1ixe,s,jb5
1ixf,s,1kmx
1ixg,h,e3g
1ixh,h,wiu
1ixi,s,kwk
1ixj,h,vua
1ixk,s,9of
1ixl,h,15v8
1ixm,h,yaj
1ixn,h,17fk
1ixp,h,11mf
1ixq,s,z7s
1ixs,m,7c7
1ixs,m,17xz
1ixs,m,x3s
1ixs,m,suf
1ixs,m,53m
1ixt,h,1qp
1ixu,h,1kcz
1ixz,h,18hp
1iy2,h,ki1
1iy3,s,17mx
1iy7,s,1iqo
1iy8,s,1iq3
1iy9,s,1anp
1iya,s,wsr
1iyb,h,1anr
1iyc,h,12nu
1iyd,h,twn
1iye,h,1kq7
1iyf,h,jae
1iyg,h,mf
1iyh,h,kvg
1iyi,h,1kqi
1iyj,h,r7b
1iyk,h,1h56
1iyl,h,1gzk
1iym,h,10bt
1iyo,h,65p
1iyo,m,2h6
1iyo,m,8uz
1iyq,h,11un
1iyq,m,9lx
1iyq,m,3rd
1iyq,m,125p
1iyq,m,ztq
1iyq,m,1iys
1iyq,m,1td
1iyq,m,16kq
1iyq,m,v34
1iys,h,9n0
1iys,m,1ef7
1iys,m,1fet
1iys,m,1746
1iys,m,50f
1iys,m,f5w
1iyt,h,r85
1iyu,h,j09
1iyv,s,1ien
1iyv,s,1ifx
1iyv,s,12kc
1iyx,h,zpx
1iyy,s,og7
1iyz,h,132v
1iz1,s,dhu
1iz2,h,lhs
1iz3,h,n6m
1iz6,s,13dc
1iz8,h,pyk
1izc,s,yu0
1izd,h,17z6
1izh,h,19i5
1izj,m,iex
1izj,m,1izg
1izj,m,12rp
1izk,h,1guw
1izl,h,co9
1izl,m,1y7
1izl,m,1jn1
1izl,m,5co
1izl,m,1jgq
1izl,m,17r8
1izl,m,6f4
1izl,m,p77
1izm,h,bs4
1izm,m,4ie
1izm,m,6ue
1izn,h,ls6
1izo,h,m8h
1izq,h,ghg
1izr,h,ghe
1izv,h,1kib
1izw,s,1hg4
1izy,h,8pd
1izz,s,1hmz
1j00,h,mnx
1j01,h,axs
1j01,m,1j03
1j02,h,17jj
1j04,h,cl2
1j05,h,ghe
1j06,h,wiu
1j08,h,4pi
1j09,h,qx9
1j0a,h,1ghu
1j0b,h,g0d
1j0c,h,tf9
1j0d,h,19ik
1j0e,h,19ik
1j0f,h,it9
1j0g,h,39d
1j0g,m,1j0e
1j0h,h,g0a
1j0j,h,1jdb
1j0k,h,1397
1j0l,h,zju
1j0m,h,dxx
1j0n,s,f4j
1j0o,h,143k
1j0p,h,13a1
1j0q,s,1fo
1j0r,h,6sk
1j0s,h,fkh
1j0u,s,1bza
1j0v,s,16yw
1j0w,s,aqp
1j0y,h,xdt
1j0z,h,xak
1j10,h,17u
1j12,h,1bkn
1j15,s,xee
1j18,h,13oy
1j19,h,a4l
1j1a,h,a4l
1j1b,h,qyf
1j1c,s,191l
1j1d,s,3l
1j1e,s,ily
1j1g,h,1gbw
1j1i,h,enj
1j1k,h,mnr
1j1m,h,s6r
1j1o,h,1bla
1j1p,m,1en9
1j1p,m,1j0c
1j1r,h,192v
1j1t,h,1iqe
1j1u,h,xnn
1j1x,h,1hrz
1j1y,h,11k5
1j1z,h,vh
1j20,h,1kqx
1j21,h,14ja
1j22,h,997
1j24,h,ast
1j2a,m,vxa
1j2d,h,11k5
1j2f,s,1dkc
1j2h,h,hqy
1j2h,h,1dk9
1j2i,h,mql
1j2j,h,1duw
1j2k,h,1cyh
1j2l,h,h0v
1j2m,h,1kk5
1j2n,h,j2h
1j2o,h,ihe
1j2s,h,15sr
1j2v,h,1em0
1j2v,h,1j2s
1j2w,h,uui
1j2x,h,15sg
1j31,m,ome
1j31,m,nmr
1j31,m,1j34
1j34,h,34m
1j37,h,ucd
1j38,h,15at
1j39,h,14m6
1j3a,h,2im
1j3b,h,1wq
1j3c,s,1j7h
1j3e,h,kmp
1j3f,h,3ju
1j3h,h,1jgi
1j3i,h,17bu
1j3j,h,1jcn
1j3m,h,11t0
1j3n,h,1ams
1j3o,h,1d46
1j3p,s,hsp
1j3q,s,17ej
1j3s,h,18j4
1j3u,h,8k
1j3w,h,p3w
1j3z,h,azy
1j40,h,19ku
1j41,h,qpb
1j43,h,940
1j44,h,1j42
1j45,h,ij4
1j46,h,1gbw
1j47,h,13uc
1j49,s,9of
1j4a,h,ux5
1j4b,h,hl
1j4c,h,a3i
1j4d,h,v0t
1j4f,h,bc1
1j4i,h,jcv
1j4j,h,ms8
1j4k,h,1l30
1j4n,h,1kcz
1j4o,h,zbo
1j4p,h,w28
1j4q,h,uz6
1j4r,h,n3c
1j4s,h,12d3
1j4t,h,6fk
1j4u,h,oav
1j4v,m,1j4u
1j4w,h,6fk
1j4x,h,1j4t
1j4z,h,1g39
1j50,h,1kqz
1j51,h,cvw
1j52,h,tn4
1j53,h,13p
1j54,h,1gyo
1j55,s,p2c
1j55,s,c17
1j55,s,17rm
1j55,s,jor
1j55,s,ume
1j55,s,t1v
1j56,s,1i17
1j57,s,r20
1j59,h,1j4u
1j5a,h,14lz
1j5b,h,6fk
1j5b,m,jsb
1j5c,h,xmc
1j5d,h,xmc
1j5e,h,1b3j
1j5f,m,35g
1j5f,m,mw
1j5g,h,1a54
1j5i,h,1104
1j5k,h,13d5
1j5n,h,qsm
1j5o,s,ya5
1j5r,h,nrj
1j5s,s,14ko
1j5t,m,175a
1j5t,m,1kx9
1j5t,m,uot
1j5t,m,5mr
1j5t,m,11n1
1j5t,m,yo0
1j5t,m,rsn
1j5t,m,rsj
1j5t,m,l51
1j5t,m,137d
1j5t,m,132a
1j5t,m,17dd
1j5w,h,1j4e
1j5x,h,e5t
1j5y,h,uc9
1j60,h,1qp
1j61,h,bc2
1j62,h,11k5
1j63,m,1bwb
1j65,s,1d8k
1j66,h,v0s
1j68,h,wab
1j69,h,vu9
1j6a,h,1eoo
1j6b,h,14te
1j6c,h,z07
1j6d,s,15jr
1j6e,s,iaz
1j6g,h,mka
1j6h,h,x5w
1j6i,h,mka
1j6j,h,1ano
1j6k,h,xmd
1j6l,s,pv7
1j6l,s,pv5
1j6m,h,nq7
1j6n,h,p27
1j6o,s,dvs
1j6q,h,way
1j6r,h,16jg
1j6t,h,188m
1j6u,h,hru
1j6v,h,2mm
1j6w,h,jw6
1j6x,h,r5q
1j73,h,15gz
1j74,h,bni
1j75,h,ue9
1j76,h,117c
1j77,h,15bb
1j78,h,1fsa
1j79,h,1k8j
1j7a,h,117c
1j7b,m,wqz
1j7c,m,rue
1j7f,h,184b
1j7g,h,a3m
1j7h,s,9u9
1j7h,s,us8
1j7h,s,10j9
1j7h,s,z65
1j7h,s,1evx
1j7h,s,wb7
1j7h,s,1j3c
1j7h,s,vwk
1j7i,s,1062
1j7j,s,3qe
1j7m,h,mmo
1j7n,h,pql
1j7o,h,19bn
1j7p,h,isq
1j7q,h,11k5
1j7r,h,r18
1j7s,h,vw0
1j7t,h,vvy
1j7u,h,vw0
1j7v,h,vw0
1j7w,h,1g3t
1j7x,h,vvo
1j7z,h,5af
1j80,h,zb
1j81,h,7ng
1j82,h,1j7s
1j83,h,1j7s
1j84,h,1ggj
1j86,s,i5e
1j87,h,2fg
1j88,h,pqg
1j89,h,11dh
1j8b,h,pqo
1j8c,h,1joh
1j8d,h,pqo
1j8e,h,91u
1j8f,h,11d9
1j8h,s,iaz
1j8i,s,1fo
1j8j,h,zoc
1j8l,h,4z7
1j8m,h,ht0
1j8o,h,91u
1j8p,h,1d48
1j8r,h,yxh
1j8t,h,1j8s
1j8u,h,3vn
1j8v,h,3vn
1j8w,h,3vn
1j8x,h,3vn
1j8y,h,2c8
1j90,h,2c8
1j92,h,1j91
1j94,h,d8u
1j95,h,16h
1j97,m,1j4j
1j97,m,xkq
1j97,m,ms8
1j9a,h,1be3
1j9b,h,xxy
1j9c,h,91u
1j9d,h,91v
1j9e,h,g1
1j9f,h,1df2
1j9g,h,3gs
1j9h,h,8j
1j9j,s,jen
1j9n,h,hp6
1j9p,s,a2g
1j9r,h,hsv
1j9s,h,91u
1j9u,h,fr8
1j9v,h,zig
1j9w,h,5g4
1j9y,h,l15
1j9z,h,z8s
1ja1,h,1kki
1ja3,h,aj8
1ja4,h,l2v
1ja7,s,ufu
1ja8,h,xlw
1jab,h,1agv
1jac,h,1423
1jad,h,1ehk
1jai,h,z0r
1jak,h,u0p
1jal,h,1eoo
1jam,h,as
1jan,h,1bkk
1jao,h,azh
1jap,h,1bkn
1jaq,h,vre
1jar,h,azh
1jas,h,1ah6
1jav,h,iw5
1jaw,h,1423
1jax,h,1evj
1jaz,h,139n
1jb0,h,qc
1jb1,h,1bo1
1jb2,s,hnc
1jb3,h,hnh
1jb4,h,8yt
1jb5,h,j2h
1jb7,s,1kdh
1jb9,h,1dik
1jba,s,925
1jbc,h,rk4
1jbd,h,91u
1jbf,s,1i9b
1jbg,s,j0t
1jbh,h,m1b
1jbi,h,ffl
1jbl,h,xc5
1jbl,m,1jbh
1jbm,h,m1s
1jbq,h,j4x
1jbr,h,9kk
1jbs,s,1kal
1jbt,h,16xr
1jbu,h,fox
1jbv,h,olh
1jbw,h,ffs
1jbx,h,12f0
1jby,h,1iku
1jc0,h,461
1jc2,m,wbl
1jc2,m,wgu
1jc7,h,4np
1jc9,h,w7i
1jca,s,98n
1jcb,h,vrp
1jcc,h,14e3
1jcd,h,vrp
1jch,s,t0j
1jcj,s,1kab
1jcj,s,l6d
1jcj,s,1hf7
1jcj,s,1i2e
1jcl,h,1bf4
1jcm,h,19ik
1jcn,h,1klm
1jco,h,qnf
1jcp,h,im
1jcq,h,1kkz
1jcr,h,19cz
1jcu,h,1h0r
1jcx,h,1104
1jcy,h,65p
1jcz,h,61b
1jd0,h,iwr
1jd0,h,1615
1jd1,h,in1
1jd4,h,d83
1jd5,h,d86
1jd6,h,oez
1jd8,h,16bx
1jd9,h,13oz
1jda,h,ffw
1jdb,h,9kk
1jdd,h,60z
1jdf,h,9m3
1jdg,h,iw6
1jdh,h,iw6
1jdj,h,1jdh
1jdk,h,9vh
1jdl,s,blt
1jdm,h,1f4k
1jdn,h,1dpx
1jdo,h,bfd
1jdp,h,1dvb
1jdq,h,g0u
1jdr,h,1ip
1jdt,h,3aa
1jdu,h,12hs
1jdv,h,m8q
1jdw,h,11rp
1jdx,h,tjc
1jdz,h,s20
1je0,h,1gg7
1je1,h,1ggj
1je2,h,1bto
1je3,h,10nt
1je4,h,1bkn
1je5,h,17df
1je7,h,13uj
1je8,h,91v
1je9,h,13ue
1jeb,h,ea8
1jed,h,doy
1jee,h,1jt8
1jef,s,36o
1jef,s,b6m
1jef,s,qbq
1jef,s,119d
1jef,s,1fgg
1jef,s,1hsx
1jef,s,e7e
1jef,s,quw
1jef,s,hqm
1jeg,s,1dz7
1jeh,s,1jsq
1jem,h,5hs
1jen,h,jn5
1jen,m,x2s
1jen,m,srd
1jen,m,a7f
1jen,m,1ihy
1jep,h,qmc
1jeq,h,tjc
1jes,h,1bd1
1jes,h,1kib
1jeu,h,vlw
1jev,h,lmc
1jex,h,1jgz
1jez,h,n8q
1jf0,h,1jgu
1jf2,h,10xi
1jf3,h,c1o
1jf4,h,6n5
1jf5,h,7n5
1jf6,h,keq
1jf7,h,5vn
1jf8,h,p9a
1jf9,h,14j
1jfa,h,rxc
1jfc,h,bm6
1jfd,s,p9c
1jfg,h,xlw
1jfi,h,kod
1jfl,h,gku
1jfm,h,1kpt
1jfo,h,xmz
1jfp,h,1a64
1jfq,h,urh
1jfr,h,9fw
1jft,h,d4r
1jfu,h,xcm
1jfu,h,1brt
1jfv,h,d4w
1jfx,h,1jfj
1jfy,h,10ic
1jfz,h,10ic
1jg0,h,1jhm
1jg1,h,2si
1jg2,h,q2w
1jg4,h,im
1jg5,h,1kkz
1jg8,h,11k5
1jg9,s,15j1
1jga,h,1jg7
1jgc,h,1jrc
1jgd,h,1j3i
1jgf,h,1b0
1jgh,h,924
1jgi,h,1jgm
1jgk,h,3hd
1jgl,h,11k5
1jgm,h,blp
1jgn,s,3sh
1jgo,h,192o
1jgp,h,qrd
1jgq,h,5z0
1jgr,m,86z
1jgr,m,19lt
1jgr,m,4a1
1jgr,m,1e1g
1jgr,m,21s
1jgr,m,ybb
1jgr,m,1jyp
1jgs,h,1j2h
1jgt,s,a8t
1jgu,h,u8e
1jgu,m,1099
1jgv,h,8bo
1jgw,h,1gg5
1jgx,h,10zo
1jgy,h,lmb
1jgz,h,1gg6
1jh0,h,ce
1jh1,h,18qj
1jh2,h,1ggp
1jh3,h,12f0
1jh4,h,4xq
1jh5,h,bnp
1jh6,h,109b
1jh7,h,b22
1jh8,h,1gg6
1jh9,h,87y
1jha,h,1g3s
1jhb,h,1pg
1jhc,h,1jgw
1jhf,h,1a0a
1jhg,h,l30
1jhh,h,l30
1jhi,h,1cp4
1jhj,h,1d5z
1jhk,h,147n
1jhm,h,10tw
1jhm,m,83c
1jhm,m,1jfy
1jhm,m,nyg
1jhm,m,2qg
1jhm,m,11yj
1jhm,m,cio
1jhm,m,g6j
1jhm,m,10ii
1jhn,h,yzp
1jho,h,1d2i
1jhp,h,f4l
1jhq,h,m1b
1jhr,h,t7e
1jhs,h,jnn
1jht,h,146u
1jhu,h,15od
1jhv,h,s92
1jhz,h,1klm
1ji0,h,5z1
1ji2,h,8f4
1ji3,h,1czk
1ji5,h,ki1
1ji6,h,ki1
1ji8,h,4yz
1ji9,h,l70
1jia,h,idb
1jib,h,5vj
1jic,h,m4i
1jid,h,om1
1jie,h,1ke1
1jig,h,3u4
1jih,h,qha
1jii,h,xdt
1jij,h,j13
1jik,h,ecy
1jil,h,10kf
1jim,h,ckb
1jin,h,kpa
1jip,h,1kiy
1jiq,m,1jio
1jit,h,123k
1jj0,h,doi
1jj1,h,don
1jj2,h,xdt
1jj3,h,1ed
1jj4,h,4q8
1jj5,s,1hae
1jj6,h,1a87
1jj7,h,17fy
1jj8,h,6l5
1jj9,h,13u7
1jja,h,1ggj
1jjb,h,1gg5
1jjc,h,1ii1
1jjd,h,e42
1jje,h,e42
1jjf,h,bx0
1jjg,h,fs
1jji,h,e3y
1jjk,h,4pe
1jjl,h,18yz
1jjm,h,eev
1jjn,h,wps
1jjo,s,cqo
1jjo,s,p2g
1jjo,s,1bka
1jjp,h,11k5
1jjq,h,19cz
1jjr,h,u42
1jjs,h,1bvb
1jjt,h,986
1jju,h,in
1jjw,h,e5t
1jjx,h,wer
1jjx,m,13q
1jjx,m,4ny
1jjx,m,asr
1jjy,h,p28
1jjz,h,bfu
1jk0,h,7ue
1jk1,h,bt1
1jk2,h,xbv
1jk3,h,1a64
1jk4,h,1a64
1jk6,h,1agv
1jk7,h,1ah6
1jkb,h,11k5
1jkd,h,5t3
1jkh,h,t6i
1jki,h,132u
1jkj,h,t6i
1jkk,h,liv
1jkl,h,anb
1jkm,h,anb
1jko,h,30v
1jkp,h,1cyj
1jkq,h,1cyi
1jkr,h,1kly
1jks,h,2b6
1jkt,h,iut
1jkw,h,9ug
1jkx,s,weo
1jky,h,1kgd
1jl0,s,1jl8
1jl0,s,1jlb
1jl0,s,ukc
1jl1,s,o1l
1jl1,s,c5q
1jl2,s,p2d
1jl3,s,u47
1jl4,s,1hff
1jl5,s,y0d
1jl6,h,91v
1jl7,h,91u
1jl8,s,1jl0
1jla,h,uh7
1jlb,s,1jl0
1jle,h,p3c
1jlf,h,qnf
1jlg,h,15vd
1jlh,h,zn9
1jli,h,qnf
1jlk,h,azp
1jll,h,qo1
1jlm,h,1ewf
1jln,h,fu6
1jlo,h,fu7
1jlp,h,1fg5
1jlq,h,500
1jlr,h,1jsa
1jls,s,cyu
1jlu,h,1kq6
1jlv,h,1940
1jlw,h,15pa
1jlx,h,deg
1jm0,h,7dh
1jm1,h,16o8
1jm2,m,151a
1jm3,h,lpm
1jm4,h,11k5
1jm5,h,19y9
1jm7,h,76j
1jm8,h,pvu
1jm9,h,5qf
1jm9,h,sco
1jma,h,1e4p
1jmb,h,1fon
1jmd,s,1a7e
1jme,h,oav
1jmf,h,bc1
1jmh,h,1kkw
1jmh,m,17a4
1jmj,h,1jpl
1jml,h,19hw
1jmm,h,a29
1jmn,h,a1p
1jmo,h,xds
1jmp,h,4pe
1jmq,h,1cfd
1jmr,h,19dw
1jms,h,ckb
1jmt,h,16ed
1jmu,h,i7c
1jmv,h,a29
1jmw,h,l7z
1jmy,h,1aid
1jmz,h,4k0
1jn0,h,ews
1jn1,h,1478
1jn3,h,dti
1jn4,s,a18
1jn5,s,1k03
1jn6,h,1klm
1jn7,h,18xy
1jn9,h,1jn6
1jna,h,t5e
1jnb,m,829
1jnb,m,m24
1jnc,m,190d
1jnc,m,18h0
1jnc,m,1b3l
1jnc,m,22
1jnc,m,ma
1jnc,m,zcl
1jnc,m,1kss
1jnc,m,1c26
1jnc,m,503
1jnc,m,arj
1jnc,m,1iov
1jnc,m,1edu
1jnj,h,1qp
1jnk,h,1qp
1jnl,h,n1f
1jnn,h,1fus
1jno,h,liv
1jnp,h,1gur
1jnq,h,1jmh
1jnq,h,a21
1jnr,h,1jn6
1jns,h,1k4a
1jns,h,147t
1jnt,h,pfg
1jnu,h,14ie
1jnv,h,e3z
1jnw,h,uf1
1jnx,h,vlw
1jny,h,kh
1jnz,h,ii
1jo0,h,1ij4
1jo1,h,1ij2
1jo2,h,ffb
1jo3,h,17tv
1jo4,h,ht7
1jo5,h,exk
1jo6,s,izy
1jo6,s,1hos
1jo7,s,ess
1jo9,h,bs4
1joa,h,13vi
1job,h,1foy
1job,m,j32
1job,m,d5l
1job,m,xe7
1joc,h,19wk
1jod,h,1dyk
1joe,h,1fon
1jog,h,99n
1joh,h,1jof
1jol,h,48j
1jom,h,e6w
1joo,h,11k5
1jop,h,3hm
1joq,h,3hu
1jor,h,uz6
1jos,h,n5s
1jot,h,1g4e
1jou,h,u0a
1jov,h,hf0
1jow,h,u08
1jow,h,kp3
1jow,h,yxf
1jox,h,1k08
1joy,h,1duw
1joz,h,192f
1jp0,h,jw9
1jp1,h,38x
1jp3,h,a7t
1jp4,h,1fus
1jp5,h,1ik7
1jp6,h,jgu
1jp7,h,pjt
1jp8,h,twq
1jpb,h,12gl
1jpc,h,xbc
1jpd,h,1c3i
1jpe,h,j3y
1jpe,m,16nh
1jpf,h,1gg5
1jpg,h,fy9
1jph,s,wsr
1jpi,s,106
1jpj,h,28w
1jpl,h,10dd
1jpn,h,11zo
1jpo,h,10de
1jpp,h,10d9
1jpq,h,10cw
1jpr,h,92j
1jps,h,1jsb
1jpt,h,cob
1jpu,h,cum
1jpv,h,cun
1jpx,h,61a
1jq2,h,1k0d
1jq3,h,1k0f
1jq4,h,16px
1jq5,h,twq
1jq7,h,e6a
1jq9,h,vdc
1jqa,h,vy8
1jqa,m,1jqb
1jqb,h,vy7
1jqc,h,1398
1jqd,h,j2h
1jqe,h,18y0
1jqf,h,146z
1jqg,h,aem
1jqi,h,twq
1jqj,h,4ac
1jqk,h,1g0r
1jql,h,bdb
1jqm,s,1fmu
1jqp,h,61a
1jqq,h,1k19
1jqr,h,1k19
1jqr,m,73g
1jqs,h,1km1
1jqt,s,1k03
1jqu,s,u07
1jqv,s,f7i
1jqw,h,1evl
1jr3,h,8ed
1jr4,h,l30
1jr5,h,92
1jr6,h,bqa
1jr7,h,r8p
1jrc,h,xe4
1jrd,h,xak
1jre,h,xe4
1jrf,h,17b4
1jrg,h,m3x
1jrh,h,net
1jri,h,ddf
1jrj,h,1ju4
1jrk,h,1kib
1jrk,h,16nf
1jrl,h,ghp
1jrm,h,1jre
1jrn,h,bd9
1jro,h,fsv
1jrp,h,zpw
1jrq,h,azp
1jrr,h,xak
1jrs,h,1e4y
1jrt,h,cll
1jru,h,1hpp
1jrv,s,dc4
1jrw,h,tjc
1jrx,h,tzo
1jry,h,ckb
1jrz,h,q9q
1js0,h,q9q
1js3,s,aqz
1js5,h,2k0
1js6,h,q9m
1js8,h,h7v
1js9,h,bc2
1jsa,h,cim
1jsb,h,31c
1jsb,m,1jsp
1jsc,h,s20
1jsd,h,fsv
1jse,h,9kj
1jsf,h,8lo
1jsg,h,19r2
1jsi,h,1168
1jsj,h,1ggj
1jsk,h,1gg5
1jso,h,1d96
1jsp,h,h4r
1jsq,s,rw3
1jsq,s,14jy
1jsq,s,kdg
1jsq,s,w2
1jsq,s,jkr
1jsq,s,1jsz
1jsq,s,j65
1jsq,s,1jeh
1jsq,s,xsd
1jsq,s,10eu
1jsq,s,202
1jsr,s,gaa
1jss,s,1i8o
1jst,s,165t
1jsu,s,139m
1jsv,s,j92
1jsw,s,1dce
1jsx,h,91u
1jsy,h,e42
1jsz,s,1jsq
1jt0,h,1gbh
1jt1,h,e41
1jt2,s,wui
1jt4,m,1jt3
1jt5,h,11k5
1jt8,h,143k
1jt9,h,wod
1jta,h,13g7
1jtb,h,chq
1jtd,h,8e
1jtf,h,143j
1jtg,h,en6
1jth,h,ic5
1jtj,h,1dj3
1jtk,h,qyu
1jtl,h,11la
1jtm,h,1jtk
1jtn,h,91u
1jto,s,1hav
1jtp,h,qz5
1jtp,m,1jtk
1jtq,h,eu2
1jtr,h,ii
1jtt,h,nv9
1jtu,h,nv9
1jtv,h,eu1
1jtw,h,nv9
1jtx,h,t2e
1jty,h,ghd
1ju0,h,1ijd
1ju1,h,11k5
1ju2,h,xnh
1ju3,s,1kmx
1ju5,h,e9w
1ju6,h,t9w
1ju7,h,182r
1ju8,h,dzo
1ju9,h,1jue
1jub,h,w7e
1juc,s,146w
1jud,h,142i
1juf,h,eqm
1juf,m,1jlp
1juf,m,1kk2
1jug,h,1h4b
1jui,h,1gg6
1juj,h,coi
1jul,h,nki
1jum,h,yzp
1jun,h,1gfb
1juo,h,j2h
1jup,h,vyq
1juq,h,1juh
1jur,h,f17
1jus,h,1f65
1jut,h,b73
1juw,s,10gq
1jux,h,1jum
1juy,h,1elz
1juz,h,j2h
1jv1,m,vpb
1jv7,h,1eto
1jvb,h,8lu
1jvc,s,vf3
1jvd,h,8w4
1jve,h,10uj
1jve,m,n1a
1jve,m,6sj
1jve,m,n1e
1jve,m,6si
1jvg,h,1gk2
1jvh,h,rhy
1jvj,h,xds
1jvk,h,o57
1jvl,h,1a0a
1jvl,m,1jvk
1jvn,h,137r
1jvo,h,1jw1
1jvp,h,1fod
1jvq,s,gxx
1jvs,h,48j
1jvt,h,16ed
1jvx,h,ls6
1jvz,h,1fon
1jvz,m,1jw2
1jw0,h,1fon
1jw0,m,wcu
1jw0,m,1kmc
1jw2,h,1fon
1jw2,m,1dqo
1jw2,m,18dy
1jw3,h,1bva
1jw4,h,1ilj
1jw5,h,42d
1jw6,s,uba
1jw7,h,19gd
1jw8,s,11gr
1jw9,h,ydu
1jwa,h,1hrz
1jwb,h,xcm
1jwc,s,1esi
1jwd,h,4w8
1jwe,h,gvy
1jwf,h,vrt
1jwg,h,14tr
1jwh,h,cfe
1jwi,h,18ho
1jwj,h,z8s
1jwk,h,ioi
1jwn,h,pyg
1jwo,h,31c
1jwp,h,zka
1jwq,h,ai0
1jwr,h,1hwy
1jws,s,q5
1jwu,h,61d
1jwv,h,3e6
1jwx,s,o36
1jx3,h,dn0
1jx4,h,jnn
1jx5,s,1d16
1jx7,h,156x
1jx8,h,1e4o
1jxa,h,as
1jxb,h,mxv
1jxc,h,af
1jxd,h,mxq
1jxe,h,15nu
1jxf,s,p1c
1jxh,h,rzu
1jxi,h,rzl
1jxj,h,1hx8
1jxk,h,coi
1jxl,h,jf4
1jxm,h,37d
1jxn,s,bn8
1jxp,s,1rj
1jxq,s,db6
1jxq,s,3cq
1jxr,h,ikw
1jxs,h,1izm
1jxt,h,1bln
1jxu,h,19oc
1jxv,h,b1i
1jy9,s,vr
1jya,h,1dwy
1jyb,h,zqk
1jyc,h,1460
1jyf,h,4x9
1jyg,h,1d96
1jyl,h,72l
1jym,h,8n1
1jyn,h,997
1jyo,h,fkh
1jyp,h,ifo
1jyq,h,18yf
1jyr,h,mn
1jys,h,132s
1jyv,h,1jwr
1jyw,h,6gx
1jyx,h,1kph
1jyy,h,13su
1jyz,h,nbm
1jz1,h,kxb
1jz2,h,1gg6
1jz6,h,w81
1jz8,s,1jzx
1jz8,s,1jzs
1jz8,s,1jzk
1jz8,s,1k01
1jz8,s,1jzn
1jz9,m,ifl
1jzb,m,ypz
1jzb,m,1bn8
1jzc,h,fc5
1jzg,h,u7f
1jzi,m,96g
1jzi,m,x6x
1jzi,m,pav
1jzi,m,x1j
1jzi,m,9yx
1jzi,m,1k1m
1jzi,m,ji0
1jzi,m,137d
1jzi,m,s8x
1jzj,h,1kbn
1jzk,s,1jz8
1jzn,s,1jz8
1jzo,s,z3r
1jzp,s,yq6
1jzp,s,1bnf
1jzp,s,wcx
1jzq,h,jjc
1jzr,h,189i
1jzs,s,1jz8
1jzu,h,o8x
1jzv,h,qpb
1jzw,h,38q
1jzx,s,1jz8
1k01,s,1jz8
1k03,s,1jqt
1k03,s,172p
1k03,s,1cm5
1k03,s,9xf
1k03,s,dnz
1k03,s,4uq
1k03,s,1a4t
1k03,s,15ym
1k03,s,61w
1k03,s,p8o
1k03,s,1eds
1k03,s,1jn5
1k03,s,gjr
1k03,s,1crd
1k03,s,1awk
1k03,s,wr8
1k03,s,1baz
1k03,s,xgb
1k06,s,l7t
1k07,s,1ch
1k08,h,91u
1k09,h,uz1
1k0a,h,xta
1k0b,h,19u1
1k0c,h,swy
1k0d,h,bc2
1k0e,h,1kly
1k0h,h,1bkn
1k0i,h,olj
1k0j,s,1frc
1k0k,h,1fcm
1k0m,s,t0j
1k0n,h,8xn
1k0o,h,pai
1k0q,h,oyz
1k0r,h,vco
1k0s,h,19y9
1k0t,h,16zi
1k0u,h,4sc
1k0v,h,olh
1k0w,h,3gs
1k0x,h,1duw
1k0y,h,1cyi
1k0z,h,glz
1k10,h,x4w
1k11,h,jkp
1k13,h,8vp
1k14,h,mpy
1k15,h,1fis
1k18,h,11l8
1k19,h,ur2
1k19,m,1797
1k19,m,jmm
1k1a,h,krc
1k1b,h,o7a
1k1c,h,171e
1k1d,h,1ged
1k1e,h,1gg6
1k1g,h,1ged
1k1h,h,fsv
1k1i,h,8yw
1k1l,h,vbd
1k1n,h,1450
1k1o,h,1kpt
1k1p,h,6qe
1k1q,h,18m0
1k1r,h,6q5
1k1s,h,18xq
1k1u,h,1b3i
1k1v,h,m9b
1k1x,h,u7f
1k1z,h,vrg
1k20,h,4ei
1k21,h,f97
1k22,h,1csw
1k23,h,19rv
1k24,h,1cwn
1k25,h,19hj
1k28,h,1d6e
1k29,h,5vv
1k2b,h,1ehk
1k2c,h,huh
1k2c,h,tmg
1k2d,h,1dvb
1k2e,h,12s6
1k2f,h,1fod
1k2g,h,b34
1k2h,h,zbf
1k2i,h,1gg6
1k2j,h,uz3
1k2k,h,b30
1k2m,h,17es
1k2n,h,qyu
1k2n,m,t1q
1k2n,m,cz8
1k2n,m,1cur
1k2o,h,tev
1k2p,h,es6
1k2q,h,kc9
1k2r,h,5vj
1k2s,h,c0z
1k2t,h,1d63
1k2u,h,c5f
1k2v,h,j2h
1k2w,h,qrd
1k2x,h,9sj
1k2y,h,myz
1k2z,h,4t7
1k30,h,mh8
1k31,h,997
1k32,h,18g0
1k35,h,1bkn
1k36,h,xe4
1k38,h,17lw
1k39,h,xdt
1k3a,h,1bxr
1k3b,h,dce
1k3c,h,1kcq
1k3d,s,yit
1k3e,h,1bks
1k3f,h,1gg6
1k3g,h,wsf
1k3h,h,6z9
1k3i,h,6un
1k3j,h,1gg6
1k3k,h,1ken
1k3l,h,4si
1k3m,h,nem
1k3n,h,u0p
1k3o,h,1brx
1k3p,h,1ehk
1k3q,s,1ict
1k3r,h,1brt
1k3s,h,86o
1k3t,h,1bkn
1k3u,h,1abc
1k3v,h,1kbv
1k3x,h,1bks
1k3y,h,1gg6
1k3z,h,azc
1k40,h,xds
1k41,h,1bks
1k42,h,1ab6
1k43,h,qnn
1k45,h,1abh
1k46,h,xly
1k49,s,8na
1k4a,h,11k5
1k4j,h,v3q
1k4k,s,14kp
1k4l,s,cl0
1k4m,s,1970
1k4n,s,p2a
1k4o,s,mk8
1k4p,s,f7i
1k4q,s,aqz
1k4r,s,tr6
1k4s,h,twe
1k4t,h,abl
1k4u,h,cxz
1k4w,h,12z1
1k4x,h,18e7
1k4y,h,kll
1k4z,h,g3c
1k50,h,odd
1k52,h,1jrc
1k53,h,abq
1k54,h,18xq
1k56,m,1k55
1k5b,h,5qf
1k5d,h,fgm
1k5e,h,b47
1k5g,h,nw6
1k5h,h,e6a
1k5i,h,1jmg
1k5j,h,a3i
1k5k,h,cki
1k5l,h,1jms
1k5m,h,hl
1k5n,s,10d5
1k5o,h,1k4a
1k5s,m,1k5q
1k5t,m,1k5p
1k5u,s,g0
1k5z,h,18zg
1k5z,m,11bk
1k62,h,df9
1k63,h,1bkn
1k64,h,1bks
1k65,s,hya
1k65,s,1hnu
1k65,s,u46
1k65,s,r0q
1k67,h,b8r
1k67,m,10si
1k68,h,yzp
1k68,m,10sf
1k68,m,192w
1k69,h,yrs
1k6a,h,hye
1k6d,h,mkr
1k6e,h,198v
1k6h,h,198n
1k6i,s,186b
1k6i,s,1fj
1k6i,s,zon
1k6i,s,o0a
1k6i,s,o1m
1k6j,s,o08
1k6l,h,14te
1k6n,h,d4n
1k6o,h,1a3y
1k6p,h,16yj
1k6q,h,1e1d
1k6s,h,cp9
1k6t,h,1c72
1k6u,h,tok
1k6w,h,1kkz
1k6x,h,kxb
1k6y,h,b6h
1k6z,h,75x
1k70,h,deg
1k71,h,121k
1k72,h,15l6
1k73,h,d83
1k74,h,16br
1k76,h,10br
1k77,h,7lg
1k79,h,7lh
1k7a,h,c5f
1k7b,h,c5f
1k7c,s,y2u
1k7c,s,o3d
1k7c,s,k6u
1k7c,s,qqj
1k7c,s,rj1
1k7c,s,ij5
1k7e,h,1kiy
1k7f,h,1kkx
1k7i,h,lu1
1k7j,h,zhp
1k7j,m,1dbt
1k7k,h,u8w
1k7l,s,zgn
1k7m,s,1hyx
1k7n,s,4qu
1k7n,s,1e2x
1k7n,s,5hk
1k7n,s,e5i
1k7o,s,aus
1k7t,s,1tu
1k7u,s,q2j
1k7y,h,q9q
1k7z,h,91u
1k80,h,q9r
1k81,h,1k8c
1k82,h,q9n
1k84,s,lxk
1k85,h,gpe
1k86,h,1kib
1k87,h,tbh
1k88,s,1i0e
1k89,h,v3k
1k8c,h,f7y
1k8d,h,nv8
1k8e,h,v72
1k8j,h,1c4i
1k8j,h,1kib
1k8l,h,nf3
1k8m,h,9fi
1k8o,h,xak
1k8p,h,11k5
1k8q,h,t16
1k8r,s,xee
1k8s,h,chz
1k8t,h,uz6
1k8u,h,6lf
1k8v,h,1ab6
1k8w,h,u8w
1k8x,s,l79
1k8x,s,edg
1k8x,s,936
1k8y,s,1ho2
1k8y,s,job
1k8y,s,1hdc
1k8z,h,1cj7
1k91,s,10ws
1k92,s,1hh3
1k93,h,1e4p
1k93,m,1h1r
1k97,h,1gi7
1k97,m,vv1
1k98,h,1j4u
1k99,h,8im
1k9a,s,1i91
1k9b,s,iuh
1k9c,h,zaa
1k9d,h,zaf
1k9h,h,fjt
1k9k,h,13y4
1k9l,h,bft
1k9m,h,1k9o
1k9m,h,21i
1k9n,h,5hm
1k9o,h,12bp
1k9p,h,159y
1k9q,h,tpd
1k9u,h,10wp
1k9v,h,1i6p
1k9w,h,ra7
1ka3,h,14m6
1ka4,h,tdt
1ka4,m,ahr
1ka5,h,zmv
1ka6,h,e0k
1kaa,h,1eph
1kab,s,1jcj
1kak,h,h51
1kal,s,fpw
1kal,s,15j4
1kal,s,bm4
1kal,s,ma0
1kal,s,1jbs
1kan,h,fpx
1kap,h,1gi7
1kb6,h,1jt1
1kb7,h,1jsy
1kb8,h,dzo
1kb9,h,17rs
1kbb,h,1jt5
1kbd,h,nya
1kbe,h,1j2h
1kbh,h,1cip
1kbi,h,mzt
1kbk,h,14gk
1kbm,h,1775
1kbn,h,1ju4
1kbo,h,qn8
1kbp,h,ior
1kbq,h,1ehf
1kbr,h,17m0
1kbs,h,4pe
1kbt,h,xds
1kbu,h,1fmz
1kbv,h,xm8
1kbv,m,xdk
1kbv,m,4zl
1kbw,h,gd8
1kbx,h,f0d
1kby,h,ivq
1kbz,h,e93
1kc0,h,o4i
1kc1,h,1klm
1kc7,s,7rx
1kc8,h,wfn
1kc9,h,lyl
1kc9,m,5nb
1kca,h,l30
1kca,m,18cg
1kca,m,10ib
1kca,m,8g6
1kca,m,xhc
1kca,m,1kch
1kcb,h,zhp
1kcc,h,10ic
1kcd,h,zhi
1kce,h,1fon
1kcf,h,zhp
1kcg,h,fpg
1kch,h,10ib
1kcj,h,zia
1kck,h,1adn
1kcl,h,18tg
1kcp,h,gvy
1kcp,m,h69
1kcp,m,m1y
1kcp,m,m1z
1kcp,m,hgn
1kcq,h,1cyn
1kcr,h,1dx1
1kcs,s,qq9
1kct,s,vsd
1kcu,s,1ih4
1kcv,h,fc5
1kcw,h,1a8i
1kcy,s,jel
1kcz,h,1cf
1kd1,h,gjd
1kd2,h,163a
1kd3,h,mav
1kd3,m,19qf
1kd4,h,1g6s
1kd5,h,fto
1kd7,h,1aoa
1kd8,h,zoc
1kd8,m,kd7
1kd8,m,4l9
1kd9,h,18v
1kd9,m,17g
1kd9,m,k85
1kd9,m,1745
1kda,h,1cbw
1kdb,m,1c7m
1kdd,h,132r
1kdf,h,o7u
1kdg,h,1kd8
1kdh,s,1kdm
1kdh,s,1jb7
1kdh,s,1av
1kdh,s,1bb
1kdh,s,1230
1kdh,s,4o8
1kdi,s,jel
1kdj,h,1a64
1kdk,h,3e6
1kdl,s,kdb
1kdm,s,1kdh
1kdn,h,1214
1kdo,h,vre
1kdp,h,qw9
1kdq,h,fsx
1kdr,h,fsx
1kdt,h,m3s
1kdu,h,1dvi
1kdv,h,11k5
1kdw,h,5ri
1kdy,s,1ia0
1kdz,h,1aj7
1ke0,h,1aj6
1ke1,h,btk
1ke2,h,lp2
1ke3,h,1dka
1ke7,h,19e5
1ke8,h,1aaa
1ke9,h,jau
1kea,h,16ed
1kec,s,3is
1kee,h,18zh
1kee,m,wd0
1kef,h,1bva
1keg,h,oav
1keh,h,55p
1kei,h,k5l
1kej,s,711
1kem,s,1ep7
1ken,h,17q1
1keo,h,6y
1kep,h,1bxc
1keq,h,1klm
1ker,h,bru
1kes,h,tqp
1ket,h,bd9
1kev,h,i5a
1kew,h,jey
1kex,h,1d6r
1key,s,75b
1key,s,bkf
1kez,s,6dp
1kf1,h,1eux
1kf2,h,u72
1kf4,h,re9
1kf5,h,u1d
1kf6,h,y7d
1kf7,h,9sy
1kfa,s,nf8
1kfc,m,1dsu
1kfc,m,1jrb
1kfc,m,1525
1kfc,m,2jr
1kfc,m,ut0
1kfc,m,1jqn
1kfc,m,1kfb
1kfc,m,wh9
1kfd,h,1qp
1kfe,h,bt4
1kff,h,1g8v
1kfh,h,mkb
1kfj,s,11l3
1kfj,s,18ai
1kfj,s,1g5
1kfj,s,107j
1kfj,s,1825
1kfk,h,v7k
1kfn,h,1igq
1kfo,m,47s
1kfo,m,8gc
1kfp,h,16cz
1kfq,h,awi
1kfs,h,5j5
1kft,h,er3
1kfu,h,16ll
1kfv,h,13g8
1kfw,h,er6
1kfx,h,er6
1kfy,h,iw5
1kfz,h,er6
1kg0,h,zna
1kg1,h,mxq
1kg2,h,lie
1kg4,h,1gw3
1kg6,h,10ah
1kg7,h,kfi
1kg7,m,1b5n
1kg8,s,1fc9
1kg9,h,1j4e
1kgb,h,ubx
1kgc,h,w52
1kge,h,1bj1
1kgf,h,13a6
1kgh,h,1gg6
1kgi,h,16ed
1kgj,h,16vy
1kgk,h,16ea
1kgl,h,ekp
1kgm,h,qe8
1kgn,h,16ea
1kgo,h,19e9
1kgp,h,1f27
1kgq,h,48n
1kgr,h,6l5
1kgv,h,ejo
1kgw,h,say
1kgx,h,1djt
1kgy,h,16ui
1kh0,h,11d9
1kh0,h,1brt
1kh1,h,1f4p
1kh2,h,1abu
1kh3,h,11k5
1kh4,h,1jof
1kh5,h,isr
1kh6,h,r1c
1khb,s,p9c
1khd,h,vfa
1khe,h,vfa
1khf,h,1duw
1khg,h,gvd
1khh,h,oav
1khi,h,xe4
1khj,h,xdt
1khk,h,1fcj
1khl,s,1i9k
1khm,h,1544
1khq,s,1bjj
1khs,h,10hi
1kht,h,chq
1khu,h,7x7
1khx,h,1kih
1khy,h,h0u
1ki3,h,p3i
1ki5,h,wiu
1ki6,h,gt
1ki8,h,wiu
1kia,h,xnh
1kib,h,jn0
1kib,h,tk
1kic,h,jn0
1kid,h,tz
1kie,h,9zd
1kif,h,132u
1kig,s,1i08
1kih,h,tn4
1kih,h,v3k
1kii,h,11c5
1kii,m,1kie
1kij,h,jnb
1kik,s,vng
1kil,h,vfx
1kim,h,c9f
1kio,h,3bk
1kip,h,nne
1kiq,h,14x9
1kir,h,9e7
1kis,h,15hj
1kiu,h,swz
1kix,h,im
1kj3,h,mjg
1kj4,h,204
1kj5,h,mq6
1kj6,h,151a
1kj6,m,151b
1kj7,h,85d
1kj8,h,oum
1kj9,h,re0
1kjb,h,1kjy
1kjd,h,iso
1kje,h,cob
1kjf,h,hus
1kjg,h,hut
1kjh,h,srl
1kji,s,ktv
1kji,s,6kn
1kji,s,1kjs
1kji,s,s5z
1kji,s,6b1
1kji,s,2px
1kji,s,102s
1kji,s,1e6z
1kji,s,1fo6
1kji,s,18ry
1kji,s,17w8
1kjj,s,1kk0
1kjk,s,3tg
1kjl,h,14te
1kjm,h,rn3
1kjo,h,1209
1kjq,h,19tv
1kjr,h,17wx
1kjs,s,1kji
1kjv,h,6za
1kjw,h,1kbv
1kjx,h,1kkx
1kjy,h,coi
1kjz,h,1kmr
1kk0,s,4vg
1kk0,s,348
1kk0,s,5hh
1kk0,s,yym
1kk0,s,1kjj
1kk0,s,tt0
1kk1,s,noa
1kk2,h,1fg5
1kk3,h,ufz
1kk4,h,j2h
1kk6,h,aee
1kkb,s,nf8
1kkc,h,xds
1kkd,h,ro6
1kkh,h,18e7
1kki,m,z3
1kki,m,1e6r
1kkj,h,1cjh
1kkk,h,zmz
1kkl,m,7j3
1kkm,h,fyh
1kkn,h,19bx
1kko,h,epp
1kkp,h,14ou
1kkq,h,kx9
1kkr,h,1bub
1kks,h,syj
1kkt,h,1kqf
1kkw,h,kh
1kkx,h,13vw
1kky,h,hsx
1kl1,h,1dk6
1kl2,h,1gbc
1kl3,h,1kkz
1kl4,h,mgc
1kl5,h,xds
1kl6,h,1ij2
1kl7,h,4pe
1kl8,h,zi2
1kl9,h,v3u
1kla,h,1csw
1klb,h,84b
1klc,h,xds
1kld,h,4u4
1kle,h,ul
1klf,h,krf
1klf,m,19wm
1klf,m,lq9
1klg,h,b6r
1klh,h,bs4
1kli,h,1kmb
1klj,h,66v
1klk,h,1jw1
1kll,h,dtk
1kll,m,19wk
1klm,h,11k5
1kln,h,qum
1klo,h,uqz
1klp,h,ozx
1klq,h,12yb
1klr,h,rrp
1kls,h,ikw
1klt,s,hmy
1klu,s,139z
1klv,s,pwf
1klw,s,zip
1klx,h,hn4
1kly,h,hn0
1klz,s,b2h
1km0,h,1kkx
1km2,h,17jj
1km3,h,kh
1km4,h,vso
1km5,h,19ug
1km7,h,1km1
1km8,h,cij
1km9,h,1bo2
1kmb,h,1ecf
1kmd,h,9zd
1kme,h,isp
1kmf,h,10sg
1kmg,h,oso
1kmg,h,n3b
1kmg,m,11c5
1kmi,h,1cj9
1kmm,h,zzy
1kmn,h,11k5
1kmo,s,vm6
1kmo,s,vm0
1kmo,s,h39
1kmo,s,xj9
1kmp,h,b90
1kmq,s,r3k
1kmr,h,re0
1kmu,h,18tx
1kmv,h,op3
1kmx,s,1fj9
1kmx,s,1epe
1kmx,s,127
1kmx,s,18ve
1kmx,s,156c
1kmx,s,4nl
1kmx,s,l4n
1kmx,s,v60
1kmx,s,1fg9
1kmx,s,1ixf
1kmx,s,1ju3
1kmx,s,i7d
1kmx,s,crh
1kmx,s,g1k
1kmx,s,x9x
1kmx,s,1a1t
1kmy,h,1c41
1kn0,h,1c25
1kn1,h,2e5
1kn3,h,wi7
1kn4,h,11li
1kn5,h,q5x
1kn6,h,17q1
1kn7,h,14j
1kn9,s,1knf
1knb,h,412
1knd,h,924
1kne,h,91u
1knf,s,1kn9
1kni,h,kh
1knj,h,ugl
1knk,h,16z3
1knl,h,3h6
1knm,h,r8
1knn,s,t2d
1knn,s,6cn
1kno,h,16t2
1knp,h,ij4
1knq,h,3h4
1kns,h,4sa
1knt,h,j2h
1knu,h,1fg5
1knv,h,oav
1knw,h,v25
1kny,h,14te
1ko0,s,1inr
1ko2,h,mkb
1ko3,s,mk5
1ko3,s,8ye
1ko3,s,1io5
1ko3,s,y3r
1ko3,s,yv6
1ko3,s,17qh
1ko3,s,zuz
1ko4,h,14te
1ko5,h,rcd
1ko6,s,1ko7
1ko7,s,150l
1ko7,s,ct2
1ko7,s,1io4
1ko7,s,ys5
1ko7,s,io2
1ko7,s,1int
1ko7,s,w3g
1ko7,s,2jh
1ko7,s,17zz
1ko7,s,1ko6
1ko7,s,eqf
1ko8,h,pyk
1ko9,s,k4g
1koa,h,qrd
1kob,h,11l0
1koc,h,fui
1kod,h,dn6
1koe,s,ak8
1kof,h,11c5
1kog,s,6jm
1koh,h,pzu
1koi,h,190j
1koj,h,esr
1kok,h,obf
1kol,h,dxy
1kom,h,a7j
1kon,h,189i
1kon,m,1g1f
1koo,h,ckb
1kop,h,cq8
1koq,h,ls6
1kos,h,cl3
1kou,h,lje
1kow,s,22f
1koz,h,e3g
1kp0,h,r8p
1kp1,h,e2j
1kp2,h,19y9
1kp3,h,10sf
1kp4,s,esk
1kp5,h,srl
1kp7,h,10wf
1kp8,h,qrd
1kp9,m,rue
1kpa,h,14gm
1kpb,h,1kqh
1kpc,h,197n
1kpd,h,1d9e
1kpe,h,4nz
1kpf,h,bmz
1kpg,h,bt1
1kph,h,ast
1kpj,h,16k9
1kpl,h,fgq
1kpm,h,ql9
1kpt,h,coi
1kpu,h,1h4b
1kpv,h,1c8r
1kpx,h,emw
1kpy,h,f4k
1kpz,h,w7v
1kq0,h,kn0
1kq2,m,8ay
1kq3,h,48j
1kq4,h,48j
1kq5,h,1job
1kq6,h,tdt
1kq8,h,azc
1kq9,h,cam
1kqa,h,azc
1kqb,h,1g5h
1kqc,h,15sh
1kqe,h,1kq8
1kqf,h,azp
1kqg,h,u29
1kqh,h,xdt
1kqj,m,i2f
1kqk,h,z7d
1kqm,h,kh
1kqn,h,iwk
1kqo,s,dcv
1kqo,s,ubv
1kqo,s,quh
1kqo,s,huv
1kqo,s,nll
1kqo,s,1a2x
1kqo,s,msj
1kqo,s,oq7
1kqo,s,3z6
1kqp,s,aht
1kqr,s,4ii
1kqr,s,bba
1kqr,s,woh
1kqs,s,1kr3
1kqt,h,qri
1kqu,h,qrg
1kqv,s,q0v
1kqw,s,qvp
1kqx,h,1ght
1kqz,h,kh
1kr0,s,1hyx
1kr1,s,1hye
1kr3,s,1kqs
1kr5,h,pt3
1kr6,s,cyu
1kr8,h,1kjn
1kr9,h,9hj
1krb,h,wiu
1krg,m,5bv
1krg,m,8gd
1krg,m,t0a
1krg,m,sxa
1krg,m,1kve
1krg,m,rqj
1krg,m,1b3l
1krg,m,9ee
1krg,m,mwr
1kri,h,gdm
1krj,h,tjc
1krk,h,185n
1kro,h,8ap
1krq,h,17es
1krr,h,9c7
1krt,s,10f
1krw,h,wiu
1krx,s,1ks0
1kry,h,pkn
1krz,h,11t8
1ks0,s,1krx
1ks1,h,gop
1ks2,h,c4k
1ks3,h,gtg
1ks4,h,10m
1ks7,h,tjc
1ksa,m,1e69
1kse,m,1g5w
1ksf,h,1bfy
1ksg,h,tjc
1ksh,h,1izl
1ksi,h,5zn
1ksj,h,1830
1ksk,h,1ehk
1ksp,h,1ehf
1ksq,h,107s
1ksr,h,azc
1kst,h,1gz8
1ksu,h,1gz9
1ksv,h,lql
1ksw,h,zpc
1kt1,h,1gv4
1kt2,h,1j4e
1kt2,m,1kt1
1kt7,h,oo4
1kt8,h,1kt9
1kt9,h,oo3
1kta,h,13qz
1ktc,h,14gk
1ktd,h,1qp
1kte,h,1qp
1ktf,s,ypq
1ktg,h,14h0
1kth,m,kpj
1kti,h,jsq
1ktj,h,1g6f
1ktk,h,1g6f
1ktl,h,1g6f
1ktm,h,1bph
1ktm,m,1ktp
1ktn,h,hp6
1kto,h,fsv
1ktp,h,hq2
1ktr,h,1kbj
1kts,h,lql
1ktt,h,1g8t
1ktu,h,srl
1ktv,h,1g8t
1ktv,h,fom
1ktw,h,1cfl
1ktx,h,17sg
1kty,h,1ew9
1ktz,h,fu
1ku0,h,32a
1ku1,h,oo4
1ku2,h,1kyr
1ku3,h,1h0r
1ku4,h,ewl
1ku5,h,1e45
1ku8,h,1615
1ku9,h,6q5
1kua,h,11k5
1kub,s,zgm
1kuc,s,zgn
1kud,h,17df
1kuf,h,1ef5
1kuh,h,yz
1kuj,h,1fon
1kuk,h,1fon
1kul,h,1fon
1kul,m,x3n
1kul,m,18zh
1kum,h,66v
1kun,h,151q
1kuo,h,1297
1kup,s,uba
1kuq,h,87w
1kur,h,tbj
1kus,h,lhs
1kuu,s,cs8
1kuw,h,1a3x
1kux,h,d4n
1kuy,h,kcr
1kv0,s,9of
1kv1,s,zb6
1kv2,s,fky
1kv3,h,fgm
1kv4,h,u0f
1kv5,h,mwo
1kv6,h,s1v
1kv8,h,1gxb
1kv9,h,7a7
1kva,h,6zu
1kvb,h,1233
1kvd,h,189f
1kvf,h,1b4c
1kvg,h,rpt
1kvi,h,1kiy
1kvj,h,1gi7
1kvk,h,4f2
1kvl,m,188g
1kvl,m,o6
1kvl,m,1kvn
1kvn,h,2oe
1kvq,m,19as
1kvs,h,61e
1kvt,h,l5u
1kvu,h,9zd
1kvy,h,yz
1kvz,h,9e
1kw0,h,dtg
1kw1,h,10x9
1kw6,h,1kiy
1kw7,h,bj4
1kw8,h,m2w
1kw9,h,13vw
1kwa,h,1duw
1kwc,h,lm2
1kwe,h,ag
1kwf,s,fzo
1kwg,s,1bbf
1kwh,s,b6l
1kwi,h,13qz
1kwj,h,d4q
1kwk,h,1f09
1kwl,h,d4n
1kwm,h,1agv
1kwn,h,ojc
1kwo,h,iod
1kwp,h,11qp
1kwq,h,kp4
1kwr,h,j2h
1kws,h,zk9
1kwt,h,10di
1kwu,h,1dv4
1kwv,h,bkm
1kww,h,1cb4
1kwx,h,rzl
1kwy,h,3g4
1kwz,h,3g4
1kx0,h,17wx
1kx3,h,kp3
1kx5,s,ft2
1kx6,h,10x9
1kx7,h,17py
1kx7,h,gvy
1kxb,h,ydq
1kxc,h,sqa
1kxh,s,gy3
1kxh,s,1kxu
1kxh,s,yar
1kxh,s,s67
1kxh,s,qk7
1kxh,s,9ga
1kxh,s,u3e
1kxh,s,m85
1kxh,s,1ky0
1kxh,s,1eyu
1kxh,s,13mt
1kxh,s,6hb
1kxh,s,s2
1kxi,h,239
1kxq,h,124
1kxr,s,ya5
1kxs,h,s7r
1kxt,s,s61
1kxu,s,1kxh
1kxw,m,ry
1kxw,m,5uy
1kxx,h,vo5
1kxy,h,1fon
1ky0,s,1kxh
1ky2,h,1a58
1ky7,h,w63
1ky8,h,w63
1kya,h,gvy
1kyb,m,w31
1kyd,h,vpf
1kye,h,vpe
1kyf,h,1a64
1kyg,h,9hj
1kyh,h,ifo
1kyk,m,10lk
1kym,m,skz
1kym,m,dtf
1kym,m,u9m
1kym,m,1k5c
1kyn,h,oo4
1kyp,h,1kyr
1kyr,h,oo3
1kyt,h,13x2
1kyu,h,gv7
1kyv,h,tjc
1kyw,h,es6
1kz0,m,1j27
1kz1,m,uml
1kz1,m,1kz0
1kz1,m,1j27
1kz1,m,1kz3
1kz3,h,10m
1kz4,h,dhh
1kz6,h,abq
1kz8,h,c3d
1kz9,h,ii1
1kza,h,xz
1kzb,h,sfx
1kze,h,qdg
1kzh,m,c79
1kzi,h,2sa
1kzj,m,1kzk
1kzk,h,dox
1kzl,h,rwq
1kzn,h,i54
1kzo,h,1kiy
1kzp,h,1gi7
1kzq,h,6j8
1kzt,h,1bz6
1kzu,h,746
1kzv,h,747
1l00,h,wiu
1l05,h,f5v
1l08,s,872
1l09,s,yh1
1l0a,s,znp
1l0b,h,pz
1l0c,h,pz
1l0d,h,18zj
1l0e,s,1bza
1l0f,h,tjc
1l0g,h,1gqe
1l0j,h,gvy
1l0n,h,1exk
1l0o,h,22t
1l0q,s,cyu
1l0r,h,1gg6
1l0s,s,872
1l0t,m,1kz0
1l0t,m,nnp
1l0t,m,766
1l0t,m,1j27
1l0t,m,1l0v
1l0v,h,10m
1l0w,h,w63
1l0x,h,aef
1l0y,h,wiu
1l0z,h,1j4j
1l11,h,1bkn
1l12,h,16cz
1l13,m,m7a
1l14,m,1l13
1l14,m,daw
1l15,h,ki1
1l17,h,12rb
1l18,h,xe5
1l1b,h,rwq
1l1c,h,ahi
1l1d,h,jey
1l1e,h,wiu
1l1f,h,w63
1l1g,h,108b
1l1i,h,10xf
1l1j,m,n26
1l1k,h,164d
1l1k,m,835
1l1k,m,1aba
1l1k,m,2ns
1l1k,m,1epv
1l1k,m,182e
1l1k,m,7w4
1l1k,m,lx6
1l1k,m,2ug
1l1k,m,thg
1l1k,m,125o
1l1k,m,ik5
1l1k,m,tna
1l1k,m,1j63
1l1k,m,18qx
1l1l,h,ezl
1l1p,h,1bz8
1l1q,h,ebd
1l1r,h,dv7
1l1s,h,oh5
1l1v,h,1fzp
1l1x,h,164d
1l1y,h,1d99
1l1z,h,166f
1l20,h,fyp
1l21,m,1k47
1l22,h,zou
1l25,h,5g4
1l26,h,5g5
1l27,h,1ggf
1l28,h,1gg6
1l2b,h,10nt
1l2c,h,re0
1l2d,h,239
1l2e,h,1c3b
1l2h,h,ffw
1l2i,h,16br
1l2j,m,h6p
1l2k,h,mt1
1l2m,h,vf6
1l2m,m,1l2n
1l2o,h,10m
1l2r,h,14f6
1l2u,h,1fsw
1l2v,h,65p
1l2y,h,8r4
